name,nationalDexNum,types,stats
Bulbasaur,1,"['Grass', 'Poison']","{'HP': '45', 'Attack': '49', 'Defense': '49', 'Sp. Atk': '65', 'Sp. Def': '65', 'Speed': '45', 'Total': '318'}"
Ivysaur,2,"['Grass', 'Poison']","{'HP': '60', 'Attack': '62', 'Defense': '63', 'Sp. Atk': '80', 'Sp. Def': '80', 'Speed': '60', 'Total': '405'}"
Venusaur,3,"['Grass', 'Poison']","{'HP': '80', 'Attack': '82', 'Defense': '83', 'Sp. Atk': '100', 'Sp. Def': '100', 'Speed': '80', 'Total': '525'}"
Charmander,4,['Fire'],"{'HP': '39', 'Attack': '52', 'Defense': '43', 'Sp. Atk': '60', 'Sp. Def': '50', 'Speed': '65', 'Total': '309'}"
Charmeleon,5,['Fire'],"{'HP': '58', 'Attack': '64', 'Defense': '58', 'Sp. Atk': '80', 'Sp. Def': '65', 'Speed': '80', 'Total': '405'}"
Charizard,6,"['Fire', 'Flying']","{'HP': '78', 'Attack': '84', 'Defense': '78', 'Sp. Atk': '109', 'Sp. Def': '85', 'Speed': '100', 'Total': '534'}"
Squirtle,7,['Water'],"{'HP': '44', 'Attack': '48', 'Defense': '65', 'Sp. Atk': '50', 'Sp. Def': '64', 'Speed': '43', 'Total': '314'}"
Wartortle,8,['Water'],"{'HP': '59', 'Attack': '63', 'Defense': '80', 'Sp. Atk': '65', 'Sp. Def': '80', 'Speed': '58', 'Total': '405'}"
Blastoise,9,['Water'],"{'HP': '79', 'Attack': '83', 'Defense': '100', 'Sp. Atk': '85', 'Sp. Def': '105', 'Speed': '78', 'Total': '530'}"
Caterpie,10,['Bug'],"{'HP': '45', 'Attack': '30', 'Defense': '35', 'Sp. Atk': '20', 'Sp. Def': '20', 'Speed': '45', 'Total': '195'}"
Metapod,11,['Bug'],"{'HP': '50', 'Attack': '20', 'Defense': '55', 'Sp. Atk': '25', 'Sp. Def': '25', 'Speed': '30', 'Total': '205'}"
Butterfree,12,"['Bug', 'Flying']","{'HP': '60', 'Attack': '45', 'Defense': '50', 'Sp. Atk': '90', 'Sp. Def': '80', 'Speed': '70', 'Total': '395'}"
Weedle,13,"['Bug', 'Poison']","{'HP': '40', 'Attack': '35', 'Defense': '30', 'Sp. Atk': '20', 'Sp. Def': '20', 'Speed': '50', 'Total': '195'}"
Kakuna,14,"['Bug', 'Poison']","{'HP': '45', 'Attack': '25', 'Defense': '50', 'Sp. Atk': '25', 'Sp. Def': '25', 'Speed': '35', 'Total': '205'}"
Beedrill,15,"['Bug', 'Poison']","{'HP': '65', 'Attack': '90', 'Defense': '40', 'Sp. Atk': '45', 'Sp. Def': '80', 'Speed': '75', 'Total': '395'}"
Pidgey,16,"['Normal', 'Flying']","{'HP': '40', 'Attack': '45', 'Defense': '40', 'Sp. Atk': '35', 'Sp. Def': '35', 'Speed': '56', 'Total': '251'}"
Pidgeotto,17,"['Normal', 'Flying']","{'HP': '63', 'Attack': '60', 'Defense': '55', 'Sp. Atk': '50', 'Sp. Def': '50', 'Speed': '71', 'Total': '349'}"
Pidgeot,18,"['Normal', 'Flying']","{'HP': '83', 'Attack': '80', 'Defense': '75', 'Sp. Atk': '70', 'Sp. Def': '70', 'Speed': '101', 'Total': '479'}"
Rattata,19,['Normal'],"{'HP': '30', 'Attack': '56', 'Defense': '35', 'Sp. Atk': '25', 'Sp. Def': '35', 'Speed': '72', 'Total': '253'}"
Raticate,20,['Normal'],"{'HP': '55', 'Attack': '81', 'Defense': '60', 'Sp. Atk': '50', 'Sp. Def': '70', 'Speed': '97', 'Total': '413'}"
Spearow,21,"['Normal', 'Flying']","{'HP': '40', 'Attack': '60', 'Defense': '30', 'Sp. Atk': '31', 'Sp. Def': '31', 'Speed': '70', 'Total': '262'}"
Fearow,22,"['Normal', 'Flying']","{'HP': '65', 'Attack': '90', 'Defense': '65', 'Sp. Atk': '61', 'Sp. Def': '61', 'Speed': '100', 'Total': '442'}"
Ekans,23,['Poison'],"{'HP': '35', 'Attack': '60', 'Defense': '44', 'Sp. Atk': '40', 'Sp. Def': '54', 'Speed': '55', 'Total': '288'}"
Arbok,24,['Poison'],"{'HP': '60', 'Attack': '95', 'Defense': '69', 'Sp. Atk': '65', 'Sp. Def': '79', 'Speed': '80', 'Total': '448'}"
Pikachu,25,['Electric'],"{'HP': '35', 'Attack': '55', 'Defense': '40', 'Sp. Atk': '50', 'Sp. Def': '50', 'Speed': '90', 'Total': '320'}"
Raichu,26,['Electric'],"{'HP': '60', 'Attack': '90', 'Defense': '55', 'Sp. Atk': '90', 'Sp. Def': '80', 'Speed': '110', 'Total': '485'}"
Sandshrew,27,['Ground'],"{'HP': '50', 'Attack': '75', 'Defense': '85', 'Sp. Atk': '20', 'Sp. Def': '30', 'Speed': '40', 'Total': '300'}"
Sandslash,28,['Ground'],"{'HP': '75', 'Attack': '100', 'Defense': '110', 'Sp. Atk': '45', 'Sp. Def': '55', 'Speed': '65', 'Total': '450'}"
Nidoran♀ (female),29,['Poison'],"{'HP': '55', 'Attack': '47', 'Defense': '52', 'Sp. Atk': '40', 'Sp. Def': '40', 'Speed': '41', 'Total': '275'}"
Nidorina,30,['Poison'],"{'HP': '70', 'Attack': '62', 'Defense': '67', 'Sp. Atk': '55', 'Sp. Def': '55', 'Speed': '56', 'Total': '365'}"
Nidoqueen,31,"['Poison', 'Ground']","{'HP': '90', 'Attack': '92', 'Defense': '87', 'Sp. Atk': '75', 'Sp. Def': '85', 'Speed': '76', 'Total': '505'}"
Nidoran♂ (male),32,['Poison'],"{'HP': '46', 'Attack': '57', 'Defense': '40', 'Sp. Atk': '40', 'Sp. Def': '40', 'Speed': '50', 'Total': '273'}"
Nidorino,33,['Poison'],"{'HP': '61', 'Attack': '72', 'Defense': '57', 'Sp. Atk': '55', 'Sp. Def': '55', 'Speed': '65', 'Total': '365'}"
Nidoking,34,"['Poison', 'Ground']","{'HP': '81', 'Attack': '102', 'Defense': '77', 'Sp. Atk': '85', 'Sp. Def': '75', 'Speed': '85', 'Total': '505'}"
Clefairy,35,['Fairy'],"{'HP': '70', 'Attack': '45', 'Defense': '48', 'Sp. Atk': '60', 'Sp. Def': '65', 'Speed': '35', 'Total': '323'}"
Clefable,36,['Fairy'],"{'HP': '95', 'Attack': '70', 'Defense': '73', 'Sp. Atk': '95', 'Sp. Def': '90', 'Speed': '60', 'Total': '483'}"
Vulpix,37,['Fire'],"{'HP': '38', 'Attack': '41', 'Defense': '40', 'Sp. Atk': '50', 'Sp. Def': '65', 'Speed': '65', 'Total': '299'}"
Ninetales,38,['Fire'],"{'HP': '73', 'Attack': '76', 'Defense': '75', 'Sp. Atk': '81', 'Sp. Def': '100', 'Speed': '100', 'Total': '505'}"
Jigglypuff,39,"['Normal', 'Fairy']","{'HP': '115', 'Attack': '45', 'Defense': '20', 'Sp. Atk': '45', 'Sp. Def': '25', 'Speed': '20', 'Total': '270'}"
Wigglytuff,40,"['Normal', 'Fairy']","{'HP': '140', 'Attack': '70', 'Defense': '45', 'Sp. Atk': '85', 'Sp. Def': '50', 'Speed': '45', 'Total': '435'}"
Zubat,41,"['Poison', 'Flying']","{'HP': '40', 'Attack': '45', 'Defense': '35', 'Sp. Atk': '30', 'Sp. Def': '40', 'Speed': '55', 'Total': '245'}"
Golbat,42,"['Poison', 'Flying']","{'HP': '75', 'Attack': '80', 'Defense': '70', 'Sp. Atk': '65', 'Sp. Def': '75', 'Speed': '90', 'Total': '455'}"
Oddish,43,"['Grass', 'Poison']","{'HP': '45', 'Attack': '50', 'Defense': '55', 'Sp. Atk': '75', 'Sp. Def': '65', 'Speed': '30', 'Total': '320'}"
Gloom,44,"['Grass', 'Poison']","{'HP': '60', 'Attack': '65', 'Defense': '70', 'Sp. Atk': '85', 'Sp. Def': '75', 'Speed': '40', 'Total': '395'}"
Vileplume,45,"['Grass', 'Poison']","{'HP': '75', 'Attack': '80', 'Defense': '85', 'Sp. Atk': '110', 'Sp. Def': '90', 'Speed': '50', 'Total': '490'}"
Paras,46,"['Bug', 'Grass']","{'HP': '35', 'Attack': '70', 'Defense': '55', 'Sp. Atk': '45', 'Sp. Def': '55', 'Speed': '25', 'Total': '285'}"
Parasect,47,"['Bug', 'Grass']","{'HP': '60', 'Attack': '95', 'Defense': '80', 'Sp. Atk': '60', 'Sp. Def': '80', 'Speed': '30', 'Total': '405'}"
Venonat,48,"['Bug', 'Poison']","{'HP': '60', 'Attack': '55', 'Defense': '50', 'Sp. Atk': '40', 'Sp. Def': '55', 'Speed': '45', 'Total': '305'}"
Venomoth,49,"['Bug', 'Poison']","{'HP': '70', 'Attack': '65', 'Defense': '60', 'Sp. Atk': '90', 'Sp. Def': '75', 'Speed': '90', 'Total': '450'}"
Diglett,50,['Ground'],"{'HP': '10', 'Attack': '55', 'Defense': '25', 'Sp. Atk': '35', 'Sp. Def': '45', 'Speed': '95', 'Total': '265'}"
Dugtrio,51,['Ground'],"{'HP': '35', 'Attack': '100', 'Defense': '50', 'Sp. Atk': '50', 'Sp. Def': '70', 'Speed': '120', 'Total': '425'}"
Meowth,52,['Normal'],"{'HP': '40', 'Attack': '45', 'Defense': '35', 'Sp. Atk': '40', 'Sp. Def': '40', 'Speed': '90', 'Total': '290'}"
Persian,53,['Normal'],"{'HP': '65', 'Attack': '70', 'Defense': '60', 'Sp. Atk': '65', 'Sp. Def': '65', 'Speed': '115', 'Total': '440'}"
Psyduck,54,['Water'],"{'HP': '50', 'Attack': '52', 'Defense': '48', 'Sp. Atk': '65', 'Sp. Def': '50', 'Speed': '55', 'Total': '320'}"
Golduck,55,['Water'],"{'HP': '80', 'Attack': '82', 'Defense': '78', 'Sp. Atk': '95', 'Sp. Def': '80', 'Speed': '85', 'Total': '500'}"
Mankey,56,['Fighting'],"{'HP': '40', 'Attack': '80', 'Defense': '35', 'Sp. Atk': '35', 'Sp. Def': '45', 'Speed': '70', 'Total': '305'}"
Primeape,57,['Fighting'],"{'HP': '65', 'Attack': '105', 'Defense': '60', 'Sp. Atk': '60', 'Sp. Def': '70', 'Speed': '95', 'Total': '455'}"
Growlithe,58,['Fire'],"{'HP': '55', 'Attack': '70', 'Defense': '45', 'Sp. Atk': '70', 'Sp. Def': '50', 'Speed': '60', 'Total': '350'}"
Arcanine,59,['Fire'],"{'HP': '90', 'Attack': '110', 'Defense': '80', 'Sp. Atk': '100', 'Sp. Def': '80', 'Speed': '95', 'Total': '555'}"
Poliwag,60,['Water'],"{'HP': '40', 'Attack': '50', 'Defense': '40', 'Sp. Atk': '40', 'Sp. Def': '40', 'Speed': '90', 'Total': '300'}"
Poliwhirl,61,['Water'],"{'HP': '65', 'Attack': '65', 'Defense': '65', 'Sp. Atk': '50', 'Sp. Def': '50', 'Speed': '90', 'Total': '385'}"
Poliwrath,62,"['Water', 'Fighting']","{'HP': '90', 'Attack': '95', 'Defense': '95', 'Sp. Atk': '70', 'Sp. Def': '90', 'Speed': '70', 'Total': '510'}"
Abra,63,['Psychic'],"{'HP': '25', 'Attack': '20', 'Defense': '15', 'Sp. Atk': '105', 'Sp. Def': '55', 'Speed': '90', 'Total': '310'}"
Kadabra,64,['Psychic'],"{'HP': '40', 'Attack': '35', 'Defense': '30', 'Sp. Atk': '120', 'Sp. Def': '70', 'Speed': '105', 'Total': '400'}"
Alakazam,65,['Psychic'],"{'HP': '55', 'Attack': '50', 'Defense': '45', 'Sp. Atk': '135', 'Sp. Def': '95', 'Speed': '120', 'Total': '500'}"
Machop,66,['Fighting'],"{'HP': '70', 'Attack': '80', 'Defense': '50', 'Sp. Atk': '35', 'Sp. Def': '35', 'Speed': '35', 'Total': '305'}"
Machoke,67,['Fighting'],"{'HP': '80', 'Attack': '100', 'Defense': '70', 'Sp. Atk': '50', 'Sp. Def': '60', 'Speed': '45', 'Total': '405'}"
Machamp,68,['Fighting'],"{'HP': '90', 'Attack': '130', 'Defense': '80', 'Sp. Atk': '65', 'Sp. Def': '85', 'Speed': '55', 'Total': '505'}"
Bellsprout,69,"['Grass', 'Poison']","{'HP': '50', 'Attack': '75', 'Defense': '35', 'Sp. Atk': '70', 'Sp. Def': '30', 'Speed': '40', 'Total': '300'}"
Weepinbell,70,"['Grass', 'Poison']","{'HP': '65', 'Attack': '90', 'Defense': '50', 'Sp. Atk': '85', 'Sp. Def': '45', 'Speed': '55', 'Total': '390'}"
Victreebel,71,"['Grass', 'Poison']","{'HP': '80', 'Attack': '105', 'Defense': '65', 'Sp. Atk': '100', 'Sp. Def': '70', 'Speed': '70', 'Total': '490'}"
Tentacool,72,"['Water', 'Poison']","{'HP': '40', 'Attack': '40', 'Defense': '35', 'Sp. Atk': '50', 'Sp. Def': '100', 'Speed': '70', 'Total': '335'}"
Tentacruel,73,"['Water', 'Poison']","{'HP': '80', 'Attack': '70', 'Defense': '65', 'Sp. Atk': '80', 'Sp. Def': '120', 'Speed': '100', 'Total': '515'}"
Geodude,74,"['Rock', 'Ground']","{'HP': '40', 'Attack': '80', 'Defense': '100', 'Sp. Atk': '30', 'Sp. Def': '30', 'Speed': '20', 'Total': '300'}"
Graveler,75,"['Rock', 'Ground']","{'HP': '55', 'Attack': '95', 'Defense': '115', 'Sp. Atk': '45', 'Sp. Def': '45', 'Speed': '35', 'Total': '390'}"
Golem,76,"['Rock', 'Ground']","{'HP': '80', 'Attack': '120', 'Defense': '130', 'Sp. Atk': '55', 'Sp. Def': '65', 'Speed': '45', 'Total': '495'}"
Ponyta,77,['Fire'],"{'HP': '50', 'Attack': '85', 'Defense': '55', 'Sp. Atk': '65', 'Sp. Def': '65', 'Speed': '90', 'Total': '410'}"
Rapidash,78,['Fire'],"{'HP': '65', 'Attack': '100', 'Defense': '70', 'Sp. Atk': '80', 'Sp. Def': '80', 'Speed': '105', 'Total': '500'}"
Slowpoke,79,"['Water', 'Psychic']","{'HP': '90', 'Attack': '65', 'Defense': '65', 'Sp. Atk': '40', 'Sp. Def': '40', 'Speed': '15', 'Total': '315'}"
Slowbro,80,"['Water', 'Psychic']","{'HP': '95', 'Attack': '75', 'Defense': '110', 'Sp. Atk': '100', 'Sp. Def': '80', 'Speed': '30', 'Total': '490'}"
Magnemite,81,"['Electric', 'Steel']","{'HP': '25', 'Attack': '35', 'Defense': '70', 'Sp. Atk': '95', 'Sp. Def': '55', 'Speed': '45', 'Total': '325'}"
Magneton,82,"['Electric', 'Steel']","{'HP': '50', 'Attack': '60', 'Defense': '95', 'Sp. Atk': '120', 'Sp. Def': '70', 'Speed': '70', 'Total': '465'}"
Farfetch'd,83,"['Normal', 'Flying']","{'HP': '52', 'Attack': '90', 'Defense': '55', 'Sp. Atk': '58', 'Sp. Def': '62', 'Speed': '60', 'Total': '377'}"
Doduo,84,"['Normal', 'Flying']","{'HP': '35', 'Attack': '85', 'Defense': '45', 'Sp. Atk': '35', 'Sp. Def': '35', 'Speed': '75', 'Total': '310'}"
Dodrio,85,"['Normal', 'Flying']","{'HP': '60', 'Attack': '110', 'Defense': '70', 'Sp. Atk': '60', 'Sp. Def': '60', 'Speed': '110', 'Total': '470'}"
Seel,86,['Water'],"{'HP': '65', 'Attack': '45', 'Defense': '55', 'Sp. Atk': '45', 'Sp. Def': '70', 'Speed': '45', 'Total': '325'}"
Dewgong,87,"['Water', 'Ice']","{'HP': '90', 'Attack': '70', 'Defense': '80', 'Sp. Atk': '70', 'Sp. Def': '95', 'Speed': '70', 'Total': '475'}"
Grimer,88,['Poison'],"{'HP': '80', 'Attack': '80', 'Defense': '50', 'Sp. Atk': '40', 'Sp. Def': '50', 'Speed': '25', 'Total': '325'}"
Muk,89,['Poison'],"{'HP': '105', 'Attack': '105', 'Defense': '75', 'Sp. Atk': '65', 'Sp. Def': '100', 'Speed': '50', 'Total': '500'}"
Shellder,90,['Water'],"{'HP': '30', 'Attack': '65', 'Defense': '100', 'Sp. Atk': '45', 'Sp. Def': '25', 'Speed': '40', 'Total': '305'}"
Cloyster,91,"['Water', 'Ice']","{'HP': '50', 'Attack': '95', 'Defense': '180', 'Sp. Atk': '85', 'Sp. Def': '45', 'Speed': '70', 'Total': '525'}"
Gastly,92,"['Ghost', 'Poison']","{'HP': '30', 'Attack': '35', 'Defense': '30', 'Sp. Atk': '100', 'Sp. Def': '35', 'Speed': '80', 'Total': '310'}"
Haunter,93,"['Ghost', 'Poison']","{'HP': '45', 'Attack': '50', 'Defense': '45', 'Sp. Atk': '115', 'Sp. Def': '55', 'Speed': '95', 'Total': '405'}"
Gengar,94,"['Ghost', 'Poison']","{'HP': '60', 'Attack': '65', 'Defense': '60', 'Sp. Atk': '130', 'Sp. Def': '75', 'Speed': '110', 'Total': '500'}"
Onix,95,"['Rock', 'Ground']","{'HP': '35', 'Attack': '45', 'Defense': '160', 'Sp. Atk': '30', 'Sp. Def': '45', 'Speed': '70', 'Total': '385'}"
Drowzee,96,['Psychic'],"{'HP': '60', 'Attack': '48', 'Defense': '45', 'Sp. Atk': '43', 'Sp. Def': '90', 'Speed': '42', 'Total': '328'}"
Hypno,97,['Psychic'],"{'HP': '85', 'Attack': '73', 'Defense': '70', 'Sp. Atk': '73', 'Sp. Def': '115', 'Speed': '67', 'Total': '483'}"
Krabby,98,['Water'],"{'HP': '30', 'Attack': '105', 'Defense': '90', 'Sp. Atk': '25', 'Sp. Def': '25', 'Speed': '50', 'Total': '325'}"
Kingler,99,['Water'],"{'HP': '55', 'Attack': '130', 'Defense': '115', 'Sp. Atk': '50', 'Sp. Def': '50', 'Speed': '75', 'Total': '475'}"
Voltorb,100,['Electric'],"{'HP': '40', 'Attack': '30', 'Defense': '50', 'Sp. Atk': '55', 'Sp. Def': '55', 'Speed': '100', 'Total': '330'}"
Electrode,101,['Electric'],"{'HP': '60', 'Attack': '50', 'Defense': '70', 'Sp. Atk': '80', 'Sp. Def': '80', 'Speed': '150', 'Total': '490'}"
Exeggcute,102,"['Grass', 'Psychic']","{'HP': '60', 'Attack': '40', 'Defense': '80', 'Sp. Atk': '60', 'Sp. Def': '45', 'Speed': '40', 'Total': '325'}"
Exeggutor,103,"['Grass', 'Psychic']","{'HP': '95', 'Attack': '95', 'Defense': '85', 'Sp. Atk': '125', 'Sp. Def': '75', 'Speed': '55', 'Total': '530'}"
Cubone,104,['Ground'],"{'HP': '50', 'Attack': '50', 'Defense': '95', 'Sp. Atk': '40', 'Sp. Def': '50', 'Speed': '35', 'Total': '320'}"
Marowak,105,['Ground'],"{'HP': '60', 'Attack': '80', 'Defense': '110', 'Sp. Atk': '50', 'Sp. Def': '80', 'Speed': '45', 'Total': '425'}"
Hitmonlee,106,['Fighting'],"{'HP': '50', 'Attack': '120', 'Defense': '53', 'Sp. Atk': '35', 'Sp. Def': '110', 'Speed': '87', 'Total': '455'}"
Hitmonchan,107,['Fighting'],"{'HP': '50', 'Attack': '105', 'Defense': '79', 'Sp. Atk': '35', 'Sp. Def': '110', 'Speed': '76', 'Total': '455'}"
Lickitung,108,['Normal'],"{'HP': '90', 'Attack': '55', 'Defense': '75', 'Sp. Atk': '60', 'Sp. Def': '75', 'Speed': '30', 'Total': '385'}"
Koffing,109,['Poison'],"{'HP': '40', 'Attack': '65', 'Defense': '95', 'Sp. Atk': '60', 'Sp. Def': '45', 'Speed': '35', 'Total': '340'}"
Weezing,110,['Poison'],"{'HP': '65', 'Attack': '90', 'Defense': '120', 'Sp. Atk': '85', 'Sp. Def': '70', 'Speed': '60', 'Total': '490'}"
Rhyhorn,111,"['Ground', 'Rock']","{'HP': '80', 'Attack': '85', 'Defense': '95', 'Sp. Atk': '30', 'Sp. Def': '30', 'Speed': '25', 'Total': '345'}"
Rhydon,112,"['Ground', 'Rock']","{'HP': '105', 'Attack': '130', 'Defense': '120', 'Sp. Atk': '45', 'Sp. Def': '45', 'Speed': '40', 'Total': '485'}"
Chansey,113,['Normal'],"{'HP': '250', 'Attack': '5', 'Defense': '5', 'Sp. Atk': '35', 'Sp. Def': '105', 'Speed': '50', 'Total': '450'}"
Tangela,114,['Grass'],"{'HP': '65', 'Attack': '55', 'Defense': '115', 'Sp. Atk': '100', 'Sp. Def': '40', 'Speed': '60', 'Total': '435'}"
Kangaskhan,115,['Normal'],"{'HP': '105', 'Attack': '95', 'Defense': '80', 'Sp. Atk': '40', 'Sp. Def': '80', 'Speed': '90', 'Total': '490'}"
Horsea,116,['Water'],"{'HP': '30', 'Attack': '40', 'Defense': '70', 'Sp. Atk': '70', 'Sp. Def': '25', 'Speed': '60', 'Total': '295'}"
Seadra,117,['Water'],"{'HP': '55', 'Attack': '65', 'Defense': '95', 'Sp. Atk': '95', 'Sp. Def': '45', 'Speed': '85', 'Total': '440'}"
Goldeen,118,['Water'],"{'HP': '45', 'Attack': '67', 'Defense': '60', 'Sp. Atk': '35', 'Sp. Def': '50', 'Speed': '63', 'Total': '320'}"
Seaking,119,['Water'],"{'HP': '80', 'Attack': '92', 'Defense': '65', 'Sp. Atk': '65', 'Sp. Def': '80', 'Speed': '68', 'Total': '450'}"
Staryu,120,['Water'],"{'HP': '30', 'Attack': '45', 'Defense': '55', 'Sp. Atk': '70', 'Sp. Def': '55', 'Speed': '85', 'Total': '340'}"
Starmie,121,"['Water', 'Psychic']","{'HP': '60', 'Attack': '75', 'Defense': '85', 'Sp. Atk': '100', 'Sp. Def': '85', 'Speed': '115', 'Total': '520'}"
Mr. Mime,122,"['Psychic', 'Fairy']","{'HP': '40', 'Attack': '45', 'Defense': '65', 'Sp. Atk': '100', 'Sp. Def': '120', 'Speed': '90', 'Total': '460'}"
Scyther,123,"['Bug', 'Flying']","{'HP': '70', 'Attack': '110', 'Defense': '80', 'Sp. Atk': '55', 'Sp. Def': '80', 'Speed': '105', 'Total': '500'}"
Jynx,124,"['Ice', 'Psychic']","{'HP': '65', 'Attack': '50', 'Defense': '35', 'Sp. Atk': '115', 'Sp. Def': '95', 'Speed': '95', 'Total': '455'}"
Electabuzz,125,['Electric'],"{'HP': '65', 'Attack': '83', 'Defense': '57', 'Sp. Atk': '95', 'Sp. Def': '85', 'Speed': '105', 'Total': '490'}"
Magmar,126,['Fire'],"{'HP': '65', 'Attack': '95', 'Defense': '57', 'Sp. Atk': '100', 'Sp. Def': '85', 'Speed': '93', 'Total': '495'}"
Pinsir,127,['Bug'],"{'HP': '65', 'Attack': '125', 'Defense': '100', 'Sp. Atk': '55', 'Sp. Def': '70', 'Speed': '85', 'Total': '500'}"
Tauros,128,['Normal'],"{'HP': '75', 'Attack': '100', 'Defense': '95', 'Sp. Atk': '40', 'Sp. Def': '70', 'Speed': '110', 'Total': '490'}"
Magikarp,129,['Water'],"{'HP': '20', 'Attack': '10', 'Defense': '55', 'Sp. Atk': '15', 'Sp. Def': '20', 'Speed': '80', 'Total': '200'}"
Gyarados,130,"['Water', 'Flying']","{'HP': '95', 'Attack': '125', 'Defense': '79', 'Sp. Atk': '60', 'Sp. Def': '100', 'Speed': '81', 'Total': '540'}"
Lapras,131,"['Water', 'Ice']","{'HP': '130', 'Attack': '85', 'Defense': '80', 'Sp. Atk': '85', 'Sp. Def': '95', 'Speed': '60', 'Total': '535'}"
Ditto,132,['Normal'],"{'HP': '48', 'Attack': '48', 'Defense': '48', 'Sp. Atk': '48', 'Sp. Def': '48', 'Speed': '48', 'Total': '288'}"
Eevee,133,['Normal'],"{'HP': '55', 'Attack': '55', 'Defense': '50', 'Sp. Atk': '45', 'Sp. Def': '65', 'Speed': '55', 'Total': '325'}"
Vaporeon,134,['Water'],"{'HP': '130', 'Attack': '65', 'Defense': '60', 'Sp. Atk': '110', 'Sp. Def': '95', 'Speed': '65', 'Total': '525'}"
Jolteon,135,['Electric'],"{'HP': '65', 'Attack': '65', 'Defense': '60', 'Sp. Atk': '110', 'Sp. Def': '95', 'Speed': '130', 'Total': '525'}"
Flareon,136,['Fire'],"{'HP': '65', 'Attack': '130', 'Defense': '60', 'Sp. Atk': '95', 'Sp. Def': '110', 'Speed': '65', 'Total': '525'}"
Porygon,137,['Normal'],"{'HP': '65', 'Attack': '60', 'Defense': '70', 'Sp. Atk': '85', 'Sp. Def': '75', 'Speed': '40', 'Total': '395'}"
Omanyte,138,"['Rock', 'Water']","{'HP': '35', 'Attack': '40', 'Defense': '100', 'Sp. Atk': '90', 'Sp. Def': '55', 'Speed': '35', 'Total': '355'}"
Omastar,139,"['Rock', 'Water']","{'HP': '70', 'Attack': '60', 'Defense': '125', 'Sp. Atk': '115', 'Sp. Def': '70', 'Speed': '55', 'Total': '495'}"
Kabuto,140,"['Rock', 'Water']","{'HP': '30', 'Attack': '80', 'Defense': '90', 'Sp. Atk': '55', 'Sp. Def': '45', 'Speed': '55', 'Total': '355'}"
Kabutops,141,"['Rock', 'Water']","{'HP': '60', 'Attack': '115', 'Defense': '105', 'Sp. Atk': '65', 'Sp. Def': '70', 'Speed': '80', 'Total': '495'}"
Aerodactyl,142,"['Rock', 'Flying']","{'HP': '80', 'Attack': '105', 'Defense': '65', 'Sp. Atk': '60', 'Sp. Def': '75', 'Speed': '130', 'Total': '515'}"
Snorlax,143,['Normal'],"{'HP': '160', 'Attack': '110', 'Defense': '65', 'Sp. Atk': '65', 'Sp. Def': '110', 'Speed': '30', 'Total': '540'}"
Articuno,144,"['Ice', 'Flying']","{'HP': '90', 'Attack': '85', 'Defense': '100', 'Sp. Atk': '95', 'Sp. Def': '125', 'Speed': '85', 'Total': '580'}"
Zapdos,145,"['Electric', 'Flying']","{'HP': '90', 'Attack': '90', 'Defense': '85', 'Sp. Atk': '125', 'Sp. Def': '90', 'Speed': '100', 'Total': '580'}"
Moltres,146,"['Fire', 'Flying']","{'HP': '90', 'Attack': '100', 'Defense': '90', 'Sp. Atk': '125', 'Sp. Def': '85', 'Speed': '90', 'Total': '580'}"
Dratini,147,['Dragon'],"{'HP': '41', 'Attack': '64', 'Defense': '45', 'Sp. Atk': '50', 'Sp. Def': '50', 'Speed': '50', 'Total': '300'}"
Dragonair,148,['Dragon'],"{'HP': '61', 'Attack': '84', 'Defense': '65', 'Sp. Atk': '70', 'Sp. Def': '70', 'Speed': '70', 'Total': '420'}"
Dragonite,149,"['Dragon', 'Flying']","{'HP': '91', 'Attack': '134', 'Defense': '95', 'Sp. Atk': '100', 'Sp. Def': '100', 'Speed': '80', 'Total': '600'}"
Mewtwo,150,['Psychic'],"{'HP': '106', 'Attack': '110', 'Defense': '90', 'Sp. Atk': '154', 'Sp. Def': '90', 'Speed': '130', 'Total': '680'}"
Mew,151,['Psychic'],"{'HP': '100', 'Attack': '100', 'Defense': '100', 'Sp. Atk': '100', 'Sp. Def': '100', 'Speed': '100', 'Total': '600'}"
Chikorita,152,['Grass'],"{'HP': '45', 'Attack': '49', 'Defense': '65', 'Sp. Atk': '49', 'Sp. Def': '65', 'Speed': '45', 'Total': '318'}"
Bayleef,153,['Grass'],"{'HP': '60', 'Attack': '62', 'Defense': '80', 'Sp. Atk': '63', 'Sp. Def': '80', 'Speed': '60', 'Total': '405'}"
Meganium,154,['Grass'],"{'HP': '80', 'Attack': '82', 'Defense': '100', 'Sp. Atk': '83', 'Sp. Def': '100', 'Speed': '80', 'Total': '525'}"
Cyndaquil,155,['Fire'],"{'HP': '39', 'Attack': '52', 'Defense': '43', 'Sp. Atk': '60', 'Sp. Def': '50', 'Speed': '65', 'Total': '309'}"
Quilava,156,['Fire'],"{'HP': '58', 'Attack': '64', 'Defense': '58', 'Sp. Atk': '80', 'Sp. Def': '65', 'Speed': '80', 'Total': '405'}"
Typhlosion,157,['Fire'],"{'HP': '78', 'Attack': '84', 'Defense': '78', 'Sp. Atk': '109', 'Sp. Def': '85', 'Speed': '100', 'Total': '534'}"
Totodile,158,['Water'],"{'HP': '50', 'Attack': '65', 'Defense': '64', 'Sp. Atk': '44', 'Sp. Def': '48', 'Speed': '43', 'Total': '314'}"
Croconaw,159,['Water'],"{'HP': '65', 'Attack': '80', 'Defense': '80', 'Sp. Atk': '59', 'Sp. Def': '63', 'Speed': '58', 'Total': '405'}"
Feraligatr,160,['Water'],"{'HP': '85', 'Attack': '105', 'Defense': '100', 'Sp. Atk': '79', 'Sp. Def': '83', 'Speed': '78', 'Total': '530'}"
Sentret,161,['Normal'],"{'HP': '35', 'Attack': '46', 'Defense': '34', 'Sp. Atk': '35', 'Sp. Def': '45', 'Speed': '20', 'Total': '215'}"
Furret,162,['Normal'],"{'HP': '85', 'Attack': '76', 'Defense': '64', 'Sp. Atk': '45', 'Sp. Def': '55', 'Speed': '90', 'Total': '415'}"
Hoothoot,163,"['Normal', 'Flying']","{'HP': '60', 'Attack': '30', 'Defense': '30', 'Sp. Atk': '36', 'Sp. Def': '56', 'Speed': '50', 'Total': '262'}"
Noctowl,164,"['Normal', 'Flying']","{'HP': '100', 'Attack': '50', 'Defense': '50', 'Sp. Atk': '86', 'Sp. Def': '96', 'Speed': '70', 'Total': '452'}"
Ledyba,165,"['Bug', 'Flying']","{'HP': '40', 'Attack': '20', 'Defense': '30', 'Sp. Atk': '40', 'Sp. Def': '80', 'Speed': '55', 'Total': '265'}"
Ledian,166,"['Bug', 'Flying']","{'HP': '55', 'Attack': '35', 'Defense': '50', 'Sp. Atk': '55', 'Sp. Def': '110', 'Speed': '85', 'Total': '390'}"
Spinarak,167,"['Bug', 'Poison']","{'HP': '40', 'Attack': '60', 'Defense': '40', 'Sp. Atk': '40', 'Sp. Def': '40', 'Speed': '30', 'Total': '250'}"
Ariados,168,"['Bug', 'Poison']","{'HP': '70', 'Attack': '90', 'Defense': '70', 'Sp. Atk': '60', 'Sp. Def': '70', 'Speed': '40', 'Total': '400'}"
Crobat,169,"['Poison', 'Flying']","{'HP': '85', 'Attack': '90', 'Defense': '80', 'Sp. Atk': '70', 'Sp. Def': '80', 'Speed': '130', 'Total': '535'}"
Chinchou,170,"['Water', 'Electric']","{'HP': '75', 'Attack': '38', 'Defense': '38', 'Sp. Atk': '56', 'Sp. Def': '56', 'Speed': '67', 'Total': '330'}"
Lanturn,171,"['Water', 'Electric']","{'HP': '125', 'Attack': '58', 'Defense': '58', 'Sp. Atk': '76', 'Sp. Def': '76', 'Speed': '67', 'Total': '460'}"
Pichu,172,['Electric'],"{'HP': '20', 'Attack': '40', 'Defense': '15', 'Sp. Atk': '35', 'Sp. Def': '35', 'Speed': '60', 'Total': '205'}"
Cleffa,173,['Fairy'],"{'HP': '50', 'Attack': '25', 'Defense': '28', 'Sp. Atk': '45', 'Sp. Def': '55', 'Speed': '15', 'Total': '218'}"
Igglybuff,174,"['Normal', 'Fairy']","{'HP': '90', 'Attack': '30', 'Defense': '15', 'Sp. Atk': '40', 'Sp. Def': '20', 'Speed': '15', 'Total': '210'}"
Togepi,175,['Fairy'],"{'HP': '35', 'Attack': '20', 'Defense': '65', 'Sp. Atk': '40', 'Sp. Def': '65', 'Speed': '20', 'Total': '245'}"
Togetic,176,"['Fairy', 'Flying']","{'HP': '55', 'Attack': '40', 'Defense': '85', 'Sp. Atk': '80', 'Sp. Def': '105', 'Speed': '40', 'Total': '405'}"
Natu,177,"['Psychic', 'Flying']","{'HP': '40', 'Attack': '50', 'Defense': '45', 'Sp. Atk': '70', 'Sp. Def': '45', 'Speed': '70', 'Total': '320'}"
Xatu,178,"['Psychic', 'Flying']","{'HP': '65', 'Attack': '75', 'Defense': '70', 'Sp. Atk': '95', 'Sp. Def': '70', 'Speed': '95', 'Total': '470'}"
Mareep,179,['Electric'],"{'HP': '55', 'Attack': '40', 'Defense': '40', 'Sp. Atk': '65', 'Sp. Def': '45', 'Speed': '35', 'Total': '280'}"
Flaaffy,180,['Electric'],"{'HP': '70', 'Attack': '55', 'Defense': '55', 'Sp. Atk': '80', 'Sp. Def': '60', 'Speed': '45', 'Total': '365'}"
Ampharos,181,['Electric'],"{'HP': '90', 'Attack': '75', 'Defense': '85', 'Sp. Atk': '115', 'Sp. Def': '90', 'Speed': '55', 'Total': '510'}"
Bellossom,182,['Grass'],"{'HP': '75', 'Attack': '80', 'Defense': '95', 'Sp. Atk': '90', 'Sp. Def': '100', 'Speed': '50', 'Total': '490'}"
Marill,183,"['Water', 'Fairy']","{'HP': '70', 'Attack': '20', 'Defense': '50', 'Sp. Atk': '20', 'Sp. Def': '50', 'Speed': '40', 'Total': '250'}"
Azumarill,184,"['Water', 'Fairy']","{'HP': '100', 'Attack': '50', 'Defense': '80', 'Sp. Atk': '60', 'Sp. Def': '80', 'Speed': '50', 'Total': '420'}"
Sudowoodo,185,['Rock'],"{'HP': '70', 'Attack': '100', 'Defense': '115', 'Sp. Atk': '30', 'Sp. Def': '65', 'Speed': '30', 'Total': '410'}"
Politoed,186,['Water'],"{'HP': '90', 'Attack': '75', 'Defense': '75', 'Sp. Atk': '90', 'Sp. Def': '100', 'Speed': '70', 'Total': '500'}"
Hoppip,187,"['Grass', 'Flying']","{'HP': '35', 'Attack': '35', 'Defense': '40', 'Sp. Atk': '35', 'Sp. Def': '55', 'Speed': '50', 'Total': '250'}"
Skiploom,188,"['Grass', 'Flying']","{'HP': '55', 'Attack': '45', 'Defense': '50', 'Sp. Atk': '45', 'Sp. Def': '65', 'Speed': '80', 'Total': '340'}"
Jumpluff,189,"['Grass', 'Flying']","{'HP': '75', 'Attack': '55', 'Defense': '70', 'Sp. Atk': '55', 'Sp. Def': '95', 'Speed': '110', 'Total': '460'}"
Aipom,190,['Normal'],"{'HP': '55', 'Attack': '70', 'Defense': '55', 'Sp. Atk': '40', 'Sp. Def': '55', 'Speed': '85', 'Total': '360'}"
Sunkern,191,['Grass'],"{'HP': '30', 'Attack': '30', 'Defense': '30', 'Sp. Atk': '30', 'Sp. Def': '30', 'Speed': '30', 'Total': '180'}"
Sunflora,192,['Grass'],"{'HP': '75', 'Attack': '75', 'Defense': '55', 'Sp. Atk': '105', 'Sp. Def': '85', 'Speed': '30', 'Total': '425'}"
Yanma,193,"['Bug', 'Flying']","{'HP': '65', 'Attack': '65', 'Defense': '45', 'Sp. Atk': '75', 'Sp. Def': '45', 'Speed': '95', 'Total': '390'}"
Wooper,194,"['Water', 'Ground']","{'HP': '55', 'Attack': '45', 'Defense': '45', 'Sp. Atk': '25', 'Sp. Def': '25', 'Speed': '15', 'Total': '210'}"
Quagsire,195,"['Water', 'Ground']","{'HP': '95', 'Attack': '85', 'Defense': '85', 'Sp. Atk': '65', 'Sp. Def': '65', 'Speed': '35', 'Total': '430'}"
Espeon,196,['Psychic'],"{'HP': '65', 'Attack': '65', 'Defense': '60', 'Sp. Atk': '130', 'Sp. Def': '95', 'Speed': '110', 'Total': '525'}"
Umbreon,197,['Dark'],"{'HP': '95', 'Attack': '65', 'Defense': '110', 'Sp. Atk': '60', 'Sp. Def': '130', 'Speed': '65', 'Total': '525'}"
Murkrow,198,"['Dark', 'Flying']","{'HP': '60', 'Attack': '85', 'Defense': '42', 'Sp. Atk': '85', 'Sp. Def': '42', 'Speed': '91', 'Total': '405'}"
Slowking,199,"['Water', 'Psychic']","{'HP': '95', 'Attack': '75', 'Defense': '80', 'Sp. Atk': '100', 'Sp. Def': '110', 'Speed': '30', 'Total': '490'}"
Misdreavus,200,['Ghost'],"{'HP': '60', 'Attack': '60', 'Defense': '60', 'Sp. Atk': '85', 'Sp. Def': '85', 'Speed': '85', 'Total': '435'}"
Unown,201,['Psychic'],"{'HP': '48', 'Attack': '72', 'Defense': '48', 'Sp. Atk': '72', 'Sp. Def': '48', 'Speed': '48', 'Total': '336'}"
Wobbuffet,202,['Psychic'],"{'HP': '190', 'Attack': '33', 'Defense': '58', 'Sp. Atk': '33', 'Sp. Def': '58', 'Speed': '33', 'Total': '405'}"
Girafarig,203,"['Normal', 'Psychic']","{'HP': '70', 'Attack': '80', 'Defense': '65', 'Sp. Atk': '90', 'Sp. Def': '65', 'Speed': '85', 'Total': '455'}"
Pineco,204,['Bug'],"{'HP': '50', 'Attack': '65', 'Defense': '90', 'Sp. Atk': '35', 'Sp. Def': '35', 'Speed': '15', 'Total': '290'}"
Forretress,205,"['Bug', 'Steel']","{'HP': '75', 'Attack': '90', 'Defense': '140', 'Sp. Atk': '60', 'Sp. Def': '60', 'Speed': '40', 'Total': '465'}"
Dunsparce,206,['Normal'],"{'HP': '100', 'Attack': '70', 'Defense': '70', 'Sp. Atk': '65', 'Sp. Def': '65', 'Speed': '45', 'Total': '415'}"
Gligar,207,"['Ground', 'Flying']","{'HP': '65', 'Attack': '75', 'Defense': '105', 'Sp. Atk': '35', 'Sp. Def': '65', 'Speed': '85', 'Total': '430'}"
Steelix,208,"['Steel', 'Ground']","{'HP': '75', 'Attack': '85', 'Defense': '200', 'Sp. Atk': '55', 'Sp. Def': '65', 'Speed': '30', 'Total': '510'}"
Snubbull,209,['Fairy'],"{'HP': '60', 'Attack': '80', 'Defense': '50', 'Sp. Atk': '40', 'Sp. Def': '40', 'Speed': '30', 'Total': '300'}"
Granbull,210,['Fairy'],"{'HP': '90', 'Attack': '120', 'Defense': '75', 'Sp. Atk': '60', 'Sp. Def': '60', 'Speed': '45', 'Total': '450'}"
Qwilfish,211,"['Water', 'Poison']","{'HP': '65', 'Attack': '95', 'Defense': '85', 'Sp. Atk': '55', 'Sp. Def': '55', 'Speed': '85', 'Total': '440'}"
Scizor,212,"['Bug', 'Steel']","{'HP': '70', 'Attack': '130', 'Defense': '100', 'Sp. Atk': '55', 'Sp. Def': '80', 'Speed': '65', 'Total': '500'}"
Shuckle,213,"['Bug', 'Rock']","{'HP': '20', 'Attack': '10', 'Defense': '230', 'Sp. Atk': '10', 'Sp. Def': '230', 'Speed': '5', 'Total': '505'}"
Heracross,214,"['Bug', 'Fighting']","{'HP': '80', 'Attack': '125', 'Defense': '75', 'Sp. Atk': '40', 'Sp. Def': '95', 'Speed': '85', 'Total': '500'}"
Sneasel,215,"['Dark', 'Ice']","{'HP': '55', 'Attack': '95', 'Defense': '55', 'Sp. Atk': '35', 'Sp. Def': '75', 'Speed': '115', 'Total': '430'}"
Teddiursa,216,['Normal'],"{'HP': '60', 'Attack': '80', 'Defense': '50', 'Sp. Atk': '50', 'Sp. Def': '50', 'Speed': '40', 'Total': '330'}"
Ursaring,217,['Normal'],"{'HP': '90', 'Attack': '130', 'Defense': '75', 'Sp. Atk': '75', 'Sp. Def': '75', 'Speed': '55', 'Total': '500'}"
Slugma,218,['Fire'],"{'HP': '40', 'Attack': '40', 'Defense': '40', 'Sp. Atk': '70', 'Sp. Def': '40', 'Speed': '20', 'Total': '250'}"
Magcargo,219,"['Fire', 'Rock']","{'HP': '60', 'Attack': '50', 'Defense': '120', 'Sp. Atk': '90', 'Sp. Def': '80', 'Speed': '30', 'Total': '430'}"
Swinub,220,"['Ice', 'Ground']","{'HP': '50', 'Attack': '50', 'Defense': '40', 'Sp. Atk': '30', 'Sp. Def': '30', 'Speed': '50', 'Total': '250'}"
Piloswine,221,"['Ice', 'Ground']","{'HP': '100', 'Attack': '100', 'Defense': '80', 'Sp. Atk': '60', 'Sp. Def': '60', 'Speed': '50', 'Total': '450'}"
Corsola,222,"['Water', 'Rock']","{'HP': '65', 'Attack': '55', 'Defense': '95', 'Sp. Atk': '65', 'Sp. Def': '95', 'Speed': '35', 'Total': '410'}"
Remoraid,223,['Water'],"{'HP': '35', 'Attack': '65', 'Defense': '35', 'Sp. Atk': '65', 'Sp. Def': '35', 'Speed': '65', 'Total': '300'}"
Octillery,224,['Water'],"{'HP': '75', 'Attack': '105', 'Defense': '75', 'Sp. Atk': '105', 'Sp. Def': '75', 'Speed': '45', 'Total': '480'}"
Delibird,225,"['Ice', 'Flying']","{'HP': '45', 'Attack': '55', 'Defense': '45', 'Sp. Atk': '65', 'Sp. Def': '45', 'Speed': '75', 'Total': '330'}"
Mantine,226,"['Water', 'Flying']","{'HP': '85', 'Attack': '40', 'Defense': '70', 'Sp. Atk': '80', 'Sp. Def': '140', 'Speed': '70', 'Total': '485'}"
Skarmory,227,"['Steel', 'Flying']","{'HP': '65', 'Attack': '80', 'Defense': '140', 'Sp. Atk': '40', 'Sp. Def': '70', 'Speed': '70', 'Total': '465'}"
Houndour,228,"['Dark', 'Fire']","{'HP': '45', 'Attack': '60', 'Defense': '30', 'Sp. Atk': '80', 'Sp. Def': '50', 'Speed': '65', 'Total': '330'}"
Houndoom,229,"['Dark', 'Fire']","{'HP': '75', 'Attack': '90', 'Defense': '50', 'Sp. Atk': '110', 'Sp. Def': '80', 'Speed': '95', 'Total': '500'}"
Kingdra,230,"['Water', 'Dragon']","{'HP': '75', 'Attack': '95', 'Defense': '95', 'Sp. Atk': '95', 'Sp. Def': '95', 'Speed': '85', 'Total': '540'}"
Phanpy,231,['Ground'],"{'HP': '90', 'Attack': '60', 'Defense': '60', 'Sp. Atk': '40', 'Sp. Def': '40', 'Speed': '40', 'Total': '330'}"
Donphan,232,['Ground'],"{'HP': '90', 'Attack': '120', 'Defense': '120', 'Sp. Atk': '60', 'Sp. Def': '60', 'Speed': '50', 'Total': '500'}"
Porygon2,233,['Normal'],"{'HP': '85', 'Attack': '80', 'Defense': '90', 'Sp. Atk': '105', 'Sp. Def': '95', 'Speed': '60', 'Total': '515'}"
Stantler,234,['Normal'],"{'HP': '73', 'Attack': '95', 'Defense': '62', 'Sp. Atk': '85', 'Sp. Def': '65', 'Speed': '85', 'Total': '465'}"
Smeargle,235,['Normal'],"{'HP': '55', 'Attack': '20', 'Defense': '35', 'Sp. Atk': '20', 'Sp. Def': '45', 'Speed': '75', 'Total': '250'}"
Tyrogue,236,['Fighting'],"{'HP': '35', 'Attack': '35', 'Defense': '35', 'Sp. Atk': '35', 'Sp. Def': '35', 'Speed': '35', 'Total': '210'}"
Hitmontop,237,['Fighting'],"{'HP': '50', 'Attack': '95', 'Defense': '95', 'Sp. Atk': '35', 'Sp. Def': '110', 'Speed': '70', 'Total': '455'}"
Smoochum,238,"['Ice', 'Psychic']","{'HP': '45', 'Attack': '30', 'Defense': '15', 'Sp. Atk': '85', 'Sp. Def': '65', 'Speed': '65', 'Total': '305'}"
Elekid,239,['Electric'],"{'HP': '45', 'Attack': '63', 'Defense': '37', 'Sp. Atk': '65', 'Sp. Def': '55', 'Speed': '95', 'Total': '360'}"
Magby,240,['Fire'],"{'HP': '45', 'Attack': '75', 'Defense': '37', 'Sp. Atk': '70', 'Sp. Def': '55', 'Speed': '83', 'Total': '365'}"
Miltank,241,['Normal'],"{'HP': '95', 'Attack': '80', 'Defense': '105', 'Sp. Atk': '40', 'Sp. Def': '70', 'Speed': '100', 'Total': '490'}"
Blissey,242,['Normal'],"{'HP': '255', 'Attack': '10', 'Defense': '10', 'Sp. Atk': '75', 'Sp. Def': '135', 'Speed': '55', 'Total': '540'}"
Raikou,243,['Electric'],"{'HP': '90', 'Attack': '85', 'Defense': '75', 'Sp. Atk': '115', 'Sp. Def': '100', 'Speed': '115', 'Total': '580'}"
Entei,244,['Fire'],"{'HP': '115', 'Attack': '115', 'Defense': '85', 'Sp. Atk': '90', 'Sp. Def': '75', 'Speed': '100', 'Total': '580'}"
Suicune,245,['Water'],"{'HP': '100', 'Attack': '75', 'Defense': '115', 'Sp. Atk': '90', 'Sp. Def': '115', 'Speed': '85', 'Total': '580'}"
Larvitar,246,"['Rock', 'Ground']","{'HP': '50', 'Attack': '64', 'Defense': '50', 'Sp. Atk': '45', 'Sp. Def': '50', 'Speed': '41', 'Total': '300'}"
Pupitar,247,"['Rock', 'Ground']","{'HP': '70', 'Attack': '84', 'Defense': '70', 'Sp. Atk': '65', 'Sp. Def': '70', 'Speed': '51', 'Total': '410'}"
Tyranitar,248,"['Rock', 'Dark']","{'HP': '100', 'Attack': '134', 'Defense': '110', 'Sp. Atk': '95', 'Sp. Def': '100', 'Speed': '61', 'Total': '600'}"
Lugia,249,"['Psychic', 'Flying']","{'HP': '106', 'Attack': '90', 'Defense': '130', 'Sp. Atk': '90', 'Sp. Def': '154', 'Speed': '110', 'Total': '680'}"
Ho-oh,250,"['Fire', 'Flying']","{'HP': '106', 'Attack': '130', 'Defense': '90', 'Sp. Atk': '110', 'Sp. Def': '154', 'Speed': '90', 'Total': '680'}"
Celebi,251,"['Psychic', 'Grass']","{'HP': '100', 'Attack': '100', 'Defense': '100', 'Sp. Atk': '100', 'Sp. Def': '100', 'Speed': '100', 'Total': '600'}"
Treecko,252,['Grass'],"{'HP': '40', 'Attack': '45', 'Defense': '35', 'Sp. Atk': '65', 'Sp. Def': '55', 'Speed': '70', 'Total': '310'}"
Grovyle,253,['Grass'],"{'HP': '50', 'Attack': '65', 'Defense': '45', 'Sp. Atk': '85', 'Sp. Def': '65', 'Speed': '95', 'Total': '405'}"
Sceptile,254,['Grass'],"{'HP': '70', 'Attack': '85', 'Defense': '65', 'Sp. Atk': '105', 'Sp. Def': '85', 'Speed': '120', 'Total': '530'}"
Torchic,255,['Fire'],"{'HP': '45', 'Attack': '60', 'Defense': '40', 'Sp. Atk': '70', 'Sp. Def': '50', 'Speed': '45', 'Total': '310'}"
Combusken,256,"['Fire', 'Fighting']","{'HP': '60', 'Attack': '85', 'Defense': '60', 'Sp. Atk': '85', 'Sp. Def': '60', 'Speed': '55', 'Total': '405'}"
Blaziken,257,"['Fire', 'Fighting']","{'HP': '80', 'Attack': '120', 'Defense': '70', 'Sp. Atk': '110', 'Sp. Def': '70', 'Speed': '80', 'Total': '530'}"
Mudkip,258,['Water'],"{'HP': '50', 'Attack': '70', 'Defense': '50', 'Sp. Atk': '50', 'Sp. Def': '50', 'Speed': '40', 'Total': '310'}"
Marshtomp,259,"['Water', 'Ground']","{'HP': '70', 'Attack': '85', 'Defense': '70', 'Sp. Atk': '60', 'Sp. Def': '70', 'Speed': '50', 'Total': '405'}"
Swampert,260,"['Water', 'Ground']","{'HP': '100', 'Attack': '110', 'Defense': '90', 'Sp. Atk': '85', 'Sp. Def': '90', 'Speed': '60', 'Total': '535'}"
Poochyena,261,['Dark'],"{'HP': '35', 'Attack': '55', 'Defense': '35', 'Sp. Atk': '30', 'Sp. Def': '30', 'Speed': '35', 'Total': '220'}"
Mightyena,262,['Dark'],"{'HP': '70', 'Attack': '90', 'Defense': '70', 'Sp. Atk': '60', 'Sp. Def': '60', 'Speed': '70', 'Total': '420'}"
Zigzagoon,263,['Normal'],"{'HP': '38', 'Attack': '30', 'Defense': '41', 'Sp. Atk': '30', 'Sp. Def': '41', 'Speed': '60', 'Total': '240'}"
Linoone,264,['Normal'],"{'HP': '78', 'Attack': '70', 'Defense': '61', 'Sp. Atk': '50', 'Sp. Def': '61', 'Speed': '100', 'Total': '420'}"
Wurmple,265,['Bug'],"{'HP': '45', 'Attack': '45', 'Defense': '35', 'Sp. Atk': '20', 'Sp. Def': '30', 'Speed': '20', 'Total': '195'}"
Silcoon,266,['Bug'],"{'HP': '50', 'Attack': '35', 'Defense': '55', 'Sp. Atk': '25', 'Sp. Def': '25', 'Speed': '15', 'Total': '205'}"
Beautifly,267,"['Bug', 'Flying']","{'HP': '60', 'Attack': '70', 'Defense': '50', 'Sp. Atk': '100', 'Sp. Def': '50', 'Speed': '65', 'Total': '395'}"
Cascoon,268,['Bug'],"{'HP': '50', 'Attack': '35', 'Defense': '55', 'Sp. Atk': '25', 'Sp. Def': '25', 'Speed': '15', 'Total': '205'}"
Dustox,269,"['Bug', 'Poison']","{'HP': '60', 'Attack': '50', 'Defense': '70', 'Sp. Atk': '50', 'Sp. Def': '90', 'Speed': '65', 'Total': '385'}"
Lotad,270,"['Water', 'Grass']","{'HP': '40', 'Attack': '30', 'Defense': '30', 'Sp. Atk': '40', 'Sp. Def': '50', 'Speed': '30', 'Total': '220'}"
Lombre,271,"['Water', 'Grass']","{'HP': '60', 'Attack': '50', 'Defense': '50', 'Sp. Atk': '60', 'Sp. Def': '70', 'Speed': '50', 'Total': '340'}"
Ludicolo,272,"['Water', 'Grass']","{'HP': '80', 'Attack': '70', 'Defense': '70', 'Sp. Atk': '90', 'Sp. Def': '100', 'Speed': '70', 'Total': '480'}"
Seedot,273,['Grass'],"{'HP': '40', 'Attack': '40', 'Defense': '50', 'Sp. Atk': '30', 'Sp. Def': '30', 'Speed': '30', 'Total': '220'}"
Nuzleaf,274,"['Grass', 'Dark']","{'HP': '70', 'Attack': '70', 'Defense': '40', 'Sp. Atk': '60', 'Sp. Def': '40', 'Speed': '60', 'Total': '340'}"
Shiftry,275,"['Grass', 'Dark']","{'HP': '90', 'Attack': '100', 'Defense': '60', 'Sp. Atk': '90', 'Sp. Def': '60', 'Speed': '80', 'Total': '480'}"
Taillow,276,"['Normal', 'Flying']","{'HP': '40', 'Attack': '55', 'Defense': '30', 'Sp. Atk': '30', 'Sp. Def': '30', 'Speed': '85', 'Total': '270'}"
Swellow,277,"['Normal', 'Flying']","{'HP': '60', 'Attack': '85', 'Defense': '60', 'Sp. Atk': '75', 'Sp. Def': '50', 'Speed': '125', 'Total': '455'}"
Wingull,278,"['Water', 'Flying']","{'HP': '40', 'Attack': '30', 'Defense': '30', 'Sp. Atk': '55', 'Sp. Def': '30', 'Speed': '85', 'Total': '270'}"
Pelipper,279,"['Water', 'Flying']","{'HP': '60', 'Attack': '50', 'Defense': '100', 'Sp. Atk': '95', 'Sp. Def': '70', 'Speed': '65', 'Total': '440'}"
Ralts,280,"['Psychic', 'Fairy']","{'HP': '28', 'Attack': '25', 'Defense': '25', 'Sp. Atk': '45', 'Sp. Def': '35', 'Speed': '40', 'Total': '198'}"
Kirlia,281,"['Psychic', 'Fairy']","{'HP': '38', 'Attack': '35', 'Defense': '35', 'Sp. Atk': '65', 'Sp. Def': '55', 'Speed': '50', 'Total': '278'}"
Gardevoir,282,"['Psychic', 'Fairy']","{'HP': '68', 'Attack': '65', 'Defense': '65', 'Sp. Atk': '125', 'Sp. Def': '115', 'Speed': '80', 'Total': '518'}"
Surskit,283,"['Bug', 'Water']","{'HP': '40', 'Attack': '30', 'Defense': '32', 'Sp. Atk': '50', 'Sp. Def': '52', 'Speed': '65', 'Total': '269'}"
Masquerain,284,"['Bug', 'Flying']","{'HP': '70', 'Attack': '60', 'Defense': '62', 'Sp. Atk': '100', 'Sp. Def': '82', 'Speed': '80', 'Total': '454'}"
Shroomish,285,['Grass'],"{'HP': '60', 'Attack': '40', 'Defense': '60', 'Sp. Atk': '40', 'Sp. Def': '60', 'Speed': '35', 'Total': '295'}"
Breloom,286,"['Grass', 'Fighting']","{'HP': '60', 'Attack': '130', 'Defense': '80', 'Sp. Atk': '60', 'Sp. Def': '60', 'Speed': '70', 'Total': '460'}"
Slakoth,287,['Normal'],"{'HP': '60', 'Attack': '60', 'Defense': '60', 'Sp. Atk': '35', 'Sp. Def': '35', 'Speed': '30', 'Total': '280'}"
Vigoroth,288,['Normal'],"{'HP': '80', 'Attack': '80', 'Defense': '80', 'Sp. Atk': '55', 'Sp. Def': '55', 'Speed': '90', 'Total': '440'}"
Slaking,289,['Normal'],"{'HP': '150', 'Attack': '160', 'Defense': '100', 'Sp. Atk': '95', 'Sp. Def': '65', 'Speed': '100', 'Total': '670'}"
Nincada,290,"['Bug', 'Ground']","{'HP': '31', 'Attack': '45', 'Defense': '90', 'Sp. Atk': '30', 'Sp. Def': '30', 'Speed': '40', 'Total': '266'}"
Ninjask,291,"['Bug', 'Flying']","{'HP': '61', 'Attack': '90', 'Defense': '45', 'Sp. Atk': '50', 'Sp. Def': '50', 'Speed': '160', 'Total': '456'}"
Shedinja,292,"['Bug', 'Ghost']","{'HP': '1', 'Attack': '90', 'Defense': '45', 'Sp. Atk': '30', 'Sp. Def': '30', 'Speed': '40', 'Total': '236'}"
Whismur,293,['Normal'],"{'HP': '64', 'Attack': '51', 'Defense': '23', 'Sp. Atk': '51', 'Sp. Def': '23', 'Speed': '28', 'Total': '240'}"
Loudred,294,['Normal'],"{'HP': '84', 'Attack': '71', 'Defense': '43', 'Sp. Atk': '71', 'Sp. Def': '43', 'Speed': '48', 'Total': '360'}"
Exploud,295,['Normal'],"{'HP': '104', 'Attack': '91', 'Defense': '63', 'Sp. Atk': '91', 'Sp. Def': '73', 'Speed': '68', 'Total': '490'}"
Makuhita,296,['Fighting'],"{'HP': '72', 'Attack': '60', 'Defense': '30', 'Sp. Atk': '20', 'Sp. Def': '30', 'Speed': '25', 'Total': '237'}"
Hariyama,297,['Fighting'],"{'HP': '144', 'Attack': '120', 'Defense': '60', 'Sp. Atk': '40', 'Sp. Def': '60', 'Speed': '50', 'Total': '474'}"
Azurill,298,"['Normal', 'Fairy']","{'HP': '50', 'Attack': '20', 'Defense': '40', 'Sp. Atk': '20', 'Sp. Def': '40', 'Speed': '20', 'Total': '190'}"
Nosepass,299,['Rock'],"{'HP': '30', 'Attack': '45', 'Defense': '135', 'Sp. Atk': '45', 'Sp. Def': '90', 'Speed': '30', 'Total': '375'}"
Skitty,300,['Normal'],"{'HP': '50', 'Attack': '45', 'Defense': '45', 'Sp. Atk': '35', 'Sp. Def': '35', 'Speed': '50', 'Total': '260'}"
Delcatty,301,['Normal'],"{'HP': '70', 'Attack': '65', 'Defense': '65', 'Sp. Atk': '55', 'Sp. Def': '55', 'Speed': '90', 'Total': '400'}"
Sableye,302,"['Dark', 'Ghost']","{'HP': '50', 'Attack': '75', 'Defense': '75', 'Sp. Atk': '65', 'Sp. Def': '65', 'Speed': '50', 'Total': '380'}"
Mawile,303,"['Steel', 'Fairy']","{'HP': '50', 'Attack': '85', 'Defense': '85', 'Sp. Atk': '55', 'Sp. Def': '55', 'Speed': '50', 'Total': '380'}"
Aron,304,"['Steel', 'Rock']","{'HP': '50', 'Attack': '70', 'Defense': '100', 'Sp. Atk': '40', 'Sp. Def': '40', 'Speed': '30', 'Total': '330'}"
Lairon,305,"['Steel', 'Rock']","{'HP': '60', 'Attack': '90', 'Defense': '140', 'Sp. Atk': '50', 'Sp. Def': '50', 'Speed': '40', 'Total': '430'}"
Aggron,306,"['Steel', 'Rock']","{'HP': '70', 'Attack': '110', 'Defense': '180', 'Sp. Atk': '60', 'Sp. Def': '60', 'Speed': '50', 'Total': '530'}"
Meditite,307,"['Fighting', 'Psychic']","{'HP': '30', 'Attack': '40', 'Defense': '55', 'Sp. Atk': '40', 'Sp. Def': '55', 'Speed': '60', 'Total': '280'}"
Medicham,308,"['Fighting', 'Psychic']","{'HP': '60', 'Attack': '60', 'Defense': '75', 'Sp. Atk': '60', 'Sp. Def': '75', 'Speed': '80', 'Total': '410'}"
Electrike,309,['Electric'],"{'HP': '40', 'Attack': '45', 'Defense': '40', 'Sp. Atk': '65', 'Sp. Def': '40', 'Speed': '65', 'Total': '295'}"
Manectric,310,['Electric'],"{'HP': '70', 'Attack': '75', 'Defense': '60', 'Sp. Atk': '105', 'Sp. Def': '60', 'Speed': '105', 'Total': '475'}"
Plusle,311,['Electric'],"{'HP': '60', 'Attack': '50', 'Defense': '40', 'Sp. Atk': '85', 'Sp. Def': '75', 'Speed': '95', 'Total': '405'}"
Minun,312,['Electric'],"{'HP': '60', 'Attack': '40', 'Defense': '50', 'Sp. Atk': '75', 'Sp. Def': '85', 'Speed': '95', 'Total': '405'}"
Volbeat,313,['Bug'],"{'HP': '65', 'Attack': '73', 'Defense': '75', 'Sp. Atk': '47', 'Sp. Def': '85', 'Speed': '85', 'Total': '430'}"
Illumise,314,['Bug'],"{'HP': '65', 'Attack': '47', 'Defense': '75', 'Sp. Atk': '73', 'Sp. Def': '85', 'Speed': '85', 'Total': '430'}"
Roselia,315,"['Grass', 'Poison']","{'HP': '50', 'Attack': '60', 'Defense': '45', 'Sp. Atk': '100', 'Sp. Def': '80', 'Speed': '65', 'Total': '400'}"
Gulpin,316,['Poison'],"{'HP': '70', 'Attack': '43', 'Defense': '53', 'Sp. Atk': '43', 'Sp. Def': '53', 'Speed': '40', 'Total': '302'}"
Swalot,317,['Poison'],"{'HP': '100', 'Attack': '73', 'Defense': '83', 'Sp. Atk': '73', 'Sp. Def': '83', 'Speed': '55', 'Total': '467'}"
Carvanha,318,"['Water', 'Dark']","{'HP': '45', 'Attack': '90', 'Defense': '20', 'Sp. Atk': '65', 'Sp. Def': '20', 'Speed': '65', 'Total': '305'}"
Sharpedo,319,"['Water', 'Dark']","{'HP': '70', 'Attack': '120', 'Defense': '40', 'Sp. Atk': '95', 'Sp. Def': '40', 'Speed': '95', 'Total': '460'}"
Wailmer,320,['Water'],"{'HP': '130', 'Attack': '70', 'Defense': '35', 'Sp. Atk': '70', 'Sp. Def': '35', 'Speed': '60', 'Total': '400'}"
Wailord,321,['Water'],"{'HP': '170', 'Attack': '90', 'Defense': '45', 'Sp. Atk': '90', 'Sp. Def': '45', 'Speed': '60', 'Total': '500'}"
Numel,322,"['Fire', 'Ground']","{'HP': '60', 'Attack': '60', 'Defense': '40', 'Sp. Atk': '65', 'Sp. Def': '45', 'Speed': '35', 'Total': '305'}"
Camerupt,323,"['Fire', 'Ground']","{'HP': '70', 'Attack': '100', 'Defense': '70', 'Sp. Atk': '105', 'Sp. Def': '75', 'Speed': '40', 'Total': '460'}"
Torkoal,324,['Fire'],"{'HP': '70', 'Attack': '85', 'Defense': '140', 'Sp. Atk': '85', 'Sp. Def': '70', 'Speed': '20', 'Total': '470'}"
Spoink,325,['Psychic'],"{'HP': '60', 'Attack': '25', 'Defense': '35', 'Sp. Atk': '70', 'Sp. Def': '80', 'Speed': '60', 'Total': '330'}"
Grumpig,326,['Psychic'],"{'HP': '80', 'Attack': '45', 'Defense': '65', 'Sp. Atk': '90', 'Sp. Def': '110', 'Speed': '80', 'Total': '470'}"
Spinda,327,['Normal'],"{'HP': '60', 'Attack': '60', 'Defense': '60', 'Sp. Atk': '60', 'Sp. Def': '60', 'Speed': '60', 'Total': '360'}"
Trapinch,328,['Ground'],"{'HP': '45', 'Attack': '100', 'Defense': '45', 'Sp. Atk': '45', 'Sp. Def': '45', 'Speed': '10', 'Total': '290'}"
Vibrava,329,"['Ground', 'Dragon']","{'HP': '50', 'Attack': '70', 'Defense': '50', 'Sp. Atk': '50', 'Sp. Def': '50', 'Speed': '70', 'Total': '340'}"
Flygon,330,"['Ground', 'Dragon']","{'HP': '80', 'Attack': '100', 'Defense': '80', 'Sp. Atk': '80', 'Sp. Def': '80', 'Speed': '100', 'Total': '520'}"
Cacnea,331,['Grass'],"{'HP': '50', 'Attack': '85', 'Defense': '40', 'Sp. Atk': '85', 'Sp. Def': '40', 'Speed': '35', 'Total': '335'}"
Cacturne,332,"['Grass', 'Dark']","{'HP': '70', 'Attack': '115', 'Defense': '60', 'Sp. Atk': '115', 'Sp. Def': '60', 'Speed': '55', 'Total': '475'}"
Swablu,333,"['Normal', 'Flying']","{'HP': '45', 'Attack': '40', 'Defense': '60', 'Sp. Atk': '40', 'Sp. Def': '75', 'Speed': '50', 'Total': '310'}"
Altaria,334,"['Dragon', 'Flying']","{'HP': '75', 'Attack': '70', 'Defense': '90', 'Sp. Atk': '70', 'Sp. Def': '105', 'Speed': '80', 'Total': '490'}"
Zangoose,335,['Normal'],"{'HP': '73', 'Attack': '115', 'Defense': '60', 'Sp. Atk': '60', 'Sp. Def': '60', 'Speed': '90', 'Total': '458'}"
Seviper,336,['Poison'],"{'HP': '73', 'Attack': '100', 'Defense': '60', 'Sp. Atk': '100', 'Sp. Def': '60', 'Speed': '65', 'Total': '458'}"
Lunatone,337,"['Rock', 'Psychic']","{'HP': '90', 'Attack': '55', 'Defense': '65', 'Sp. Atk': '95', 'Sp. Def': '85', 'Speed': '70', 'Total': '460'}"
Solrock,338,"['Rock', 'Psychic']","{'HP': '90', 'Attack': '95', 'Defense': '85', 'Sp. Atk': '55', 'Sp. Def': '65', 'Speed': '70', 'Total': '460'}"
Barboach,339,"['Water', 'Ground']","{'HP': '50', 'Attack': '48', 'Defense': '43', 'Sp. Atk': '46', 'Sp. Def': '41', 'Speed': '60', 'Total': '288'}"
Whiscash,340,"['Water', 'Ground']","{'HP': '110', 'Attack': '78', 'Defense': '73', 'Sp. Atk': '76', 'Sp. Def': '71', 'Speed': '60', 'Total': '468'}"
Corphish,341,['Water'],"{'HP': '43', 'Attack': '80', 'Defense': '65', 'Sp. Atk': '50', 'Sp. Def': '35', 'Speed': '35', 'Total': '308'}"
Crawdaunt,342,"['Water', 'Dark']","{'HP': '63', 'Attack': '120', 'Defense': '85', 'Sp. Atk': '90', 'Sp. Def': '55', 'Speed': '55', 'Total': '468'}"
Baltoy,343,"['Ground', 'Psychic']","{'HP': '40', 'Attack': '40', 'Defense': '55', 'Sp. Atk': '40', 'Sp. Def': '70', 'Speed': '55', 'Total': '300'}"
Claydol,344,"['Ground', 'Psychic']","{'HP': '60', 'Attack': '70', 'Defense': '105', 'Sp. Atk': '70', 'Sp. Def': '120', 'Speed': '75', 'Total': '500'}"
Lileep,345,"['Rock', 'Grass']","{'HP': '66', 'Attack': '41', 'Defense': '77', 'Sp. Atk': '61', 'Sp. Def': '87', 'Speed': '23', 'Total': '355'}"
Cradily,346,"['Rock', 'Grass']","{'HP': '86', 'Attack': '81', 'Defense': '97', 'Sp. Atk': '81', 'Sp. Def': '107', 'Speed': '43', 'Total': '495'}"
Anorith,347,"['Rock', 'Bug']","{'HP': '45', 'Attack': '95', 'Defense': '50', 'Sp. Atk': '40', 'Sp. Def': '50', 'Speed': '75', 'Total': '355'}"
Armaldo,348,"['Rock', 'Bug']","{'HP': '75', 'Attack': '125', 'Defense': '100', 'Sp. Atk': '70', 'Sp. Def': '80', 'Speed': '45', 'Total': '495'}"
Feebas,349,['Water'],"{'HP': '20', 'Attack': '15', 'Defense': '20', 'Sp. Atk': '10', 'Sp. Def': '55', 'Speed': '80', 'Total': '200'}"
Milotic,350,['Water'],"{'HP': '95', 'Attack': '60', 'Defense': '79', 'Sp. Atk': '100', 'Sp. Def': '125', 'Speed': '81', 'Total': '540'}"
Castform,351,['Normal'],"{'HP': '70', 'Attack': '70', 'Defense': '70', 'Sp. Atk': '70', 'Sp. Def': '70', 'Speed': '70', 'Total': '420'}"
Kecleon,352,['Normal'],"{'HP': '60', 'Attack': '90', 'Defense': '70', 'Sp. Atk': '60', 'Sp. Def': '120', 'Speed': '40', 'Total': '440'}"
Shuppet,353,['Ghost'],"{'HP': '44', 'Attack': '75', 'Defense': '35', 'Sp. Atk': '63', 'Sp. Def': '33', 'Speed': '45', 'Total': '295'}"
Banette,354,['Ghost'],"{'HP': '64', 'Attack': '115', 'Defense': '65', 'Sp. Atk': '83', 'Sp. Def': '63', 'Speed': '65', 'Total': '455'}"
Duskull,355,['Ghost'],"{'HP': '20', 'Attack': '40', 'Defense': '90', 'Sp. Atk': '30', 'Sp. Def': '90', 'Speed': '25', 'Total': '295'}"
Dusclops,356,['Ghost'],"{'HP': '40', 'Attack': '70', 'Defense': '130', 'Sp. Atk': '60', 'Sp. Def': '130', 'Speed': '25', 'Total': '455'}"
Tropius,357,"['Grass', 'Flying']","{'HP': '99', 'Attack': '68', 'Defense': '83', 'Sp. Atk': '72', 'Sp. Def': '87', 'Speed': '51', 'Total': '460'}"
Chimecho,358,['Psychic'],"{'HP': '75', 'Attack': '50', 'Defense': '80', 'Sp. Atk': '95', 'Sp. Def': '90', 'Speed': '65', 'Total': '455'}"
Absol,359,['Dark'],"{'HP': '65', 'Attack': '130', 'Defense': '60', 'Sp. Atk': '75', 'Sp. Def': '60', 'Speed': '75', 'Total': '465'}"
Wynaut,360,['Psychic'],"{'HP': '95', 'Attack': '23', 'Defense': '48', 'Sp. Atk': '23', 'Sp. Def': '48', 'Speed': '23', 'Total': '260'}"
Snorunt,361,['Ice'],"{'HP': '50', 'Attack': '50', 'Defense': '50', 'Sp. Atk': '50', 'Sp. Def': '50', 'Speed': '50', 'Total': '300'}"
Glalie,362,['Ice'],"{'HP': '80', 'Attack': '80', 'Defense': '80', 'Sp. Atk': '80', 'Sp. Def': '80', 'Speed': '80', 'Total': '480'}"
Spheal,363,"['Ice', 'Water']","{'HP': '70', 'Attack': '40', 'Defense': '50', 'Sp. Atk': '55', 'Sp. Def': '50', 'Speed': '25', 'Total': '290'}"
Sealeo,364,"['Ice', 'Water']","{'HP': '90', 'Attack': '60', 'Defense': '70', 'Sp. Atk': '75', 'Sp. Def': '70', 'Speed': '45', 'Total': '410'}"
Walrein,365,"['Ice', 'Water']","{'HP': '110', 'Attack': '80', 'Defense': '90', 'Sp. Atk': '95', 'Sp. Def': '90', 'Speed': '65', 'Total': '530'}"
Clamperl,366,['Water'],"{'HP': '35', 'Attack': '64', 'Defense': '85', 'Sp. Atk': '74', 'Sp. Def': '55', 'Speed': '32', 'Total': '345'}"
Huntail,367,['Water'],"{'HP': '55', 'Attack': '104', 'Defense': '105', 'Sp. Atk': '94', 'Sp. Def': '75', 'Speed': '52', 'Total': '485'}"
Gorebyss,368,['Water'],"{'HP': '55', 'Attack': '84', 'Defense': '105', 'Sp. Atk': '114', 'Sp. Def': '75', 'Speed': '52', 'Total': '485'}"
Relicanth,369,"['Water', 'Rock']","{'HP': '100', 'Attack': '90', 'Defense': '130', 'Sp. Atk': '45', 'Sp. Def': '65', 'Speed': '55', 'Total': '485'}"
Luvdisc,370,['Water'],"{'HP': '43', 'Attack': '30', 'Defense': '55', 'Sp. Atk': '40', 'Sp. Def': '65', 'Speed': '97', 'Total': '330'}"
Bagon,371,['Dragon'],"{'HP': '45', 'Attack': '75', 'Defense': '60', 'Sp. Atk': '40', 'Sp. Def': '30', 'Speed': '50', 'Total': '300'}"
Shelgon,372,['Dragon'],"{'HP': '65', 'Attack': '95', 'Defense': '100', 'Sp. Atk': '60', 'Sp. Def': '50', 'Speed': '50', 'Total': '420'}"
Salamence,373,"['Dragon', 'Flying']","{'HP': '95', 'Attack': '135', 'Defense': '80', 'Sp. Atk': '110', 'Sp. Def': '80', 'Speed': '100', 'Total': '600'}"
Beldum,374,"['Steel', 'Psychic']","{'HP': '40', 'Attack': '55', 'Defense': '80', 'Sp. Atk': '35', 'Sp. Def': '60', 'Speed': '30', 'Total': '300'}"
Metang,375,"['Steel', 'Psychic']","{'HP': '60', 'Attack': '75', 'Defense': '100', 'Sp. Atk': '55', 'Sp. Def': '80', 'Speed': '50', 'Total': '420'}"
Metagross,376,"['Steel', 'Psychic']","{'HP': '80', 'Attack': '135', 'Defense': '130', 'Sp. Atk': '95', 'Sp. Def': '90', 'Speed': '70', 'Total': '600'}"
Regirock,377,['Rock'],"{'HP': '80', 'Attack': '100', 'Defense': '200', 'Sp. Atk': '50', 'Sp. Def': '100', 'Speed': '50', 'Total': '580'}"
Regice,378,['Ice'],"{'HP': '80', 'Attack': '50', 'Defense': '100', 'Sp. Atk': '100', 'Sp. Def': '200', 'Speed': '50', 'Total': '580'}"
Registeel,379,['Steel'],"{'HP': '80', 'Attack': '75', 'Defense': '150', 'Sp. Atk': '75', 'Sp. Def': '150', 'Speed': '50', 'Total': '580'}"
Latias,380,"['Dragon', 'Psychic']","{'HP': '80', 'Attack': '80', 'Defense': '90', 'Sp. Atk': '110', 'Sp. Def': '130', 'Speed': '110', 'Total': '600'}"
Latios,381,"['Dragon', 'Psychic']","{'HP': '80', 'Attack': '90', 'Defense': '80', 'Sp. Atk': '130', 'Sp. Def': '110', 'Speed': '110', 'Total': '600'}"
Kyogre,382,['Water'],"{'HP': '100', 'Attack': '100', 'Defense': '90', 'Sp. Atk': '150', 'Sp. Def': '140', 'Speed': '90', 'Total': '670'}"
Groudon,383,['Ground'],"{'HP': '100', 'Attack': '150', 'Defense': '140', 'Sp. Atk': '100', 'Sp. Def': '90', 'Speed': '90', 'Total': '670'}"
Rayquaza,384,"['Dragon', 'Flying']","{'HP': '105', 'Attack': '150', 'Defense': '90', 'Sp. Atk': '150', 'Sp. Def': '90', 'Speed': '95', 'Total': '680'}"
Jirachi,385,"['Steel', 'Psychic']","{'HP': '100', 'Attack': '100', 'Defense': '100', 'Sp. Atk': '100', 'Sp. Def': '100', 'Speed': '100', 'Total': '600'}"
Deoxys,386,['Psychic'],"{'HP': '50', 'Attack': '150', 'Defense': '50', 'Sp. Atk': '150', 'Sp. Def': '50', 'Speed': '150', 'Total': '600'}"
Turtwig,387,['Grass'],"{'HP': '55', 'Attack': '68', 'Defense': '64', 'Sp. Atk': '45', 'Sp. Def': '55', 'Speed': '31', 'Total': '318'}"
Grotle,388,['Grass'],"{'HP': '75', 'Attack': '89', 'Defense': '85', 'Sp. Atk': '55', 'Sp. Def': '65', 'Speed': '36', 'Total': '405'}"
Torterra,389,"['Grass', 'Ground']","{'HP': '95', 'Attack': '109', 'Defense': '105', 'Sp. Atk': '75', 'Sp. Def': '85', 'Speed': '56', 'Total': '525'}"
Chimchar,390,['Fire'],"{'HP': '44', 'Attack': '58', 'Defense': '44', 'Sp. Atk': '58', 'Sp. Def': '44', 'Speed': '61', 'Total': '309'}"
Monferno,391,"['Fire', 'Fighting']","{'HP': '64', 'Attack': '78', 'Defense': '52', 'Sp. Atk': '78', 'Sp. Def': '52', 'Speed': '81', 'Total': '405'}"
Infernape,392,"['Fire', 'Fighting']","{'HP': '76', 'Attack': '104', 'Defense': '71', 'Sp. Atk': '104', 'Sp. Def': '71', 'Speed': '108', 'Total': '534'}"
Piplup,393,['Water'],"{'HP': '53', 'Attack': '51', 'Defense': '53', 'Sp. Atk': '61', 'Sp. Def': '56', 'Speed': '40', 'Total': '314'}"
Prinplup,394,['Water'],"{'HP': '64', 'Attack': '66', 'Defense': '68', 'Sp. Atk': '81', 'Sp. Def': '76', 'Speed': '50', 'Total': '405'}"
Empoleon,395,"['Water', 'Steel']","{'HP': '84', 'Attack': '86', 'Defense': '88', 'Sp. Atk': '111', 'Sp. Def': '101', 'Speed': '60', 'Total': '530'}"
Starly,396,"['Normal', 'Flying']","{'HP': '40', 'Attack': '55', 'Defense': '30', 'Sp. Atk': '30', 'Sp. Def': '30', 'Speed': '60', 'Total': '245'}"
Staravia,397,"['Normal', 'Flying']","{'HP': '55', 'Attack': '75', 'Defense': '50', 'Sp. Atk': '40', 'Sp. Def': '40', 'Speed': '80', 'Total': '340'}"
Staraptor,398,"['Normal', 'Flying']","{'HP': '85', 'Attack': '120', 'Defense': '70', 'Sp. Atk': '50', 'Sp. Def': '60', 'Speed': '100', 'Total': '485'}"
Bidoof,399,['Normal'],"{'HP': '59', 'Attack': '45', 'Defense': '40', 'Sp. Atk': '35', 'Sp. Def': '40', 'Speed': '31', 'Total': '250'}"
Bibarel,400,"['Normal', 'Water']","{'HP': '79', 'Attack': '85', 'Defense': '60', 'Sp. Atk': '55', 'Sp. Def': '60', 'Speed': '71', 'Total': '410'}"
Kricketot,401,['Bug'],"{'HP': '37', 'Attack': '25', 'Defense': '41', 'Sp. Atk': '25', 'Sp. Def': '41', 'Speed': '25', 'Total': '194'}"
Kricketune,402,['Bug'],"{'HP': '77', 'Attack': '85', 'Defense': '51', 'Sp. Atk': '55', 'Sp. Def': '51', 'Speed': '65', 'Total': '384'}"
Shinx,403,['Electric'],"{'HP': '45', 'Attack': '65', 'Defense': '34', 'Sp. Atk': '40', 'Sp. Def': '34', 'Speed': '45', 'Total': '263'}"
Luxio,404,['Electric'],"{'HP': '60', 'Attack': '85', 'Defense': '49', 'Sp. Atk': '60', 'Sp. Def': '49', 'Speed': '60', 'Total': '363'}"
Luxray,405,['Electric'],"{'HP': '80', 'Attack': '120', 'Defense': '79', 'Sp. Atk': '95', 'Sp. Def': '79', 'Speed': '70', 'Total': '523'}"
Budew,406,"['Grass', 'Poison']","{'HP': '40', 'Attack': '30', 'Defense': '35', 'Sp. Atk': '50', 'Sp. Def': '70', 'Speed': '55', 'Total': '280'}"
Roserade,407,"['Grass', 'Poison']","{'HP': '60', 'Attack': '70', 'Defense': '65', 'Sp. Atk': '125', 'Sp. Def': '105', 'Speed': '90', 'Total': '515'}"
Cranidos,408,['Rock'],"{'HP': '67', 'Attack': '125', 'Defense': '40', 'Sp. Atk': '30', 'Sp. Def': '30', 'Speed': '58', 'Total': '350'}"
Rampardos,409,['Rock'],"{'HP': '97', 'Attack': '165', 'Defense': '60', 'Sp. Atk': '65', 'Sp. Def': '50', 'Speed': '58', 'Total': '495'}"
Shieldon,410,"['Rock', 'Steel']","{'HP': '30', 'Attack': '42', 'Defense': '118', 'Sp. Atk': '42', 'Sp. Def': '88', 'Speed': '30', 'Total': '350'}"
Bastiodon,411,"['Rock', 'Steel']","{'HP': '60', 'Attack': '52', 'Defense': '168', 'Sp. Atk': '47', 'Sp. Def': '138', 'Speed': '30', 'Total': '495'}"
Burmy,412,['Bug'],"{'HP': '40', 'Attack': '29', 'Defense': '45', 'Sp. Atk': '29', 'Sp. Def': '45', 'Speed': '36', 'Total': '224'}"
Wormadam,413,"['Bug', 'Grass']","{'HP': '60', 'Attack': '59', 'Defense': '85', 'Sp. Atk': '79', 'Sp. Def': '105', 'Speed': '36', 'Total': '424'}"
Mothim,414,"['Bug', 'Flying']","{'HP': '70', 'Attack': '94', 'Defense': '50', 'Sp. Atk': '94', 'Sp. Def': '50', 'Speed': '66', 'Total': '424'}"
Combee,415,"['Bug', 'Flying']","{'HP': '30', 'Attack': '30', 'Defense': '42', 'Sp. Atk': '30', 'Sp. Def': '42', 'Speed': '70', 'Total': '244'}"
Vespiquen,416,"['Bug', 'Flying']","{'HP': '70', 'Attack': '80', 'Defense': '102', 'Sp. Atk': '80', 'Sp. Def': '102', 'Speed': '40', 'Total': '474'}"
Pachirisu,417,['Electric'],"{'HP': '60', 'Attack': '45', 'Defense': '70', 'Sp. Atk': '45', 'Sp. Def': '90', 'Speed': '95', 'Total': '405'}"
Buizel,418,['Water'],"{'HP': '55', 'Attack': '65', 'Defense': '35', 'Sp. Atk': '60', 'Sp. Def': '30', 'Speed': '85', 'Total': '330'}"
Floatzel,419,['Water'],"{'HP': '85', 'Attack': '105', 'Defense': '55', 'Sp. Atk': '85', 'Sp. Def': '50', 'Speed': '115', 'Total': '495'}"
Cherubi,420,['Grass'],"{'HP': '45', 'Attack': '35', 'Defense': '45', 'Sp. Atk': '62', 'Sp. Def': '53', 'Speed': '35', 'Total': '275'}"
Cherrim,421,['Grass'],"{'HP': '70', 'Attack': '60', 'Defense': '70', 'Sp. Atk': '87', 'Sp. Def': '78', 'Speed': '85', 'Total': '450'}"
Shellos,422,['Water'],"{'HP': '76', 'Attack': '48', 'Defense': '48', 'Sp. Atk': '57', 'Sp. Def': '62', 'Speed': '34', 'Total': '325'}"
Gastrodon,423,"['Water', 'Ground']","{'HP': '111', 'Attack': '83', 'Defense': '68', 'Sp. Atk': '92', 'Sp. Def': '82', 'Speed': '39', 'Total': '475'}"
Ambipom,424,['Normal'],"{'HP': '75', 'Attack': '100', 'Defense': '66', 'Sp. Atk': '60', 'Sp. Def': '66', 'Speed': '115', 'Total': '482'}"
Drifloon,425,"['Ghost', 'Flying']","{'HP': '90', 'Attack': '50', 'Defense': '34', 'Sp. Atk': '60', 'Sp. Def': '44', 'Speed': '70', 'Total': '348'}"
Drifblim,426,"['Ghost', 'Flying']","{'HP': '150', 'Attack': '80', 'Defense': '44', 'Sp. Atk': '90', 'Sp. Def': '54', 'Speed': '80', 'Total': '498'}"
Buneary,427,['Normal'],"{'HP': '55', 'Attack': '66', 'Defense': '44', 'Sp. Atk': '44', 'Sp. Def': '56', 'Speed': '85', 'Total': '350'}"
Lopunny,428,['Normal'],"{'HP': '65', 'Attack': '76', 'Defense': '84', 'Sp. Atk': '54', 'Sp. Def': '96', 'Speed': '105', 'Total': '480'}"
Mismagius,429,['Ghost'],"{'HP': '60', 'Attack': '60', 'Defense': '60', 'Sp. Atk': '105', 'Sp. Def': '105', 'Speed': '105', 'Total': '495'}"
Honchkrow,430,"['Dark', 'Flying']","{'HP': '100', 'Attack': '125', 'Defense': '52', 'Sp. Atk': '105', 'Sp. Def': '52', 'Speed': '71', 'Total': '505'}"
Glameow,431,['Normal'],"{'HP': '49', 'Attack': '55', 'Defense': '42', 'Sp. Atk': '42', 'Sp. Def': '37', 'Speed': '85', 'Total': '310'}"
Purugly,432,['Normal'],"{'HP': '71', 'Attack': '82', 'Defense': '64', 'Sp. Atk': '64', 'Sp. Def': '59', 'Speed': '112', 'Total': '452'}"
Chingling,433,['Psychic'],"{'HP': '45', 'Attack': '30', 'Defense': '50', 'Sp. Atk': '65', 'Sp. Def': '50', 'Speed': '45', 'Total': '285'}"
Stunky,434,"['Poison', 'Dark']","{'HP': '63', 'Attack': '63', 'Defense': '47', 'Sp. Atk': '41', 'Sp. Def': '41', 'Speed': '74', 'Total': '329'}"
Skuntank,435,"['Poison', 'Dark']","{'HP': '103', 'Attack': '93', 'Defense': '67', 'Sp. Atk': '71', 'Sp. Def': '61', 'Speed': '84', 'Total': '479'}"
Bronzor,436,"['Steel', 'Psychic']","{'HP': '57', 'Attack': '24', 'Defense': '86', 'Sp. Atk': '24', 'Sp. Def': '86', 'Speed': '23', 'Total': '300'}"
Bronzong,437,"['Steel', 'Psychic']","{'HP': '67', 'Attack': '89', 'Defense': '116', 'Sp. Atk': '79', 'Sp. Def': '116', 'Speed': '33', 'Total': '500'}"
Bonsly,438,['Rock'],"{'HP': '50', 'Attack': '80', 'Defense': '95', 'Sp. Atk': '10', 'Sp. Def': '45', 'Speed': '10', 'Total': '290'}"
Mime Jr.,439,"['Psychic', 'Fairy']","{'HP': '20', 'Attack': '25', 'Defense': '45', 'Sp. Atk': '70', 'Sp. Def': '90', 'Speed': '60', 'Total': '310'}"
Happiny,440,['Normal'],"{'HP': '100', 'Attack': '5', 'Defense': '5', 'Sp. Atk': '15', 'Sp. Def': '65', 'Speed': '30', 'Total': '220'}"
Chatot,441,"['Normal', 'Flying']","{'HP': '76', 'Attack': '65', 'Defense': '45', 'Sp. Atk': '92', 'Sp. Def': '42', 'Speed': '91', 'Total': '411'}"
Spiritomb,442,"['Ghost', 'Dark']","{'HP': '50', 'Attack': '92', 'Defense': '108', 'Sp. Atk': '92', 'Sp. Def': '108', 'Speed': '35', 'Total': '485'}"
Gible,443,"['Dragon', 'Ground']","{'HP': '58', 'Attack': '70', 'Defense': '45', 'Sp. Atk': '40', 'Sp. Def': '45', 'Speed': '42', 'Total': '300'}"
Gabite,444,"['Dragon', 'Ground']","{'HP': '68', 'Attack': '90', 'Defense': '65', 'Sp. Atk': '50', 'Sp. Def': '55', 'Speed': '82', 'Total': '410'}"
Garchomp,445,"['Dragon', 'Ground']","{'HP': '108', 'Attack': '130', 'Defense': '95', 'Sp. Atk': '80', 'Sp. Def': '85', 'Speed': '102', 'Total': '600'}"
Munchlax,446,['Normal'],"{'HP': '135', 'Attack': '85', 'Defense': '40', 'Sp. Atk': '40', 'Sp. Def': '85', 'Speed': '5', 'Total': '390'}"
Riolu,447,['Fighting'],"{'HP': '40', 'Attack': '70', 'Defense': '40', 'Sp. Atk': '35', 'Sp. Def': '40', 'Speed': '60', 'Total': '285'}"
Lucario,448,"['Fighting', 'Steel']","{'HP': '70', 'Attack': '110', 'Defense': '70', 'Sp. Atk': '115', 'Sp. Def': '70', 'Speed': '90', 'Total': '525'}"
Hippopotas,449,['Ground'],"{'HP': '68', 'Attack': '72', 'Defense': '78', 'Sp. Atk': '38', 'Sp. Def': '42', 'Speed': '32', 'Total': '330'}"
Hippowdon,450,['Ground'],"{'HP': '108', 'Attack': '112', 'Defense': '118', 'Sp. Atk': '68', 'Sp. Def': '72', 'Speed': '47', 'Total': '525'}"
Skorupi,451,"['Poison', 'Bug']","{'HP': '40', 'Attack': '50', 'Defense': '90', 'Sp. Atk': '30', 'Sp. Def': '55', 'Speed': '65', 'Total': '330'}"
Drapion,452,"['Poison', 'Dark']","{'HP': '70', 'Attack': '90', 'Defense': '110', 'Sp. Atk': '60', 'Sp. Def': '75', 'Speed': '95', 'Total': '500'}"
Croagunk,453,"['Poison', 'Fighting']","{'HP': '48', 'Attack': '61', 'Defense': '40', 'Sp. Atk': '61', 'Sp. Def': '40', 'Speed': '50', 'Total': '300'}"
Toxicroak,454,"['Poison', 'Fighting']","{'HP': '83', 'Attack': '106', 'Defense': '65', 'Sp. Atk': '86', 'Sp. Def': '65', 'Speed': '85', 'Total': '490'}"
Carnivine,455,['Grass'],"{'HP': '74', 'Attack': '100', 'Defense': '72', 'Sp. Atk': '90', 'Sp. Def': '72', 'Speed': '46', 'Total': '454'}"
Finneon,456,['Water'],"{'HP': '49', 'Attack': '49', 'Defense': '56', 'Sp. Atk': '49', 'Sp. Def': '61', 'Speed': '66', 'Total': '330'}"
Lumineon,457,['Water'],"{'HP': '69', 'Attack': '69', 'Defense': '76', 'Sp. Atk': '69', 'Sp. Def': '86', 'Speed': '91', 'Total': '460'}"
Mantyke,458,"['Water', 'Flying']","{'HP': '45', 'Attack': '20', 'Defense': '50', 'Sp. Atk': '60', 'Sp. Def': '120', 'Speed': '50', 'Total': '345'}"
Snover,459,"['Grass', 'Ice']","{'HP': '60', 'Attack': '62', 'Defense': '50', 'Sp. Atk': '62', 'Sp. Def': '60', 'Speed': '40', 'Total': '334'}"
Abomasnow,460,"['Grass', 'Ice']","{'HP': '90', 'Attack': '92', 'Defense': '75', 'Sp. Atk': '92', 'Sp. Def': '85', 'Speed': '60', 'Total': '494'}"
Weavile,461,"['Dark', 'Ice']","{'HP': '70', 'Attack': '120', 'Defense': '65', 'Sp. Atk': '45', 'Sp. Def': '85', 'Speed': '125', 'Total': '510'}"
Magnezone,462,"['Electric', 'Steel']","{'HP': '70', 'Attack': '70', 'Defense': '115', 'Sp. Atk': '130', 'Sp. Def': '90', 'Speed': '60', 'Total': '535'}"
Lickilicky,463,['Normal'],"{'HP': '110', 'Attack': '85', 'Defense': '95', 'Sp. Atk': '80', 'Sp. Def': '95', 'Speed': '50', 'Total': '515'}"
Rhyperior,464,"['Ground', 'Rock']","{'HP': '115', 'Attack': '140', 'Defense': '130', 'Sp. Atk': '55', 'Sp. Def': '55', 'Speed': '40', 'Total': '535'}"
Tangrowth,465,['Grass'],"{'HP': '100', 'Attack': '100', 'Defense': '125', 'Sp. Atk': '110', 'Sp. Def': '50', 'Speed': '50', 'Total': '535'}"
Electivire,466,['Electric'],"{'HP': '75', 'Attack': '123', 'Defense': '67', 'Sp. Atk': '95', 'Sp. Def': '85', 'Speed': '95', 'Total': '540'}"
Magmortar,467,['Fire'],"{'HP': '75', 'Attack': '95', 'Defense': '67', 'Sp. Atk': '125', 'Sp. Def': '95', 'Speed': '83', 'Total': '540'}"
Togekiss,468,"['Fairy', 'Flying']","{'HP': '85', 'Attack': '50', 'Defense': '95', 'Sp. Atk': '120', 'Sp. Def': '115', 'Speed': '80', 'Total': '545'}"
Yanmega,469,"['Bug', 'Flying']","{'HP': '86', 'Attack': '76', 'Defense': '86', 'Sp. Atk': '116', 'Sp. Def': '56', 'Speed': '95', 'Total': '515'}"
Leafeon,470,['Grass'],"{'HP': '65', 'Attack': '110', 'Defense': '130', 'Sp. Atk': '60', 'Sp. Def': '65', 'Speed': '95', 'Total': '525'}"
Glaceon,471,['Ice'],"{'HP': '65', 'Attack': '60', 'Defense': '110', 'Sp. Atk': '130', 'Sp. Def': '95', 'Speed': '65', 'Total': '525'}"
Gliscor,472,"['Ground', 'Flying']","{'HP': '75', 'Attack': '95', 'Defense': '125', 'Sp. Atk': '45', 'Sp. Def': '75', 'Speed': '95', 'Total': '510'}"
Mamoswine,473,"['Ice', 'Ground']","{'HP': '110', 'Attack': '130', 'Defense': '80', 'Sp. Atk': '70', 'Sp. Def': '60', 'Speed': '80', 'Total': '530'}"
Porygon-Z,474,['Normal'],"{'HP': '85', 'Attack': '80', 'Defense': '70', 'Sp. Atk': '135', 'Sp. Def': '75', 'Speed': '90', 'Total': '535'}"
Gallade,475,"['Psychic', 'Fighting']","{'HP': '68', 'Attack': '125', 'Defense': '65', 'Sp. Atk': '65', 'Sp. Def': '115', 'Speed': '80', 'Total': '518'}"
Probopass,476,"['Rock', 'Steel']","{'HP': '60', 'Attack': '55', 'Defense': '145', 'Sp. Atk': '75', 'Sp. Def': '150', 'Speed': '40', 'Total': '525'}"
Dusknoir,477,['Ghost'],"{'HP': '45', 'Attack': '100', 'Defense': '135', 'Sp. Atk': '65', 'Sp. Def': '135', 'Speed': '45', 'Total': '525'}"
Froslass,478,"['Ice', 'Ghost']","{'HP': '70', 'Attack': '80', 'Defense': '70', 'Sp. Atk': '80', 'Sp. Def': '70', 'Speed': '110', 'Total': '480'}"
Rotom,479,"['Electric', 'Ghost']","{'HP': '50', 'Attack': '50', 'Defense': '77', 'Sp. Atk': '95', 'Sp. Def': '77', 'Speed': '91', 'Total': '440'}"
Uxie,480,['Psychic'],"{'HP': '75', 'Attack': '75', 'Defense': '130', 'Sp. Atk': '75', 'Sp. Def': '130', 'Speed': '95', 'Total': '580'}"
Mesprit,481,['Psychic'],"{'HP': '80', 'Attack': '105', 'Defense': '105', 'Sp. Atk': '105', 'Sp. Def': '105', 'Speed': '80', 'Total': '580'}"
Azelf,482,['Psychic'],"{'HP': '75', 'Attack': '125', 'Defense': '70', 'Sp. Atk': '125', 'Sp. Def': '70', 'Speed': '115', 'Total': '580'}"
Dialga,483,"['Steel', 'Dragon']","{'HP': '100', 'Attack': '120', 'Defense': '120', 'Sp. Atk': '150', 'Sp. Def': '100', 'Speed': '90', 'Total': '680'}"
Palkia,484,"['Water', 'Dragon']","{'HP': '90', 'Attack': '120', 'Defense': '100', 'Sp. Atk': '150', 'Sp. Def': '120', 'Speed': '100', 'Total': '680'}"
Heatran,485,"['Fire', 'Steel']","{'HP': '91', 'Attack': '90', 'Defense': '106', 'Sp. Atk': '130', 'Sp. Def': '106', 'Speed': '77', 'Total': '600'}"
Regigigas,486,['Normal'],"{'HP': '110', 'Attack': '160', 'Defense': '110', 'Sp. Atk': '80', 'Sp. Def': '110', 'Speed': '100', 'Total': '670'}"
Giratina,487,"['Ghost', 'Dragon']","{'HP': '150', 'Attack': '100', 'Defense': '120', 'Sp. Atk': '100', 'Sp. Def': '120', 'Speed': '90', 'Total': '680'}"
Cresselia,488,['Psychic'],"{'HP': '120', 'Attack': '70', 'Defense': '110', 'Sp. Atk': '75', 'Sp. Def': '120', 'Speed': '85', 'Total': '580'}"
Phione,489,['Water'],"{'HP': '80', 'Attack': '80', 'Defense': '80', 'Sp. Atk': '80', 'Sp. Def': '80', 'Speed': '80', 'Total': '480'}"
Manaphy,490,['Water'],"{'HP': '100', 'Attack': '100', 'Defense': '100', 'Sp. Atk': '100', 'Sp. Def': '100', 'Speed': '100', 'Total': '600'}"
Darkrai,491,['Dark'],"{'HP': '70', 'Attack': '90', 'Defense': '90', 'Sp. Atk': '135', 'Sp. Def': '90', 'Speed': '125', 'Total': '600'}"
Shaymin,492,['Grass'],"{'HP': '100', 'Attack': '100', 'Defense': '100', 'Sp. Atk': '100', 'Sp. Def': '100', 'Speed': '100', 'Total': '600'}"
Arceus,493,['Normal'],"{'HP': '120', 'Attack': '120', 'Defense': '120', 'Sp. Atk': '120', 'Sp. Def': '120', 'Speed': '120', 'Total': '720'}"
Victini,494,"['Psychic', 'Fire']","{'HP': '100', 'Attack': '100', 'Defense': '100', 'Sp. Atk': '100', 'Sp. Def': '100', 'Speed': '100', 'Total': '600'}"
Snivy,495,['Grass'],"{'HP': '45', 'Attack': '45', 'Defense': '55', 'Sp. Atk': '45', 'Sp. Def': '55', 'Speed': '63', 'Total': '308'}"
Servine,496,['Grass'],"{'HP': '60', 'Attack': '60', 'Defense': '75', 'Sp. Atk': '60', 'Sp. Def': '75', 'Speed': '83', 'Total': '413'}"
Serperior,497,['Grass'],"{'HP': '75', 'Attack': '75', 'Defense': '95', 'Sp. Atk': '75', 'Sp. Def': '95', 'Speed': '113', 'Total': '528'}"
Tepig,498,['Fire'],"{'HP': '65', 'Attack': '63', 'Defense': '45', 'Sp. Atk': '45', 'Sp. Def': '45', 'Speed': '45', 'Total': '308'}"
Pignite,499,"['Fire', 'Fighting']","{'HP': '90', 'Attack': '93', 'Defense': '55', 'Sp. Atk': '70', 'Sp. Def': '55', 'Speed': '55', 'Total': '418'}"
Emboar,500,"['Fire', 'Fighting']","{'HP': '110', 'Attack': '123', 'Defense': '65', 'Sp. Atk': '100', 'Sp. Def': '65', 'Speed': '65', 'Total': '528'}"
Oshawott,501,['Water'],"{'HP': '55', 'Attack': '55', 'Defense': '45', 'Sp. Atk': '63', 'Sp. Def': '45', 'Speed': '45', 'Total': '308'}"
Dewott,502,['Water'],"{'HP': '75', 'Attack': '75', 'Defense': '60', 'Sp. Atk': '83', 'Sp. Def': '60', 'Speed': '60', 'Total': '413'}"
Samurott,503,['Water'],"{'HP': '95', 'Attack': '100', 'Defense': '85', 'Sp. Atk': '108', 'Sp. Def': '70', 'Speed': '70', 'Total': '528'}"
Patrat,504,['Normal'],"{'HP': '45', 'Attack': '55', 'Defense': '39', 'Sp. Atk': '35', 'Sp. Def': '39', 'Speed': '42', 'Total': '255'}"
Watchog,505,['Normal'],"{'HP': '60', 'Attack': '85', 'Defense': '69', 'Sp. Atk': '60', 'Sp. Def': '69', 'Speed': '77', 'Total': '420'}"
Lillipup,506,['Normal'],"{'HP': '45', 'Attack': '60', 'Defense': '45', 'Sp. Atk': '25', 'Sp. Def': '45', 'Speed': '55', 'Total': '275'}"
Herdier,507,['Normal'],"{'HP': '65', 'Attack': '80', 'Defense': '65', 'Sp. Atk': '35', 'Sp. Def': '65', 'Speed': '60', 'Total': '370'}"
Stoutland,508,['Normal'],"{'HP': '85', 'Attack': '110', 'Defense': '90', 'Sp. Atk': '45', 'Sp. Def': '90', 'Speed': '80', 'Total': '500'}"
Purrloin,509,['Dark'],"{'HP': '41', 'Attack': '50', 'Defense': '37', 'Sp. Atk': '50', 'Sp. Def': '37', 'Speed': '66', 'Total': '281'}"
Liepard,510,['Dark'],"{'HP': '64', 'Attack': '88', 'Defense': '50', 'Sp. Atk': '88', 'Sp. Def': '50', 'Speed': '106', 'Total': '446'}"
Pansage,511,['Grass'],"{'HP': '50', 'Attack': '53', 'Defense': '48', 'Sp. Atk': '53', 'Sp. Def': '48', 'Speed': '64', 'Total': '316'}"
Simisage,512,['Grass'],"{'HP': '75', 'Attack': '98', 'Defense': '63', 'Sp. Atk': '98', 'Sp. Def': '63', 'Speed': '101', 'Total': '498'}"
Pansear,513,['Fire'],"{'HP': '50', 'Attack': '53', 'Defense': '48', 'Sp. Atk': '53', 'Sp. Def': '48', 'Speed': '64', 'Total': '316'}"
Simisear,514,['Fire'],"{'HP': '75', 'Attack': '98', 'Defense': '63', 'Sp. Atk': '98', 'Sp. Def': '63', 'Speed': '101', 'Total': '498'}"
Panpour,515,['Water'],"{'HP': '50', 'Attack': '53', 'Defense': '48', 'Sp. Atk': '53', 'Sp. Def': '48', 'Speed': '64', 'Total': '316'}"
Simipour,516,['Water'],"{'HP': '75', 'Attack': '98', 'Defense': '63', 'Sp. Atk': '98', 'Sp. Def': '63', 'Speed': '101', 'Total': '498'}"
Munna,517,['Psychic'],"{'HP': '76', 'Attack': '25', 'Defense': '45', 'Sp. Atk': '67', 'Sp. Def': '55', 'Speed': '24', 'Total': '292'}"
Musharna,518,['Psychic'],"{'HP': '116', 'Attack': '55', 'Defense': '85', 'Sp. Atk': '107', 'Sp. Def': '95', 'Speed': '29', 'Total': '487'}"
Pidove,519,"['Normal', 'Flying']","{'HP': '50', 'Attack': '55', 'Defense': '50', 'Sp. Atk': '36', 'Sp. Def': '30', 'Speed': '43', 'Total': '264'}"
Tranquill,520,"['Normal', 'Flying']","{'HP': '62', 'Attack': '77', 'Defense': '62', 'Sp. Atk': '50', 'Sp. Def': '42', 'Speed': '65', 'Total': '358'}"
Unfezant,521,"['Normal', 'Flying']","{'HP': '80', 'Attack': '115', 'Defense': '80', 'Sp. Atk': '65', 'Sp. Def': '55', 'Speed': '93', 'Total': '488'}"
Blitzle,522,['Electric'],"{'HP': '45', 'Attack': '60', 'Defense': '32', 'Sp. Atk': '50', 'Sp. Def': '32', 'Speed': '76', 'Total': '295'}"
Zebstrika,523,['Electric'],"{'HP': '75', 'Attack': '100', 'Defense': '63', 'Sp. Atk': '80', 'Sp. Def': '63', 'Speed': '116', 'Total': '497'}"
Roggenrola,524,['Rock'],"{'HP': '55', 'Attack': '75', 'Defense': '85', 'Sp. Atk': '25', 'Sp. Def': '25', 'Speed': '15', 'Total': '280'}"
Boldore,525,['Rock'],"{'HP': '70', 'Attack': '105', 'Defense': '105', 'Sp. Atk': '50', 'Sp. Def': '40', 'Speed': '20', 'Total': '390'}"
Gigalith,526,['Rock'],"{'HP': '85', 'Attack': '135', 'Defense': '130', 'Sp. Atk': '60', 'Sp. Def': '80', 'Speed': '25', 'Total': '515'}"
Woobat,527,"['Psychic', 'Flying']","{'HP': '65', 'Attack': '45', 'Defense': '43', 'Sp. Atk': '55', 'Sp. Def': '43', 'Speed': '72', 'Total': '323'}"
Swoobat,528,"['Psychic', 'Flying']","{'HP': '67', 'Attack': '57', 'Defense': '55', 'Sp. Atk': '77', 'Sp. Def': '55', 'Speed': '114', 'Total': '425'}"
Drilbur,529,['Ground'],"{'HP': '60', 'Attack': '85', 'Defense': '40', 'Sp. Atk': '30', 'Sp. Def': '45', 'Speed': '68', 'Total': '328'}"
Excadrill,530,"['Ground', 'Steel']","{'HP': '110', 'Attack': '135', 'Defense': '60', 'Sp. Atk': '50', 'Sp. Def': '65', 'Speed': '88', 'Total': '508'}"
Audino,531,['Normal'],"{'HP': '103', 'Attack': '60', 'Defense': '86', 'Sp. Atk': '60', 'Sp. Def': '86', 'Speed': '50', 'Total': '445'}"
Timburr,532,['Fighting'],"{'HP': '75', 'Attack': '80', 'Defense': '55', 'Sp. Atk': '25', 'Sp. Def': '35', 'Speed': '35', 'Total': '305'}"
Gurdurr,533,['Fighting'],"{'HP': '85', 'Attack': '105', 'Defense': '85', 'Sp. Atk': '40', 'Sp. Def': '50', 'Speed': '40', 'Total': '405'}"
Conkeldurr,534,['Fighting'],"{'HP': '105', 'Attack': '140', 'Defense': '95', 'Sp. Atk': '55', 'Sp. Def': '65', 'Speed': '45', 'Total': '505'}"
Tympole,535,['Water'],"{'HP': '50', 'Attack': '50', 'Defense': '40', 'Sp. Atk': '50', 'Sp. Def': '40', 'Speed': '64', 'Total': '294'}"
Palpitoad,536,"['Water', 'Ground']","{'HP': '75', 'Attack': '65', 'Defense': '55', 'Sp. Atk': '65', 'Sp. Def': '55', 'Speed': '69', 'Total': '384'}"
Seismitoad,537,"['Water', 'Ground']","{'HP': '105', 'Attack': '95', 'Defense': '75', 'Sp. Atk': '85', 'Sp. Def': '75', 'Speed': '74', 'Total': '509'}"
Throh,538,['Fighting'],"{'HP': '120', 'Attack': '100', 'Defense': '85', 'Sp. Atk': '30', 'Sp. Def': '85', 'Speed': '45', 'Total': '465'}"
Sawk,539,['Fighting'],"{'HP': '75', 'Attack': '125', 'Defense': '75', 'Sp. Atk': '30', 'Sp. Def': '75', 'Speed': '85', 'Total': '465'}"
Sewaddle,540,"['Bug', 'Grass']","{'HP': '45', 'Attack': '53', 'Defense': '70', 'Sp. Atk': '40', 'Sp. Def': '60', 'Speed': '42', 'Total': '310'}"
Swadloon,541,"['Bug', 'Grass']","{'HP': '55', 'Attack': '63', 'Defense': '90', 'Sp. Atk': '50', 'Sp. Def': '80', 'Speed': '42', 'Total': '380'}"
Leavanny,542,"['Bug', 'Grass']","{'HP': '75', 'Attack': '103', 'Defense': '80', 'Sp. Atk': '70', 'Sp. Def': '80', 'Speed': '92', 'Total': '500'}"
Venipede,543,"['Bug', 'Poison']","{'HP': '30', 'Attack': '45', 'Defense': '59', 'Sp. Atk': '30', 'Sp. Def': '39', 'Speed': '57', 'Total': '260'}"
Whirlipede,544,"['Bug', 'Poison']","{'HP': '40', 'Attack': '55', 'Defense': '99', 'Sp. Atk': '40', 'Sp. Def': '79', 'Speed': '47', 'Total': '360'}"
Scolipede,545,"['Bug', 'Poison']","{'HP': '60', 'Attack': '100', 'Defense': '89', 'Sp. Atk': '55', 'Sp. Def': '69', 'Speed': '112', 'Total': '485'}"
Cottonee,546,"['Grass', 'Fairy']","{'HP': '40', 'Attack': '27', 'Defense': '60', 'Sp. Atk': '37', 'Sp. Def': '50', 'Speed': '66', 'Total': '280'}"
Whimsicott,547,"['Grass', 'Fairy']","{'HP': '60', 'Attack': '67', 'Defense': '85', 'Sp. Atk': '77', 'Sp. Def': '75', 'Speed': '116', 'Total': '480'}"
Petilil,548,['Grass'],"{'HP': '45', 'Attack': '35', 'Defense': '50', 'Sp. Atk': '70', 'Sp. Def': '50', 'Speed': '30', 'Total': '280'}"
Lilligant,549,['Grass'],"{'HP': '70', 'Attack': '60', 'Defense': '75', 'Sp. Atk': '110', 'Sp. Def': '75', 'Speed': '90', 'Total': '480'}"
Basculin,550,['Water'],"{'HP': '70', 'Attack': '92', 'Defense': '65', 'Sp. Atk': '80', 'Sp. Def': '55', 'Speed': '98', 'Total': '460'}"
Sandile,551,"['Ground', 'Dark']","{'HP': '50', 'Attack': '72', 'Defense': '35', 'Sp. Atk': '35', 'Sp. Def': '35', 'Speed': '65', 'Total': '292'}"
Krokorok,552,"['Ground', 'Dark']","{'HP': '60', 'Attack': '82', 'Defense': '45', 'Sp. Atk': '45', 'Sp. Def': '45', 'Speed': '74', 'Total': '351'}"
Krookodile,553,"['Ground', 'Dark']","{'HP': '95', 'Attack': '117', 'Defense': '80', 'Sp. Atk': '65', 'Sp. Def': '70', 'Speed': '92', 'Total': '519'}"
Darumaka,554,['Fire'],"{'HP': '70', 'Attack': '90', 'Defense': '45', 'Sp. Atk': '15', 'Sp. Def': '45', 'Speed': '50', 'Total': '315'}"
Darmanitan,555,['Fire'],"{'HP': '105', 'Attack': '140', 'Defense': '55', 'Sp. Atk': '30', 'Sp. Def': '55', 'Speed': '95', 'Total': '480'}"
Maractus,556,['Grass'],"{'HP': '75', 'Attack': '86', 'Defense': '67', 'Sp. Atk': '106', 'Sp. Def': '67', 'Speed': '60', 'Total': '461'}"
Dwebble,557,"['Bug', 'Rock']","{'HP': '50', 'Attack': '65', 'Defense': '85', 'Sp. Atk': '35', 'Sp. Def': '35', 'Speed': '55', 'Total': '325'}"
Crustle,558,"['Bug', 'Rock']","{'HP': '70', 'Attack': '105', 'Defense': '125', 'Sp. Atk': '65', 'Sp. Def': '75', 'Speed': '45', 'Total': '485'}"
Scraggy,559,"['Dark', 'Fighting']","{'HP': '50', 'Attack': '75', 'Defense': '70', 'Sp. Atk': '35', 'Sp. Def': '70', 'Speed': '48', 'Total': '348'}"
Scrafty,560,"['Dark', 'Fighting']","{'HP': '65', 'Attack': '90', 'Defense': '115', 'Sp. Atk': '45', 'Sp. Def': '115', 'Speed': '58', 'Total': '488'}"
Sigilyph,561,"['Psychic', 'Flying']","{'HP': '72', 'Attack': '58', 'Defense': '80', 'Sp. Atk': '103', 'Sp. Def': '80', 'Speed': '97', 'Total': '490'}"
Yamask,562,['Ghost'],"{'HP': '38', 'Attack': '30', 'Defense': '85', 'Sp. Atk': '55', 'Sp. Def': '65', 'Speed': '30', 'Total': '303'}"
Cofagrigus,563,['Ghost'],"{'HP': '58', 'Attack': '50', 'Defense': '145', 'Sp. Atk': '95', 'Sp. Def': '105', 'Speed': '30', 'Total': '483'}"
Tirtouga,564,"['Water', 'Rock']","{'HP': '54', 'Attack': '78', 'Defense': '103', 'Sp. Atk': '53', 'Sp. Def': '45', 'Speed': '22', 'Total': '355'}"
Carracosta,565,"['Water', 'Rock']","{'HP': '74', 'Attack': '108', 'Defense': '133', 'Sp. Atk': '83', 'Sp. Def': '65', 'Speed': '32', 'Total': '495'}"
Archen,566,"['Rock', 'Flying']","{'HP': '55', 'Attack': '112', 'Defense': '45', 'Sp. Atk': '74', 'Sp. Def': '45', 'Speed': '70', 'Total': '401'}"
Archeops,567,"['Rock', 'Flying']","{'HP': '75', 'Attack': '140', 'Defense': '65', 'Sp. Atk': '112', 'Sp. Def': '65', 'Speed': '110', 'Total': '567'}"
Trubbish,568,['Poison'],"{'HP': '50', 'Attack': '50', 'Defense': '62', 'Sp. Atk': '40', 'Sp. Def': '62', 'Speed': '65', 'Total': '329'}"
Garbodor,569,['Poison'],"{'HP': '80', 'Attack': '95', 'Defense': '82', 'Sp. Atk': '60', 'Sp. Def': '82', 'Speed': '75', 'Total': '474'}"
Zorua,570,['Dark'],"{'HP': '40', 'Attack': '65', 'Defense': '40', 'Sp. Atk': '80', 'Sp. Def': '40', 'Speed': '65', 'Total': '330'}"
Zoroark,571,['Dark'],"{'HP': '60', 'Attack': '105', 'Defense': '60', 'Sp. Atk': '120', 'Sp. Def': '60', 'Speed': '105', 'Total': '510'}"
Minccino,572,['Normal'],"{'HP': '55', 'Attack': '50', 'Defense': '40', 'Sp. Atk': '40', 'Sp. Def': '40', 'Speed': '75', 'Total': '300'}"
Cinccino,573,['Normal'],"{'HP': '75', 'Attack': '95', 'Defense': '60', 'Sp. Atk': '65', 'Sp. Def': '60', 'Speed': '115', 'Total': '470'}"
Gothita,574,['Psychic'],"{'HP': '45', 'Attack': '30', 'Defense': '50', 'Sp. Atk': '55', 'Sp. Def': '65', 'Speed': '45', 'Total': '290'}"
Gothorita,575,['Psychic'],"{'HP': '60', 'Attack': '45', 'Defense': '70', 'Sp. Atk': '75', 'Sp. Def': '85', 'Speed': '55', 'Total': '390'}"
Gothitelle,576,['Psychic'],"{'HP': '70', 'Attack': '55', 'Defense': '95', 'Sp. Atk': '95', 'Sp. Def': '110', 'Speed': '65', 'Total': '490'}"
Solosis,577,['Psychic'],"{'HP': '45', 'Attack': '30', 'Defense': '40', 'Sp. Atk': '105', 'Sp. Def': '50', 'Speed': '20', 'Total': '290'}"
Duosion,578,['Psychic'],"{'HP': '65', 'Attack': '40', 'Defense': '50', 'Sp. Atk': '125', 'Sp. Def': '60', 'Speed': '30', 'Total': '370'}"
Reuniclus,579,['Psychic'],"{'HP': '110', 'Attack': '65', 'Defense': '75', 'Sp. Atk': '125', 'Sp. Def': '85', 'Speed': '30', 'Total': '490'}"
Ducklett,580,"['Water', 'Flying']","{'HP': '62', 'Attack': '44', 'Defense': '50', 'Sp. Atk': '44', 'Sp. Def': '50', 'Speed': '55', 'Total': '305'}"
Swanna,581,"['Water', 'Flying']","{'HP': '75', 'Attack': '87', 'Defense': '63', 'Sp. Atk': '87', 'Sp. Def': '63', 'Speed': '98', 'Total': '473'}"
Vanillite,582,['Ice'],"{'HP': '36', 'Attack': '50', 'Defense': '50', 'Sp. Atk': '65', 'Sp. Def': '60', 'Speed': '44', 'Total': '305'}"
Vanillish,583,['Ice'],"{'HP': '51', 'Attack': '65', 'Defense': '65', 'Sp. Atk': '80', 'Sp. Def': '75', 'Speed': '59', 'Total': '395'}"
Vanilluxe,584,['Ice'],"{'HP': '71', 'Attack': '95', 'Defense': '85', 'Sp. Atk': '110', 'Sp. Def': '95', 'Speed': '79', 'Total': '535'}"
Deerling,585,"['Normal', 'Grass']","{'HP': '60', 'Attack': '60', 'Defense': '50', 'Sp. Atk': '40', 'Sp. Def': '50', 'Speed': '75', 'Total': '335'}"
Sawsbuck,586,"['Normal', 'Grass']","{'HP': '80', 'Attack': '100', 'Defense': '70', 'Sp. Atk': '60', 'Sp. Def': '70', 'Speed': '95', 'Total': '475'}"
Emolga,587,"['Electric', 'Flying']","{'HP': '55', 'Attack': '75', 'Defense': '60', 'Sp. Atk': '75', 'Sp. Def': '60', 'Speed': '103', 'Total': '428'}"
Karrablast,588,['Bug'],"{'HP': '50', 'Attack': '75', 'Defense': '45', 'Sp. Atk': '40', 'Sp. Def': '45', 'Speed': '60', 'Total': '315'}"
Escavalier,589,"['Bug', 'Steel']","{'HP': '70', 'Attack': '135', 'Defense': '105', 'Sp. Atk': '60', 'Sp. Def': '105', 'Speed': '20', 'Total': '495'}"
Foongus,590,"['Grass', 'Poison']","{'HP': '69', 'Attack': '55', 'Defense': '45', 'Sp. Atk': '55', 'Sp. Def': '55', 'Speed': '15', 'Total': '294'}"
Amoonguss,591,"['Grass', 'Poison']","{'HP': '114', 'Attack': '85', 'Defense': '70', 'Sp. Atk': '85', 'Sp. Def': '80', 'Speed': '30', 'Total': '464'}"
Frillish,592,"['Water', 'Ghost']","{'HP': '55', 'Attack': '40', 'Defense': '50', 'Sp. Atk': '65', 'Sp. Def': '85', 'Speed': '40', 'Total': '335'}"
Jellicent,593,"['Water', 'Ghost']","{'HP': '100', 'Attack': '60', 'Defense': '70', 'Sp. Atk': '85', 'Sp. Def': '105', 'Speed': '60', 'Total': '480'}"
Alomomola,594,['Water'],"{'HP': '165', 'Attack': '75', 'Defense': '80', 'Sp. Atk': '40', 'Sp. Def': '45', 'Speed': '65', 'Total': '470'}"
Joltik,595,"['Bug', 'Electric']","{'HP': '50', 'Attack': '47', 'Defense': '50', 'Sp. Atk': '57', 'Sp. Def': '50', 'Speed': '65', 'Total': '319'}"
Galvantula,596,"['Bug', 'Electric']","{'HP': '70', 'Attack': '77', 'Defense': '60', 'Sp. Atk': '97', 'Sp. Def': '60', 'Speed': '108', 'Total': '472'}"
Ferroseed,597,"['Grass', 'Steel']","{'HP': '44', 'Attack': '50', 'Defense': '91', 'Sp. Atk': '24', 'Sp. Def': '86', 'Speed': '10', 'Total': '305'}"
Ferrothorn,598,"['Grass', 'Steel']","{'HP': '74', 'Attack': '94', 'Defense': '131', 'Sp. Atk': '54', 'Sp. Def': '116', 'Speed': '20', 'Total': '489'}"
Klink,599,['Steel'],"{'HP': '40', 'Attack': '55', 'Defense': '70', 'Sp. Atk': '45', 'Sp. Def': '60', 'Speed': '30', 'Total': '300'}"
Klang,600,['Steel'],"{'HP': '60', 'Attack': '80', 'Defense': '95', 'Sp. Atk': '70', 'Sp. Def': '85', 'Speed': '50', 'Total': '440'}"
Klinklang,601,['Steel'],"{'HP': '60', 'Attack': '100', 'Defense': '115', 'Sp. Atk': '70', 'Sp. Def': '85', 'Speed': '90', 'Total': '520'}"
Tynamo,602,['Electric'],"{'HP': '35', 'Attack': '55', 'Defense': '40', 'Sp. Atk': '45', 'Sp. Def': '40', 'Speed': '60', 'Total': '275'}"
Eelektrik,603,['Electric'],"{'HP': '65', 'Attack': '85', 'Defense': '70', 'Sp. Atk': '75', 'Sp. Def': '70', 'Speed': '40', 'Total': '405'}"
Eelektross,604,['Electric'],"{'HP': '85', 'Attack': '115', 'Defense': '80', 'Sp. Atk': '105', 'Sp. Def': '80', 'Speed': '50', 'Total': '515'}"
Elgyem,605,['Psychic'],"{'HP': '55', 'Attack': '55', 'Defense': '55', 'Sp. Atk': '85', 'Sp. Def': '55', 'Speed': '30', 'Total': '335'}"
Beheeyem,606,['Psychic'],"{'HP': '75', 'Attack': '75', 'Defense': '75', 'Sp. Atk': '125', 'Sp. Def': '95', 'Speed': '40', 'Total': '485'}"
Litwick,607,"['Ghost', 'Fire']","{'HP': '50', 'Attack': '30', 'Defense': '55', 'Sp. Atk': '65', 'Sp. Def': '55', 'Speed': '20', 'Total': '275'}"
Lampent,608,"['Ghost', 'Fire']","{'HP': '60', 'Attack': '40', 'Defense': '60', 'Sp. Atk': '95', 'Sp. Def': '60', 'Speed': '55', 'Total': '370'}"
Chandelure,609,"['Ghost', 'Fire']","{'HP': '60', 'Attack': '55', 'Defense': '90', 'Sp. Atk': '145', 'Sp. Def': '90', 'Speed': '80', 'Total': '520'}"
Axew,610,['Dragon'],"{'HP': '46', 'Attack': '87', 'Defense': '60', 'Sp. Atk': '30', 'Sp. Def': '40', 'Speed': '57', 'Total': '320'}"
Fraxure,611,['Dragon'],"{'HP': '66', 'Attack': '117', 'Defense': '70', 'Sp. Atk': '40', 'Sp. Def': '50', 'Speed': '67', 'Total': '410'}"
Haxorus,612,['Dragon'],"{'HP': '76', 'Attack': '147', 'Defense': '90', 'Sp. Atk': '60', 'Sp. Def': '70', 'Speed': '97', 'Total': '540'}"
Cubchoo,613,['Ice'],"{'HP': '55', 'Attack': '70', 'Defense': '40', 'Sp. Atk': '60', 'Sp. Def': '40', 'Speed': '40', 'Total': '305'}"
Beartic,614,['Ice'],"{'HP': '95', 'Attack': '130', 'Defense': '80', 'Sp. Atk': '70', 'Sp. Def': '80', 'Speed': '50', 'Total': '505'}"
Cryogonal,615,['Ice'],"{'HP': '80', 'Attack': '50', 'Defense': '50', 'Sp. Atk': '95', 'Sp. Def': '135', 'Speed': '105', 'Total': '515'}"
Shelmet,616,['Bug'],"{'HP': '50', 'Attack': '40', 'Defense': '85', 'Sp. Atk': '40', 'Sp. Def': '65', 'Speed': '25', 'Total': '305'}"
Accelgor,617,['Bug'],"{'HP': '80', 'Attack': '70', 'Defense': '40', 'Sp. Atk': '100', 'Sp. Def': '60', 'Speed': '145', 'Total': '495'}"
Stunfisk,618,"['Ground', 'Electric']","{'HP': '109', 'Attack': '66', 'Defense': '84', 'Sp. Atk': '81', 'Sp. Def': '99', 'Speed': '32', 'Total': '471'}"
Mienfoo,619,['Fighting'],"{'HP': '45', 'Attack': '85', 'Defense': '50', 'Sp. Atk': '55', 'Sp. Def': '50', 'Speed': '65', 'Total': '350'}"
Mienshao,620,['Fighting'],"{'HP': '65', 'Attack': '125', 'Defense': '60', 'Sp. Atk': '95', 'Sp. Def': '60', 'Speed': '105', 'Total': '510'}"
Druddigon,621,['Dragon'],"{'HP': '77', 'Attack': '120', 'Defense': '90', 'Sp. Atk': '60', 'Sp. Def': '90', 'Speed': '48', 'Total': '485'}"
Golett,622,"['Ground', 'Ghost']","{'HP': '59', 'Attack': '74', 'Defense': '50', 'Sp. Atk': '35', 'Sp. Def': '50', 'Speed': '35', 'Total': '303'}"
Golurk,623,"['Ground', 'Ghost']","{'HP': '89', 'Attack': '124', 'Defense': '80', 'Sp. Atk': '55', 'Sp. Def': '80', 'Speed': '55', 'Total': '483'}"
Pawniard,624,"['Dark', 'Steel']","{'HP': '45', 'Attack': '85', 'Defense': '70', 'Sp. Atk': '40', 'Sp. Def': '40', 'Speed': '60', 'Total': '340'}"
Bisharp,625,"['Dark', 'Steel']","{'HP': '65', 'Attack': '125', 'Defense': '100', 'Sp. Atk': '60', 'Sp. Def': '70', 'Speed': '70', 'Total': '490'}"
Bouffalant,626,['Normal'],"{'HP': '95', 'Attack': '110', 'Defense': '95', 'Sp. Atk': '40', 'Sp. Def': '95', 'Speed': '55', 'Total': '490'}"
Rufflet,627,"['Normal', 'Flying']","{'HP': '70', 'Attack': '83', 'Defense': '50', 'Sp. Atk': '37', 'Sp. Def': '50', 'Speed': '60', 'Total': '350'}"
Braviary,628,"['Normal', 'Flying']","{'HP': '100', 'Attack': '123', 'Defense': '75', 'Sp. Atk': '57', 'Sp. Def': '75', 'Speed': '80', 'Total': '510'}"
Vullaby,629,"['Dark', 'Flying']","{'HP': '70', 'Attack': '55', 'Defense': '75', 'Sp. Atk': '45', 'Sp. Def': '65', 'Speed': '60', 'Total': '370'}"
Mandibuzz,630,"['Dark', 'Flying']","{'HP': '110', 'Attack': '65', 'Defense': '105', 'Sp. Atk': '55', 'Sp. Def': '95', 'Speed': '80', 'Total': '510'}"
Heatmor,631,['Fire'],"{'HP': '85', 'Attack': '97', 'Defense': '66', 'Sp. Atk': '105', 'Sp. Def': '66', 'Speed': '65', 'Total': '484'}"
Durant,632,"['Bug', 'Steel']","{'HP': '58', 'Attack': '109', 'Defense': '112', 'Sp. Atk': '48', 'Sp. Def': '48', 'Speed': '109', 'Total': '484'}"
Deino,633,"['Dark', 'Dragon']","{'HP': '52', 'Attack': '65', 'Defense': '50', 'Sp. Atk': '45', 'Sp. Def': '50', 'Speed': '38', 'Total': '300'}"
Zweilous,634,"['Dark', 'Dragon']","{'HP': '72', 'Attack': '85', 'Defense': '70', 'Sp. Atk': '65', 'Sp. Def': '70', 'Speed': '58', 'Total': '420'}"
Hydreigon,635,"['Dark', 'Dragon']","{'HP': '92', 'Attack': '105', 'Defense': '90', 'Sp. Atk': '125', 'Sp. Def': '90', 'Speed': '98', 'Total': '600'}"
Larvesta,636,"['Bug', 'Fire']","{'HP': '55', 'Attack': '85', 'Defense': '55', 'Sp. Atk': '50', 'Sp. Def': '55', 'Speed': '60', 'Total': '360'}"
Volcarona,637,"['Bug', 'Fire']","{'HP': '85', 'Attack': '60', 'Defense': '65', 'Sp. Atk': '135', 'Sp. Def': '105', 'Speed': '100', 'Total': '550'}"
Cobalion,638,"['Steel', 'Fighting']","{'HP': '91', 'Attack': '90', 'Defense': '129', 'Sp. Atk': '90', 'Sp. Def': '72', 'Speed': '108', 'Total': '580'}"
Terrakion,639,"['Rock', 'Fighting']","{'HP': '91', 'Attack': '129', 'Defense': '90', 'Sp. Atk': '72', 'Sp. Def': '90', 'Speed': '108', 'Total': '580'}"
Virizion,640,"['Grass', 'Fighting']","{'HP': '91', 'Attack': '90', 'Defense': '72', 'Sp. Atk': '90', 'Sp. Def': '129', 'Speed': '108', 'Total': '580'}"
Tornadus,641,['Flying'],"{'HP': '79', 'Attack': '115', 'Defense': '70', 'Sp. Atk': '125', 'Sp. Def': '80', 'Speed': '111', 'Total': '580'}"
Thundurus,642,"['Electric', 'Flying']","{'HP': '79', 'Attack': '115', 'Defense': '70', 'Sp. Atk': '125', 'Sp. Def': '80', 'Speed': '111', 'Total': '580'}"
Reshiram,643,"['Dragon', 'Fire']","{'HP': '100', 'Attack': '120', 'Defense': '100', 'Sp. Atk': '150', 'Sp. Def': '120', 'Speed': '90', 'Total': '680'}"
Zekrom,644,"['Dragon', 'Electric']","{'HP': '100', 'Attack': '150', 'Defense': '120', 'Sp. Atk': '120', 'Sp. Def': '100', 'Speed': '90', 'Total': '680'}"
Landorus,645,"['Ground', 'Flying']","{'HP': '89', 'Attack': '125', 'Defense': '90', 'Sp. Atk': '115', 'Sp. Def': '80', 'Speed': '101', 'Total': '600'}"
Kyurem,646,"['Dragon', 'Ice']","{'HP': '125', 'Attack': '130', 'Defense': '90', 'Sp. Atk': '130', 'Sp. Def': '90', 'Speed': '95', 'Total': '660'}"
Keldeo,647,"['Water', 'Fighting']","{'HP': '91', 'Attack': '72', 'Defense': '90', 'Sp. Atk': '129', 'Sp. Def': '90', 'Speed': '108', 'Total': '580'}"
Meloetta,648,"['Normal', 'Psychic']","{'HP': '100', 'Attack': '77', 'Defense': '77', 'Sp. Atk': '128', 'Sp. Def': '128', 'Speed': '90', 'Total': '600'}"
Genesect,649,"['Bug', 'Steel']","{'HP': '71', 'Attack': '120', 'Defense': '95', 'Sp. Atk': '120', 'Sp. Def': '95', 'Speed': '99', 'Total': '600'}"
Chespin,650,['Grass'],"{'HP': '56', 'Attack': '61', 'Defense': '65', 'Sp. Atk': '48', 'Sp. Def': '45', 'Speed': '38', 'Total': '313'}"
Quilladin,651,['Grass'],"{'HP': '61', 'Attack': '78', 'Defense': '95', 'Sp. Atk': '56', 'Sp. Def': '58', 'Speed': '57', 'Total': '405'}"
Chesnaught,652,"['Grass', 'Fighting']","{'HP': '88', 'Attack': '107', 'Defense': '122', 'Sp. Atk': '74', 'Sp. Def': '75', 'Speed': '64', 'Total': '530'}"
Fennekin,653,['Fire'],"{'HP': '40', 'Attack': '45', 'Defense': '40', 'Sp. Atk': '62', 'Sp. Def': '60', 'Speed': '60', 'Total': '307'}"
Braixen,654,['Fire'],"{'HP': '59', 'Attack': '59', 'Defense': '58', 'Sp. Atk': '90', 'Sp. Def': '70', 'Speed': '73', 'Total': '409'}"
Delphox,655,"['Fire', 'Psychic']","{'HP': '75', 'Attack': '69', 'Defense': '72', 'Sp. Atk': '114', 'Sp. Def': '100', 'Speed': '104', 'Total': '534'}"
Froakie,656,['Water'],"{'HP': '41', 'Attack': '56', 'Defense': '40', 'Sp. Atk': '62', 'Sp. Def': '44', 'Speed': '71', 'Total': '314'}"
Frogadier,657,['Water'],"{'HP': '54', 'Attack': '63', 'Defense': '52', 'Sp. Atk': '83', 'Sp. Def': '56', 'Speed': '97', 'Total': '405'}"
Greninja,658,"['Water', 'Dark']","{'HP': '72', 'Attack': '95', 'Defense': '67', 'Sp. Atk': '103', 'Sp. Def': '71', 'Speed': '122', 'Total': '530'}"
Bunnelby,659,['Normal'],"{'HP': '38', 'Attack': '36', 'Defense': '38', 'Sp. Atk': '32', 'Sp. Def': '36', 'Speed': '57', 'Total': '237'}"
Diggersby,660,"['Normal', 'Ground']","{'HP': '85', 'Attack': '56', 'Defense': '77', 'Sp. Atk': '50', 'Sp. Def': '77', 'Speed': '78', 'Total': '423'}"
Fletchling,661,"['Normal', 'Flying']","{'HP': '45', 'Attack': '50', 'Defense': '43', 'Sp. Atk': '40', 'Sp. Def': '38', 'Speed': '62', 'Total': '278'}"
Fletchinder,662,"['Fire', 'Flying']","{'HP': '62', 'Attack': '73', 'Defense': '55', 'Sp. Atk': '56', 'Sp. Def': '52', 'Speed': '84', 'Total': '382'}"
Talonflame,663,"['Fire', 'Flying']","{'HP': '78', 'Attack': '81', 'Defense': '71', 'Sp. Atk': '74', 'Sp. Def': '69', 'Speed': '126', 'Total': '499'}"
Scatterbug,664,['Bug'],"{'HP': '38', 'Attack': '35', 'Defense': '40', 'Sp. Atk': '27', 'Sp. Def': '25', 'Speed': '35', 'Total': '200'}"
Spewpa,665,['Bug'],"{'HP': '45', 'Attack': '22', 'Defense': '60', 'Sp. Atk': '27', 'Sp. Def': '30', 'Speed': '29', 'Total': '213'}"
Vivillon,666,"['Bug', 'Flying']","{'HP': '80', 'Attack': '52', 'Defense': '50', 'Sp. Atk': '90', 'Sp. Def': '50', 'Speed': '89', 'Total': '411'}"
Litleo,667,"['Fire', 'Normal']","{'HP': '62', 'Attack': '50', 'Defense': '58', 'Sp. Atk': '73', 'Sp. Def': '54', 'Speed': '72', 'Total': '369'}"
Pyroar,668,"['Fire', 'Normal']","{'HP': '86', 'Attack': '68', 'Defense': '72', 'Sp. Atk': '109', 'Sp. Def': '66', 'Speed': '106', 'Total': '507'}"
Flabébé,669,['Fairy'],"{'HP': '44', 'Attack': '38', 'Defense': '39', 'Sp. Atk': '61', 'Sp. Def': '79', 'Speed': '42', 'Total': '303'}"
Floette,670,['Fairy'],"{'HP': '54', 'Attack': '45', 'Defense': '47', 'Sp. Atk': '75', 'Sp. Def': '98', 'Speed': '52', 'Total': '371'}"
Florges,671,['Fairy'],"{'HP': '78', 'Attack': '65', 'Defense': '68', 'Sp. Atk': '112', 'Sp. Def': '154', 'Speed': '75', 'Total': '552'}"
Skiddo,672,['Grass'],"{'HP': '66', 'Attack': '65', 'Defense': '48', 'Sp. Atk': '62', 'Sp. Def': '57', 'Speed': '52', 'Total': '350'}"
Gogoat,673,['Grass'],"{'HP': '123', 'Attack': '100', 'Defense': '62', 'Sp. Atk': '97', 'Sp. Def': '81', 'Speed': '68', 'Total': '531'}"
Pancham,674,['Fighting'],"{'HP': '67', 'Attack': '82', 'Defense': '62', 'Sp. Atk': '46', 'Sp. Def': '48', 'Speed': '43', 'Total': '348'}"
Pangoro,675,"['Fighting', 'Dark']","{'HP': '95', 'Attack': '124', 'Defense': '78', 'Sp. Atk': '69', 'Sp. Def': '71', 'Speed': '58', 'Total': '495'}"
Furfrou,676,['Normal'],"{'HP': '75', 'Attack': '80', 'Defense': '60', 'Sp. Atk': '65', 'Sp. Def': '90', 'Speed': '102', 'Total': '472'}"
Espurr,677,['Psychic'],"{'HP': '62', 'Attack': '48', 'Defense': '54', 'Sp. Atk': '63', 'Sp. Def': '60', 'Speed': '68', 'Total': '355'}"
Meowstic,678,['Psychic'],"{'HP': '74', 'Attack': '48', 'Defense': '76', 'Sp. Atk': '83', 'Sp. Def': '81', 'Speed': '104', 'Total': '466'}"
Honedge,679,"['Steel', 'Ghost']","{'HP': '45', 'Attack': '80', 'Defense': '100', 'Sp. Atk': '35', 'Sp. Def': '37', 'Speed': '28', 'Total': '325'}"
Doublade,680,"['Steel', 'Ghost']","{'HP': '59', 'Attack': '110', 'Defense': '150', 'Sp. Atk': '45', 'Sp. Def': '49', 'Speed': '35', 'Total': '448'}"
Aegislash,681,"['Steel', 'Ghost']","{'HP': '60', 'Attack': '50', 'Defense': '140', 'Sp. Atk': '50', 'Sp. Def': '140', 'Speed': '60', 'Total': '500'}"
Spritzee,682,['Fairy'],"{'HP': '78', 'Attack': '52', 'Defense': '60', 'Sp. Atk': '63', 'Sp. Def': '65', 'Speed': '23', 'Total': '341'}"
Aromatisse,683,['Fairy'],"{'HP': '101', 'Attack': '72', 'Defense': '72', 'Sp. Atk': '99', 'Sp. Def': '89', 'Speed': '29', 'Total': '462'}"
Swirlix,684,['Fairy'],"{'HP': '62', 'Attack': '48', 'Defense': '66', 'Sp. Atk': '59', 'Sp. Def': '57', 'Speed': '49', 'Total': '341'}"
Slurpuff,685,['Fairy'],"{'HP': '82', 'Attack': '80', 'Defense': '86', 'Sp. Atk': '85', 'Sp. Def': '75', 'Speed': '72', 'Total': '480'}"
Inkay,686,"['Dark', 'Psychic']","{'HP': '53', 'Attack': '54', 'Defense': '53', 'Sp. Atk': '37', 'Sp. Def': '46', 'Speed': '45', 'Total': '288'}"
Malamar,687,"['Dark', 'Psychic']","{'HP': '86', 'Attack': '92', 'Defense': '88', 'Sp. Atk': '68', 'Sp. Def': '75', 'Speed': '73', 'Total': '482'}"
Binacle,688,"['Rock', 'Water']","{'HP': '42', 'Attack': '52', 'Defense': '67', 'Sp. Atk': '39', 'Sp. Def': '56', 'Speed': '50', 'Total': '306'}"
Barbaracle,689,"['Rock', 'Water']","{'HP': '72', 'Attack': '105', 'Defense': '115', 'Sp. Atk': '54', 'Sp. Def': '86', 'Speed': '68', 'Total': '500'}"
Skrelp,690,"['Poison', 'Water']","{'HP': '50', 'Attack': '60', 'Defense': '60', 'Sp. Atk': '60', 'Sp. Def': '60', 'Speed': '30', 'Total': '320'}"
Dragalge,691,"['Poison', 'Dragon']","{'HP': '65', 'Attack': '75', 'Defense': '90', 'Sp. Atk': '97', 'Sp. Def': '123', 'Speed': '44', 'Total': '494'}"
Clauncher,692,['Water'],"{'HP': '50', 'Attack': '53', 'Defense': '62', 'Sp. Atk': '58', 'Sp. Def': '63', 'Speed': '44', 'Total': '330'}"
Clawitzer,693,['Water'],"{'HP': '71', 'Attack': '73', 'Defense': '88', 'Sp. Atk': '120', 'Sp. Def': '89', 'Speed': '59', 'Total': '500'}"
Helioptile,694,"['Electric', 'Normal']","{'HP': '44', 'Attack': '38', 'Defense': '33', 'Sp. Atk': '61', 'Sp. Def': '43', 'Speed': '70', 'Total': '289'}"
Heliolisk,695,"['Electric', 'Normal']","{'HP': '62', 'Attack': '55', 'Defense': '52', 'Sp. Atk': '109', 'Sp. Def': '94', 'Speed': '109', 'Total': '481'}"
Tyrunt,696,"['Rock', 'Dragon']","{'HP': '58', 'Attack': '89', 'Defense': '77', 'Sp. Atk': '45', 'Sp. Def': '45', 'Speed': '48', 'Total': '362'}"
Tyrantrum,697,"['Rock', 'Dragon']","{'HP': '82', 'Attack': '121', 'Defense': '119', 'Sp. Atk': '69', 'Sp. Def': '59', 'Speed': '71', 'Total': '521'}"
Amaura,698,"['Rock', 'Ice']","{'HP': '77', 'Attack': '59', 'Defense': '50', 'Sp. Atk': '67', 'Sp. Def': '63', 'Speed': '46', 'Total': '362'}"
Aurorus,699,"['Rock', 'Ice']","{'HP': '123', 'Attack': '77', 'Defense': '72', 'Sp. Atk': '99', 'Sp. Def': '92', 'Speed': '58', 'Total': '521'}"
Sylveon,700,['Fairy'],"{'HP': '95', 'Attack': '65', 'Defense': '65', 'Sp. Atk': '110', 'Sp. Def': '130', 'Speed': '60', 'Total': '525'}"
Hawlucha,701,"['Fighting', 'Flying']","{'HP': '78', 'Attack': '92', 'Defense': '75', 'Sp. Atk': '74', 'Sp. Def': '63', 'Speed': '118', 'Total': '500'}"
Dedenne,702,"['Electric', 'Fairy']","{'HP': '67', 'Attack': '58', 'Defense': '57', 'Sp. Atk': '81', 'Sp. Def': '67', 'Speed': '101', 'Total': '431'}"
Carbink,703,"['Rock', 'Fairy']","{'HP': '50', 'Attack': '50', 'Defense': '150', 'Sp. Atk': '50', 'Sp. Def': '150', 'Speed': '50', 'Total': '500'}"
Goomy,704,['Dragon'],"{'HP': '45', 'Attack': '50', 'Defense': '35', 'Sp. Atk': '55', 'Sp. Def': '75', 'Speed': '40', 'Total': '300'}"
Sliggoo,705,['Dragon'],"{'HP': '68', 'Attack': '75', 'Defense': '53', 'Sp. Atk': '83', 'Sp. Def': '113', 'Speed': '60', 'Total': '452'}"
Goodra,706,['Dragon'],"{'HP': '90', 'Attack': '100', 'Defense': '70', 'Sp. Atk': '110', 'Sp. Def': '150', 'Speed': '80', 'Total': '600'}"
Klefki,707,"['Steel', 'Fairy']","{'HP': '57', 'Attack': '80', 'Defense': '91', 'Sp. Atk': '80', 'Sp. Def': '87', 'Speed': '75', 'Total': '470'}"
Phantump,708,"['Ghost', 'Grass']","{'HP': '43', 'Attack': '70', 'Defense': '48', 'Sp. Atk': '50', 'Sp. Def': '60', 'Speed': '38', 'Total': '309'}"
Trevenant,709,"['Ghost', 'Grass']","{'HP': '85', 'Attack': '110', 'Defense': '76', 'Sp. Atk': '65', 'Sp. Def': '82', 'Speed': '56', 'Total': '474'}"
Pumpkaboo,710,"['Ghost', 'Grass']","{'HP': '49', 'Attack': '66', 'Defense': '70', 'Sp. Atk': '44', 'Sp. Def': '55', 'Speed': '51', 'Total': '335'}"
Gourgeist,711,"['Ghost', 'Grass']","{'HP': '65', 'Attack': '90', 'Defense': '122', 'Sp. Atk': '58', 'Sp. Def': '75', 'Speed': '84', 'Total': '494'}"
Bergmite,712,['Ice'],"{'HP': '55', 'Attack': '69', 'Defense': '85', 'Sp. Atk': '32', 'Sp. Def': '35', 'Speed': '28', 'Total': '304'}"
Avalugg,713,['Ice'],"{'HP': '95', 'Attack': '117', 'Defense': '184', 'Sp. Atk': '44', 'Sp. Def': '46', 'Speed': '28', 'Total': '514'}"
Noibat,714,"['Flying', 'Dragon']","{'HP': '40', 'Attack': '30', 'Defense': '35', 'Sp. Atk': '45', 'Sp. Def': '40', 'Speed': '55', 'Total': '245'}"
Noivern,715,"['Flying', 'Dragon']","{'HP': '85', 'Attack': '70', 'Defense': '80', 'Sp. Atk': '97', 'Sp. Def': '80', 'Speed': '123', 'Total': '535'}"
Xerneas,716,['Fairy'],"{'HP': '126', 'Attack': '131', 'Defense': '95', 'Sp. Atk': '131', 'Sp. Def': '98', 'Speed': '99', 'Total': '680'}"
Yveltal,717,"['Dark', 'Flying']","{'HP': '126', 'Attack': '131', 'Defense': '95', 'Sp. Atk': '131', 'Sp. Def': '98', 'Speed': '99', 'Total': '680'}"
Zygarde,718,"['Dragon', 'Ground']","{'HP': '108', 'Attack': '100', 'Defense': '121', 'Sp. Atk': '81', 'Sp. Def': '95', 'Speed': '95', 'Total': '600'}"
Diancie,719,"['Rock', 'Fairy']","{'HP': '50', 'Attack': '100', 'Defense': '150', 'Sp. Atk': '100', 'Sp. Def': '150', 'Speed': '50', 'Total': '600'}"
Hoopa,720,"['Psychic', 'Ghost']","{'HP': '80', 'Attack': '110', 'Defense': '60', 'Sp. Atk': '150', 'Sp. Def': '130', 'Speed': '70', 'Total': '600'}"
Volcanion,721,"['Fire', 'Water']","{'HP': '80', 'Attack': '110', 'Defense': '120', 'Sp. Atk': '130', 'Sp. Def': '90', 'Speed': '70', 'Total': '600'}"
Rowlet,722,"['Grass', 'Flying']","{'HP': '68', 'Attack': '55', 'Defense': '55', 'Sp. Atk': '50', 'Sp. Def': '50', 'Speed': '42', 'Total': '320'}"
Dartrix,723,"['Grass', 'Flying']","{'HP': '78', 'Attack': '75', 'Defense': '75', 'Sp. Atk': '70', 'Sp. Def': '70', 'Speed': '52', 'Total': '420'}"
Decidueye,724,"['Grass', 'Ghost']","{'HP': '78', 'Attack': '107', 'Defense': '75', 'Sp. Atk': '100', 'Sp. Def': '100', 'Speed': '70', 'Total': '530'}"
Litten,725,['Fire'],"{'HP': '45', 'Attack': '65', 'Defense': '40', 'Sp. Atk': '60', 'Sp. Def': '40', 'Speed': '70', 'Total': '320'}"
Torracat,726,['Fire'],"{'HP': '65', 'Attack': '85', 'Defense': '50', 'Sp. Atk': '80', 'Sp. Def': '50', 'Speed': '90', 'Total': '420'}"
Incineroar,727,"['Fire', 'Dark']","{'HP': '95', 'Attack': '115', 'Defense': '90', 'Sp. Atk': '80', 'Sp. Def': '90', 'Speed': '60', 'Total': '530'}"
Popplio,728,['Water'],"{'HP': '50', 'Attack': '54', 'Defense': '54', 'Sp. Atk': '66', 'Sp. Def': '56', 'Speed': '40', 'Total': '320'}"
Brionne,729,['Water'],"{'HP': '60', 'Attack': '69', 'Defense': '69', 'Sp. Atk': '91', 'Sp. Def': '81', 'Speed': '50', 'Total': '420'}"
Primarina,730,"['Water', 'Fairy']","{'HP': '80', 'Attack': '74', 'Defense': '74', 'Sp. Atk': '126', 'Sp. Def': '116', 'Speed': '60', 'Total': '530'}"
Pikipek,731,"['Normal', 'Flying']","{'HP': '35', 'Attack': '75', 'Defense': '30', 'Sp. Atk': '30', 'Sp. Def': '30', 'Speed': '65', 'Total': '265'}"
Trumbeak,732,"['Normal', 'Flying']","{'HP': '55', 'Attack': '85', 'Defense': '50', 'Sp. Atk': '40', 'Sp. Def': '50', 'Speed': '75', 'Total': '355'}"
Toucannon,733,"['Normal', 'Flying']","{'HP': '80', 'Attack': '120', 'Defense': '75', 'Sp. Atk': '75', 'Sp. Def': '75', 'Speed': '60', 'Total': '485'}"
Yungoos,734,['Normal'],"{'HP': '48', 'Attack': '70', 'Defense': '30', 'Sp. Atk': '30', 'Sp. Def': '30', 'Speed': '45', 'Total': '253'}"
Gumshoos,735,['Normal'],"{'HP': '88', 'Attack': '110', 'Defense': '60', 'Sp. Atk': '55', 'Sp. Def': '60', 'Speed': '45', 'Total': '418'}"
Grubbin,736,['Bug'],"{'HP': '47', 'Attack': '62', 'Defense': '45', 'Sp. Atk': '55', 'Sp. Def': '45', 'Speed': '46', 'Total': '300'}"
Charjabug,737,"['Bug', 'Electric']","{'HP': '57', 'Attack': '82', 'Defense': '95', 'Sp. Atk': '55', 'Sp. Def': '75', 'Speed': '36', 'Total': '400'}"
Vikavolt,738,"['Bug', 'Electric']","{'HP': '77', 'Attack': '70', 'Defense': '90', 'Sp. Atk': '145', 'Sp. Def': '75', 'Speed': '43', 'Total': '500'}"
Crabrawler,739,['Fighting'],"{'HP': '47', 'Attack': '82', 'Defense': '57', 'Sp. Atk': '42', 'Sp. Def': '47', 'Speed': '63', 'Total': '338'}"
Crabominable,740,"['Fighting', 'Ice']","{'HP': '97', 'Attack': '132', 'Defense': '77', 'Sp. Atk': '62', 'Sp. Def': '67', 'Speed': '43', 'Total': '478'}"
Oricorio,741,"['Fire', 'Flying']","{'HP': '75', 'Attack': '70', 'Defense': '70', 'Sp. Atk': '98', 'Sp. Def': '70', 'Speed': '93', 'Total': '476'}"
Cutiefly,742,"['Bug', 'Fairy']","{'HP': '40', 'Attack': '45', 'Defense': '40', 'Sp. Atk': '55', 'Sp. Def': '40', 'Speed': '84', 'Total': '304'}"
Ribombee,743,"['Bug', 'Fairy']","{'HP': '60', 'Attack': '55', 'Defense': '60', 'Sp. Atk': '95', 'Sp. Def': '70', 'Speed': '124', 'Total': '464'}"
Rockruff,744,['Rock'],"{'HP': '45', 'Attack': '65', 'Defense': '40', 'Sp. Atk': '30', 'Sp. Def': '40', 'Speed': '60', 'Total': '280'}"
Lycanroc,745,['Rock'],"{'HP': '75', 'Attack': '115', 'Defense': '65', 'Sp. Atk': '55', 'Sp. Def': '65', 'Speed': '112', 'Total': '487'}"
Wishiwashi,746,['Water'],"{'HP': '45', 'Attack': '20', 'Defense': '20', 'Sp. Atk': '25', 'Sp. Def': '25', 'Speed': '40', 'Total': '175'}"
Mareanie,747,"['Poison', 'Water']","{'HP': '50', 'Attack': '53', 'Defense': '62', 'Sp. Atk': '43', 'Sp. Def': '52', 'Speed': '45', 'Total': '305'}"
Toxapex,748,"['Poison', 'Water']","{'HP': '50', 'Attack': '63', 'Defense': '152', 'Sp. Atk': '53', 'Sp. Def': '142', 'Speed': '35', 'Total': '495'}"
Mudbray,749,['Ground'],"{'HP': '70', 'Attack': '100', 'Defense': '70', 'Sp. Atk': '45', 'Sp. Def': '55', 'Speed': '45', 'Total': '385'}"
Mudsdale,750,['Ground'],"{'HP': '100', 'Attack': '125', 'Defense': '100', 'Sp. Atk': '55', 'Sp. Def': '85', 'Speed': '35', 'Total': '500'}"
Dewpider,751,"['Water', 'Bug']","{'HP': '38', 'Attack': '40', 'Defense': '52', 'Sp. Atk': '40', 'Sp. Def': '72', 'Speed': '27', 'Total': '269'}"
Araquanid,752,"['Water', 'Bug']","{'HP': '68', 'Attack': '70', 'Defense': '92', 'Sp. Atk': '50', 'Sp. Def': '132', 'Speed': '42', 'Total': '454'}"
Fomantis,753,['Grass'],"{'HP': '40', 'Attack': '55', 'Defense': '35', 'Sp. Atk': '50', 'Sp. Def': '35', 'Speed': '35', 'Total': '250'}"
Lurantis,754,['Grass'],"{'HP': '70', 'Attack': '105', 'Defense': '90', 'Sp. Atk': '80', 'Sp. Def': '90', 'Speed': '45', 'Total': '480'}"
Morelull,755,"['Grass', 'Fairy']","{'HP': '40', 'Attack': '35', 'Defense': '55', 'Sp. Atk': '65', 'Sp. Def': '75', 'Speed': '15', 'Total': '285'}"
Shiinotic,756,"['Grass', 'Fairy']","{'HP': '60', 'Attack': '45', 'Defense': '80', 'Sp. Atk': '90', 'Sp. Def': '100', 'Speed': '30', 'Total': '405'}"
Salandit,757,"['Poison', 'Fire']","{'HP': '48', 'Attack': '44', 'Defense': '40', 'Sp. Atk': '71', 'Sp. Def': '40', 'Speed': '77', 'Total': '320'}"
Salazzle,758,"['Poison', 'Fire']","{'HP': '68', 'Attack': '64', 'Defense': '60', 'Sp. Atk': '111', 'Sp. Def': '60', 'Speed': '117', 'Total': '480'}"
Stufful,759,"['Normal', 'Fighting']","{'HP': '70', 'Attack': '75', 'Defense': '50', 'Sp. Atk': '45', 'Sp. Def': '50', 'Speed': '50', 'Total': '340'}"
Bewear,760,"['Normal', 'Fighting']","{'HP': '120', 'Attack': '125', 'Defense': '80', 'Sp. Atk': '55', 'Sp. Def': '60', 'Speed': '60', 'Total': '500'}"
Bounsweet,761,['Grass'],"{'HP': '42', 'Attack': '30', 'Defense': '38', 'Sp. Atk': '30', 'Sp. Def': '38', 'Speed': '32', 'Total': '210'}"
Steenee,762,['Grass'],"{'HP': '52', 'Attack': '40', 'Defense': '48', 'Sp. Atk': '40', 'Sp. Def': '48', 'Speed': '62', 'Total': '290'}"
Tsareena,763,['Grass'],"{'HP': '72', 'Attack': '120', 'Defense': '98', 'Sp. Atk': '50', 'Sp. Def': '98', 'Speed': '72', 'Total': '510'}"
Comfey,764,['Fairy'],"{'HP': '51', 'Attack': '52', 'Defense': '90', 'Sp. Atk': '82', 'Sp. Def': '110', 'Speed': '100', 'Total': '485'}"
Oranguru,765,"['Normal', 'Psychic']","{'HP': '90', 'Attack': '60', 'Defense': '80', 'Sp. Atk': '90', 'Sp. Def': '110', 'Speed': '60', 'Total': '490'}"
Passimian,766,['Fighting'],"{'HP': '100', 'Attack': '120', 'Defense': '90', 'Sp. Atk': '40', 'Sp. Def': '60', 'Speed': '80', 'Total': '490'}"
Wimpod,767,"['Bug', 'Water']","{'HP': '25', 'Attack': '35', 'Defense': '40', 'Sp. Atk': '20', 'Sp. Def': '30', 'Speed': '80', 'Total': '230'}"
Golisopod,768,"['Bug', 'Water']","{'HP': '75', 'Attack': '125', 'Defense': '140', 'Sp. Atk': '60', 'Sp. Def': '90', 'Speed': '40', 'Total': '530'}"
Sandygast,769,"['Ghost', 'Ground']","{'HP': '55', 'Attack': '55', 'Defense': '80', 'Sp. Atk': '70', 'Sp. Def': '45', 'Speed': '15', 'Total': '320'}"
Palossand,770,"['Ghost', 'Ground']","{'HP': '85', 'Attack': '75', 'Defense': '110', 'Sp. Atk': '100', 'Sp. Def': '75', 'Speed': '35', 'Total': '480'}"
Pyukumuku,771,['Water'],"{'HP': '55', 'Attack': '60', 'Defense': '130', 'Sp. Atk': '30', 'Sp. Def': '130', 'Speed': '5', 'Total': '410'}"
Type: Null,772,['Normal'],"{'HP': '95', 'Attack': '95', 'Defense': '95', 'Sp. Atk': '95', 'Sp. Def': '95', 'Speed': '59', 'Total': '534'}"
Silvally,773,['Normal'],"{'HP': '95', 'Attack': '95', 'Defense': '95', 'Sp. Atk': '95', 'Sp. Def': '95', 'Speed': '95', 'Total': '570'}"
Minior,774,"['Rock', 'Flying']","{'HP': '60', 'Attack': '60', 'Defense': '100', 'Sp. Atk': '60', 'Sp. Def': '100', 'Speed': '60', 'Total': '440'}"
Komala,775,['Normal'],"{'HP': '65', 'Attack': '115', 'Defense': '65', 'Sp. Atk': '75', 'Sp. Def': '95', 'Speed': '65', 'Total': '480'}"
Turtonator,776,"['Fire', 'Dragon']","{'HP': '60', 'Attack': '78', 'Defense': '135', 'Sp. Atk': '91', 'Sp. Def': '85', 'Speed': '36', 'Total': '485'}"
Togedemaru,777,"['Electric', 'Steel']","{'HP': '65', 'Attack': '98', 'Defense': '63', 'Sp. Atk': '40', 'Sp. Def': '73', 'Speed': '96', 'Total': '435'}"
Mimikyu,778,"['Ghost', 'Fairy']","{'HP': '55', 'Attack': '90', 'Defense': '80', 'Sp. Atk': '50', 'Sp. Def': '105', 'Speed': '96', 'Total': '476'}"
Bruxish,779,"['Water', 'Psychic']","{'HP': '68', 'Attack': '105', 'Defense': '70', 'Sp. Atk': '70', 'Sp. Def': '70', 'Speed': '92', 'Total': '475'}"
Drampa,780,"['Normal', 'Dragon']","{'HP': '78', 'Attack': '60', 'Defense': '85', 'Sp. Atk': '135', 'Sp. Def': '91', 'Speed': '36', 'Total': '485'}"
Dhelmise,781,"['Ghost', 'Grass']","{'HP': '70', 'Attack': '131', 'Defense': '100', 'Sp. Atk': '86', 'Sp. Def': '90', 'Speed': '40', 'Total': '517'}"
Jangmo-o,782,['Dragon'],"{'HP': '45', 'Attack': '55', 'Defense': '65', 'Sp. Atk': '45', 'Sp. Def': '45', 'Speed': '45', 'Total': '300'}"
Hakamo-o,783,"['Dragon', 'Fighting']","{'HP': '55', 'Attack': '75', 'Defense': '90', 'Sp. Atk': '65', 'Sp. Def': '70', 'Speed': '65', 'Total': '420'}"
Kommo-o,784,"['Dragon', 'Fighting']","{'HP': '75', 'Attack': '110', 'Defense': '125', 'Sp. Atk': '100', 'Sp. Def': '105', 'Speed': '85', 'Total': '600'}"
Tapu Koko,785,"['Electric', 'Fairy']","{'HP': '70', 'Attack': '115', 'Defense': '85', 'Sp. Atk': '95', 'Sp. Def': '75', 'Speed': '130', 'Total': '570'}"
Tapu Lele,786,"['Psychic', 'Fairy']","{'HP': '70', 'Attack': '85', 'Defense': '75', 'Sp. Atk': '130', 'Sp. Def': '115', 'Speed': '95', 'Total': '570'}"
Tapu Bulu,787,"['Grass', 'Fairy']","{'HP': '70', 'Attack': '130', 'Defense': '115', 'Sp. Atk': '85', 'Sp. Def': '95', 'Speed': '75', 'Total': '570'}"
Tapu Fini,788,"['Water', 'Fairy']","{'HP': '70', 'Attack': '75', 'Defense': '115', 'Sp. Atk': '95', 'Sp. Def': '130', 'Speed': '85', 'Total': '570'}"
Cosmog,789,['Psychic'],"{'HP': '43', 'Attack': '29', 'Defense': '31', 'Sp. Atk': '29', 'Sp. Def': '31', 'Speed': '37', 'Total': '200'}"
Cosmoem,790,['Psychic'],"{'HP': '43', 'Attack': '29', 'Defense': '131', 'Sp. Atk': '29', 'Sp. Def': '131', 'Speed': '37', 'Total': '400'}"
Solgaleo,791,"['Psychic', 'Steel']","{'HP': '137', 'Attack': '137', 'Defense': '107', 'Sp. Atk': '113', 'Sp. Def': '89', 'Speed': '97', 'Total': '680'}"
Lunala,792,"['Psychic', 'Ghost']","{'HP': '137', 'Attack': '113', 'Defense': '89', 'Sp. Atk': '137', 'Sp. Def': '107', 'Speed': '97', 'Total': '680'}"
Nihilego,793,"['Rock', 'Poison']","{'HP': '109', 'Attack': '53', 'Defense': '47', 'Sp. Atk': '127', 'Sp. Def': '131', 'Speed': '103', 'Total': '570'}"
Buzzwole,794,"['Bug', 'Fighting']","{'HP': '107', 'Attack': '139', 'Defense': '139', 'Sp. Atk': '53', 'Sp. Def': '53', 'Speed': '79', 'Total': '570'}"
Pheromosa,795,"['Bug', 'Fighting']","{'HP': '71', 'Attack': '137', 'Defense': '37', 'Sp. Atk': '137', 'Sp. Def': '37', 'Speed': '151', 'Total': '570'}"
Xurkitree,796,['Electric'],"{'HP': '83', 'Attack': '89', 'Defense': '71', 'Sp. Atk': '173', 'Sp. Def': '71', 'Speed': '83', 'Total': '570'}"
Celesteela,797,"['Steel', 'Flying']","{'HP': '97', 'Attack': '101', 'Defense': '103', 'Sp. Atk': '107', 'Sp. Def': '101', 'Speed': '61', 'Total': '570'}"
Kartana,798,"['Grass', 'Steel']","{'HP': '59', 'Attack': '181', 'Defense': '131', 'Sp. Atk': '59', 'Sp. Def': '31', 'Speed': '109', 'Total': '570'}"
Guzzlord,799,"['Dark', 'Dragon']","{'HP': '223', 'Attack': '101', 'Defense': '53', 'Sp. Atk': '97', 'Sp. Def': '53', 'Speed': '43', 'Total': '570'}"
Necrozma,800,['Psychic'],"{'HP': '97', 'Attack': '107', 'Defense': '101', 'Sp. Atk': '127', 'Sp. Def': '89', 'Speed': '79', 'Total': '600'}"
Magearna,801,"['Steel', 'Fairy']","{'HP': '80', 'Attack': '95', 'Defense': '115', 'Sp. Atk': '130', 'Sp. Def': '115', 'Speed': '65', 'Total': '600'}"
Marshadow,802,"['Fighting', 'Ghost']","{'HP': '90', 'Attack': '125', 'Defense': '80', 'Sp. Atk': '90', 'Sp. Def': '90', 'Speed': '125', 'Total': '600'}"
Poipole,803,['Poison'],"{'HP': '67', 'Attack': '73', 'Defense': '67', 'Sp. Atk': '73', 'Sp. Def': '67', 'Speed': '73', 'Total': '420'}"
Naganadel,804,"['Poison', 'Dragon']","{'HP': '73', 'Attack': '73', 'Defense': '73', 'Sp. Atk': '127', 'Sp. Def': '73', 'Speed': '121', 'Total': '540'}"
Stakataka,805,"['Rock', 'Steel']","{'HP': '61', 'Attack': '131', 'Defense': '211', 'Sp. Atk': '53', 'Sp. Def': '101', 'Speed': '13', 'Total': '570'}"
Blacephalon,806,"['Fire', 'Ghost']","{'HP': '53', 'Attack': '127', 'Defense': '53', 'Sp. Atk': '151', 'Sp. Def': '79', 'Speed': '107', 'Total': '570'}"
Zeraora,807,['Electric'],"{'HP': '88', 'Attack': '112', 'Defense': '75', 'Sp. Atk': '102', 'Sp. Def': '80', 'Speed': '143', 'Total': '600'}"
Meltan,808,['Steel'],"{'HP': '46', 'Attack': '65', 'Defense': '65', 'Sp. Atk': '55', 'Sp. Def': '35', 'Speed': '34', 'Total': '300'}"
Melmetal,809,['Steel'],"{'HP': '135', 'Attack': '143', 'Defense': '143', 'Sp. Atk': '80', 'Sp. Def': '65', 'Speed': '34', 'Total': '600'}"
Grookey,810,['Grass'],"{'HP': '50', 'Attack': '65', 'Defense': '50', 'Sp. Atk': '40', 'Sp. Def': '40', 'Speed': '65', 'Total': '310'}"
Thwackey,811,['Grass'],"{'HP': '70', 'Attack': '85', 'Defense': '70', 'Sp. Atk': '55', 'Sp. Def': '60', 'Speed': '80', 'Total': '420'}"
Rillaboom,812,['Grass'],"{'HP': '100', 'Attack': '125', 'Defense': '90', 'Sp. Atk': '60', 'Sp. Def': '70', 'Speed': '85', 'Total': '530'}"
Scorbunny,813,['Fire'],"{'HP': '50', 'Attack': '71', 'Defense': '40', 'Sp. Atk': '40', 'Sp. Def': '40', 'Speed': '69', 'Total': '310'}"
Raboot,814,['Fire'],"{'HP': '65', 'Attack': '86', 'Defense': '60', 'Sp. Atk': '55', 'Sp. Def': '60', 'Speed': '94', 'Total': '420'}"
Cinderace,815,['Fire'],"{'HP': '80', 'Attack': '116', 'Defense': '75', 'Sp. Atk': '65', 'Sp. Def': '75', 'Speed': '119', 'Total': '530'}"
Sobble,816,['Water'],"{'HP': '50', 'Attack': '40', 'Defense': '40', 'Sp. Atk': '70', 'Sp. Def': '40', 'Speed': '70', 'Total': '310'}"
Drizzile,817,['Water'],"{'HP': '65', 'Attack': '60', 'Defense': '55', 'Sp. Atk': '95', 'Sp. Def': '55', 'Speed': '90', 'Total': '420'}"
Inteleon,818,['Water'],"{'HP': '70', 'Attack': '85', 'Defense': '65', 'Sp. Atk': '125', 'Sp. Def': '65', 'Speed': '120', 'Total': '530'}"
Skwovet,819,['Normal'],"{'HP': '70', 'Attack': '55', 'Defense': '55', 'Sp. Atk': '35', 'Sp. Def': '35', 'Speed': '25', 'Total': '275'}"
Greedent,820,['Normal'],"{'HP': '120', 'Attack': '95', 'Defense': '95', 'Sp. Atk': '55', 'Sp. Def': '75', 'Speed': '20', 'Total': '460'}"
Rookidee,821,['Flying'],"{'HP': '38', 'Attack': '47', 'Defense': '35', 'Sp. Atk': '33', 'Sp. Def': '35', 'Speed': '57', 'Total': '245'}"
Corvisquire,822,['Flying'],"{'HP': '68', 'Attack': '67', 'Defense': '55', 'Sp. Atk': '43', 'Sp. Def': '55', 'Speed': '77', 'Total': '365'}"
Corviknight,823,"['Flying', 'Steel']","{'HP': '98', 'Attack': '87', 'Defense': '105', 'Sp. Atk': '53', 'Sp. Def': '85', 'Speed': '67', 'Total': '495'}"
Blipbug,824,['Bug'],"{'HP': '25', 'Attack': '20', 'Defense': '20', 'Sp. Atk': '25', 'Sp. Def': '45', 'Speed': '45', 'Total': '180'}"
Dottler,825,"['Bug', 'Psychic']","{'HP': '50', 'Attack': '35', 'Defense': '80', 'Sp. Atk': '50', 'Sp. Def': '90', 'Speed': '30', 'Total': '335'}"
Orbeetle,826,"['Bug', 'Psychic']","{'HP': '60', 'Attack': '45', 'Defense': '110', 'Sp. Atk': '80', 'Sp. Def': '120', 'Speed': '90', 'Total': '505'}"
Nickit,827,['Dark'],"{'HP': '40', 'Attack': '28', 'Defense': '28', 'Sp. Atk': '47', 'Sp. Def': '52', 'Speed': '50', 'Total': '245'}"
Thievul,828,['Dark'],"{'HP': '70', 'Attack': '58', 'Defense': '58', 'Sp. Atk': '87', 'Sp. Def': '92', 'Speed': '90', 'Total': '455'}"
Gossifleur,829,['Grass'],"{'HP': '40', 'Attack': '40', 'Defense': '60', 'Sp. Atk': '40', 'Sp. Def': '60', 'Speed': '10', 'Total': '250'}"
Eldegoss,830,['Grass'],"{'HP': '60', 'Attack': '50', 'Defense': '90', 'Sp. Atk': '80', 'Sp. Def': '120', 'Speed': '60', 'Total': '460'}"
Wooloo,831,['Normal'],"{'HP': '42', 'Attack': '40', 'Defense': '55', 'Sp. Atk': '40', 'Sp. Def': '45', 'Speed': '48', 'Total': '270'}"
Dubwool,832,['Normal'],"{'HP': '72', 'Attack': '80', 'Defense': '100', 'Sp. Atk': '60', 'Sp. Def': '90', 'Speed': '88', 'Total': '490'}"
Chewtle,833,['Water'],"{'HP': '50', 'Attack': '64', 'Defense': '50', 'Sp. Atk': '38', 'Sp. Def': '38', 'Speed': '44', 'Total': '284'}"
Drednaw,834,"['Water', 'Rock']","{'HP': '90', 'Attack': '115', 'Defense': '90', 'Sp. Atk': '48', 'Sp. Def': '68', 'Speed': '74', 'Total': '485'}"
Yamper,835,['Electric'],"{'HP': '59', 'Attack': '45', 'Defense': '50', 'Sp. Atk': '40', 'Sp. Def': '50', 'Speed': '26', 'Total': '270'}"
Boltund,836,['Electric'],"{'HP': '69', 'Attack': '90', 'Defense': '60', 'Sp. Atk': '90', 'Sp. Def': '60', 'Speed': '121', 'Total': '490'}"
Rolycoly,837,['Rock'],"{'HP': '30', 'Attack': '40', 'Defense': '50', 'Sp. Atk': '40', 'Sp. Def': '50', 'Speed': '30', 'Total': '240'}"
Carkol,838,"['Rock', 'Fire']","{'HP': '80', 'Attack': '60', 'Defense': '90', 'Sp. Atk': '60', 'Sp. Def': '70', 'Speed': '50', 'Total': '410'}"
Coalossal,839,"['Rock', 'Fire']","{'HP': '110', 'Attack': '80', 'Defense': '120', 'Sp. Atk': '80', 'Sp. Def': '90', 'Speed': '30', 'Total': '510'}"
Applin,840,"['Grass', 'Dragon']","{'HP': '40', 'Attack': '40', 'Defense': '80', 'Sp. Atk': '40', 'Sp. Def': '40', 'Speed': '20', 'Total': '260'}"
Flapple,841,"['Grass', 'Dragon']","{'HP': '70', 'Attack': '110', 'Defense': '80', 'Sp. Atk': '95', 'Sp. Def': '60', 'Speed': '70', 'Total': '485'}"
Appletun,842,"['Grass', 'Dragon']","{'HP': '110', 'Attack': '85', 'Defense': '80', 'Sp. Atk': '100', 'Sp. Def': '80', 'Speed': '30', 'Total': '485'}"
Silicobra,843,['Ground'],"{'HP': '52', 'Attack': '57', 'Defense': '75', 'Sp. Atk': '35', 'Sp. Def': '50', 'Speed': '46', 'Total': '315'}"
Sandaconda,844,['Ground'],"{'HP': '72', 'Attack': '107', 'Defense': '125', 'Sp. Atk': '65', 'Sp. Def': '70', 'Speed': '71', 'Total': '510'}"
Cramorant,845,"['Flying', 'Water']","{'HP': '70', 'Attack': '85', 'Defense': '55', 'Sp. Atk': '85', 'Sp. Def': '95', 'Speed': '85', 'Total': '475'}"
Arrokuda,846,['Water'],"{'HP': '41', 'Attack': '63', 'Defense': '40', 'Sp. Atk': '40', 'Sp. Def': '30', 'Speed': '66', 'Total': '280'}"
Barraskewda,847,['Water'],"{'HP': '61', 'Attack': '123', 'Defense': '60', 'Sp. Atk': '60', 'Sp. Def': '50', 'Speed': '136', 'Total': '490'}"
Toxel,848,"['Electric', 'Poison']","{'HP': '40', 'Attack': '38', 'Defense': '35', 'Sp. Atk': '54', 'Sp. Def': '35', 'Speed': '40', 'Total': '242'}"
Toxtricity,849,"['Electric', 'Poison']","{'HP': '75', 'Attack': '98', 'Defense': '70', 'Sp. Atk': '114', 'Sp. Def': '70', 'Speed': '75', 'Total': '502'}"
Sizzlipede,850,"['Fire', 'Bug']","{'HP': '50', 'Attack': '65', 'Defense': '45', 'Sp. Atk': '50', 'Sp. Def': '50', 'Speed': '45', 'Total': '305'}"
Centiskorch,851,"['Fire', 'Bug']","{'HP': '100', 'Attack': '115', 'Defense': '65', 'Sp. Atk': '90', 'Sp. Def': '90', 'Speed': '65', 'Total': '525'}"
Clobbopus,852,['Fighting'],"{'HP': '50', 'Attack': '68', 'Defense': '60', 'Sp. Atk': '50', 'Sp. Def': '50', 'Speed': '32', 'Total': '310'}"
Grapploct,853,['Fighting'],"{'HP': '80', 'Attack': '118', 'Defense': '90', 'Sp. Atk': '70', 'Sp. Def': '80', 'Speed': '42', 'Total': '480'}"
Sinistea,854,['Ghost'],"{'HP': '40', 'Attack': '45', 'Defense': '45', 'Sp. Atk': '74', 'Sp. Def': '54', 'Speed': '50', 'Total': '308'}"
Polteageist,855,['Ghost'],"{'HP': '60', 'Attack': '65', 'Defense': '65', 'Sp. Atk': '134', 'Sp. Def': '114', 'Speed': '70', 'Total': '508'}"
Hatenna,856,['Psychic'],"{'HP': '42', 'Attack': '30', 'Defense': '45', 'Sp. Atk': '56', 'Sp. Def': '53', 'Speed': '39', 'Total': '265'}"
Hattrem,857,['Psychic'],"{'HP': '57', 'Attack': '40', 'Defense': '65', 'Sp. Atk': '86', 'Sp. Def': '73', 'Speed': '49', 'Total': '370'}"
Hatterene,858,"['Psychic', 'Fairy']","{'HP': '57', 'Attack': '90', 'Defense': '95', 'Sp. Atk': '136', 'Sp. Def': '103', 'Speed': '29', 'Total': '510'}"
Impidimp,859,"['Dark', 'Fairy']","{'HP': '45', 'Attack': '45', 'Defense': '30', 'Sp. Atk': '55', 'Sp. Def': '40', 'Speed': '50', 'Total': '265'}"
Morgrem,860,"['Dark', 'Fairy']","{'HP': '65', 'Attack': '60', 'Defense': '45', 'Sp. Atk': '75', 'Sp. Def': '55', 'Speed': '70', 'Total': '370'}"
Grimmsnarl,861,"['Dark', 'Fairy']","{'HP': '95', 'Attack': '120', 'Defense': '65', 'Sp. Atk': '95', 'Sp. Def': '75', 'Speed': '60', 'Total': '510'}"
Obstagoon,862,"['Dark', 'Normal']","{'HP': '93', 'Attack': '90', 'Defense': '101', 'Sp. Atk': '60', 'Sp. Def': '81', 'Speed': '95', 'Total': '520'}"
Perrserker,863,['Steel'],"{'HP': '70', 'Attack': '110', 'Defense': '100', 'Sp. Atk': '50', 'Sp. Def': '60', 'Speed': '50', 'Total': '440'}"
Cursola,864,['Ghost'],"{'HP': '60', 'Attack': '95', 'Defense': '50', 'Sp. Atk': '145', 'Sp. Def': '130', 'Speed': '30', 'Total': '510'}"
Sirfetch'd,865,['Fighting'],"{'HP': '62', 'Attack': '135', 'Defense': '95', 'Sp. Atk': '68', 'Sp. Def': '82', 'Speed': '65', 'Total': '507'}"
Mr. Rime,866,"['Ice', 'Psychic']","{'HP': '80', 'Attack': '85', 'Defense': '75', 'Sp. Atk': '110', 'Sp. Def': '100', 'Speed': '70', 'Total': '520'}"
Runerigus,867,"['Ground', 'Ghost']","{'HP': '58', 'Attack': '95', 'Defense': '145', 'Sp. Atk': '50', 'Sp. Def': '105', 'Speed': '30', 'Total': '483'}"
Milcery,868,['Fairy'],"{'HP': '45', 'Attack': '40', 'Defense': '40', 'Sp. Atk': '50', 'Sp. Def': '61', 'Speed': '34', 'Total': '270'}"
Alcremie,869,['Fairy'],"{'HP': '65', 'Attack': '60', 'Defense': '75', 'Sp. Atk': '110', 'Sp. Def': '121', 'Speed': '64', 'Total': '495'}"
Falinks,870,['Fighting'],"{'HP': '65', 'Attack': '100', 'Defense': '100', 'Sp. Atk': '70', 'Sp. Def': '60', 'Speed': '75', 'Total': '470'}"
Pincurchin,871,['Electric'],"{'HP': '48', 'Attack': '101', 'Defense': '95', 'Sp. Atk': '91', 'Sp. Def': '85', 'Speed': '15', 'Total': '435'}"
Snom,872,"['Ice', 'Bug']","{'HP': '30', 'Attack': '25', 'Defense': '35', 'Sp. Atk': '45', 'Sp. Def': '30', 'Speed': '20', 'Total': '185'}"
Frosmoth,873,"['Ice', 'Bug']","{'HP': '70', 'Attack': '65', 'Defense': '60', 'Sp. Atk': '125', 'Sp. Def': '90', 'Speed': '65', 'Total': '475'}"
Stonjourner,874,['Rock'],"{'HP': '100', 'Attack': '125', 'Defense': '135', 'Sp. Atk': '20', 'Sp. Def': '20', 'Speed': '70', 'Total': '470'}"
Eiscue,875,['Ice'],"{'HP': '75', 'Attack': '80', 'Defense': '110', 'Sp. Atk': '65', 'Sp. Def': '90', 'Speed': '50', 'Total': '470'}"
Indeedee,876,"['Psychic', 'Normal']","{'HP': '60', 'Attack': '65', 'Defense': '55', 'Sp. Atk': '105', 'Sp. Def': '95', 'Speed': '95', 'Total': '475'}"
Morpeko,877,"['Electric', 'Dark']","{'HP': '58', 'Attack': '95', 'Defense': '58', 'Sp. Atk': '70', 'Sp. Def': '58', 'Speed': '97', 'Total': '436'}"
Cufant,878,['Steel'],"{'HP': '72', 'Attack': '80', 'Defense': '49', 'Sp. Atk': '40', 'Sp. Def': '49', 'Speed': '40', 'Total': '330'}"
Copperajah,879,['Steel'],"{'HP': '122', 'Attack': '130', 'Defense': '69', 'Sp. Atk': '80', 'Sp. Def': '69', 'Speed': '30', 'Total': '500'}"
Dracozolt,880,"['Electric', 'Dragon']","{'HP': '90', 'Attack': '100', 'Defense': '90', 'Sp. Atk': '80', 'Sp. Def': '70', 'Speed': '75', 'Total': '505'}"
Arctozolt,881,"['Electric', 'Ice']","{'HP': '90', 'Attack': '100', 'Defense': '90', 'Sp. Atk': '90', 'Sp. Def': '80', 'Speed': '55', 'Total': '505'}"
Dracovish,882,"['Water', 'Dragon']","{'HP': '90', 'Attack': '90', 'Defense': '100', 'Sp. Atk': '70', 'Sp. Def': '80', 'Speed': '75', 'Total': '505'}"
Arctovish,883,"['Water', 'Ice']","{'HP': '90', 'Attack': '90', 'Defense': '100', 'Sp. Atk': '80', 'Sp. Def': '90', 'Speed': '55', 'Total': '505'}"
Duraludon,884,"['Steel', 'Dragon']","{'HP': '70', 'Attack': '95', 'Defense': '115', 'Sp. Atk': '120', 'Sp. Def': '50', 'Speed': '85', 'Total': '535'}"
Dreepy,885,"['Dragon', 'Ghost']","{'HP': '28', 'Attack': '60', 'Defense': '30', 'Sp. Atk': '40', 'Sp. Def': '30', 'Speed': '82', 'Total': '270'}"
Drakloak,886,"['Dragon', 'Ghost']","{'HP': '68', 'Attack': '80', 'Defense': '50', 'Sp. Atk': '60', 'Sp. Def': '50', 'Speed': '102', 'Total': '410'}"
Dragapult,887,"['Dragon', 'Ghost']","{'HP': '88', 'Attack': '120', 'Defense': '75', 'Sp. Atk': '100', 'Sp. Def': '75', 'Speed': '142', 'Total': '600'}"
Zacian,888,['Fairy'],"{'HP': '92', 'Attack': '120', 'Defense': '115', 'Sp. Atk': '80', 'Sp. Def': '115', 'Speed': '138', 'Total': '660'}"
Zamazenta,889,['Fighting'],"{'HP': '92', 'Attack': '120', 'Defense': '115', 'Sp. Atk': '80', 'Sp. Def': '115', 'Speed': '138', 'Total': '660'}"
Eternatus,890,"['Poison', 'Dragon']","{'HP': '140', 'Attack': '85', 'Defense': '95', 'Sp. Atk': '145', 'Sp. Def': '95', 'Speed': '130', 'Total': '690'}"
Kubfu,891,['Fighting'],"{'HP': '60', 'Attack': '90', 'Defense': '60', 'Sp. Atk': '53', 'Sp. Def': '50', 'Speed': '72', 'Total': '385'}"
Urshifu,892,"['Fighting', 'Dark']","{'HP': '100', 'Attack': '130', 'Defense': '100', 'Sp. Atk': '63', 'Sp. Def': '60', 'Speed': '97', 'Total': '550'}"
Zarude,893,"['Dark', 'Grass']","{'HP': '105', 'Attack': '120', 'Defense': '105', 'Sp. Atk': '70', 'Sp. Def': '95', 'Speed': '105', 'Total': '600'}"
Regieleki,894,['Electric'],"{'HP': '80', 'Attack': '100', 'Defense': '50', 'Sp. Atk': '100', 'Sp. Def': '50', 'Speed': '200', 'Total': '580'}"
Regidrago,895,['Dragon'],"{'HP': '200', 'Attack': '100', 'Defense': '50', 'Sp. Atk': '100', 'Sp. Def': '50', 'Speed': '80', 'Total': '580'}"
Glastrier,896,['Ice'],"{'HP': '100', 'Attack': '145', 'Defense': '130', 'Sp. Atk': '65', 'Sp. Def': '110', 'Speed': '30', 'Total': '580'}"
Spectrier,897,['Ghost'],"{'HP': '100', 'Attack': '65', 'Defense': '60', 'Sp. Atk': '145', 'Sp. Def': '80', 'Speed': '130', 'Total': '580'}"
Calyrex,898,"['Psychic', 'Grass']","{'HP': '100', 'Attack': '80', 'Defense': '80', 'Sp. Atk': '80', 'Sp. Def': '80', 'Speed': '80', 'Total': '500'}"
Wyrdeer,899,"['Normal', 'Psychic']","{'HP': '103', 'Attack': '105', 'Defense': '72', 'Sp. Atk': '105', 'Sp. Def': '75', 'Speed': '65', 'Total': '525'}"
Kleavor,900,"['Bug', 'Rock']","{'HP': '70', 'Attack': '135', 'Defense': '95', 'Sp. Atk': '45', 'Sp. Def': '70', 'Speed': '85', 'Total': '500'}"
Ursaluna,901,"['Ground', 'Normal']","{'HP': '130', 'Attack': '140', 'Defense': '105', 'Sp. Atk': '45', 'Sp. Def': '80', 'Speed': '50', 'Total': '550'}"
Basculegion,902,"['Water', 'Ghost']","{'HP': '120', 'Attack': '112', 'Defense': '65', 'Sp. Atk': '80', 'Sp. Def': '75', 'Speed': '78', 'Total': '530'}"
Sneasler,903,"['Fighting', 'Poison']","{'HP': '80', 'Attack': '130', 'Defense': '60', 'Sp. Atk': '40', 'Sp. Def': '80', 'Speed': '120', 'Total': '510'}"
Overqwil,904,"['Dark', 'Poison']","{'HP': '85', 'Attack': '115', 'Defense': '95', 'Sp. Atk': '65', 'Sp. Def': '65', 'Speed': '85', 'Total': '510'}"
Enamorus,905,"['Fairy', 'Flying']","{'HP': '74', 'Attack': '115', 'Defense': '70', 'Sp. Atk': '135', 'Sp. Def': '80', 'Speed': '106', 'Total': '580'}"
Sprigatito,906,['Grass'],"{'HP': '40', 'Attack': '61', 'Defense': '54', 'Sp. Atk': '45', 'Sp. Def': '45', 'Speed': '65', 'Total': '310'}"
Floragato,907,['Grass'],"{'HP': '61', 'Attack': '80', 'Defense': '63', 'Sp. Atk': '60', 'Sp. Def': '63', 'Speed': '83', 'Total': '410'}"
Meowscarada,908,"['Grass', 'Dark']","{'HP': '76', 'Attack': '110', 'Defense': '70', 'Sp. Atk': '81', 'Sp. Def': '70', 'Speed': '123', 'Total': '530'}"
Fuecoco,909,['Fire'],"{'HP': '67', 'Attack': '45', 'Defense': '59', 'Sp. Atk': '63', 'Sp. Def': '40', 'Speed': '36', 'Total': '310'}"
Crocalor,910,['Fire'],"{'HP': '81', 'Attack': '55', 'Defense': '78', 'Sp. Atk': '90', 'Sp. Def': '58', 'Speed': '49', 'Total': '411'}"
Skeledirge,911,"['Fire', 'Ghost']","{'HP': '104', 'Attack': '75', 'Defense': '100', 'Sp. Atk': '110', 'Sp. Def': '75', 'Speed': '66', 'Total': '530'}"
Quaxly,912,['Water'],"{'HP': '55', 'Attack': '65', 'Defense': '45', 'Sp. Atk': '50', 'Sp. Def': '45', 'Speed': '50', 'Total': '310'}"
Quaxwell,913,['Water'],"{'HP': '70', 'Attack': '85', 'Defense': '65', 'Sp. Atk': '65', 'Sp. Def': '60', 'Speed': '65', 'Total': '410'}"
Quaquaval,914,"['Water', 'Fighting']","{'HP': '85', 'Attack': '120', 'Defense': '80', 'Sp. Atk': '85', 'Sp. Def': '75', 'Speed': '85', 'Total': '530'}"
Lechonk,915,['Normal'],"{'HP': '54', 'Attack': '45', 'Defense': '40', 'Sp. Atk': '35', 'Sp. Def': '45', 'Speed': '35', 'Total': '254'}"
Oinkologne,916,['Normal'],"{'HP': '110', 'Attack': '100', 'Defense': '75', 'Sp. Atk': '59', 'Sp. Def': '80', 'Speed': '65', 'Total': '489'}"
Tarountula,917,['Bug'],"{'HP': '35', 'Attack': '41', 'Defense': '45', 'Sp. Atk': '29', 'Sp. Def': '40', 'Speed': '20', 'Total': '210'}"
Spidops,918,['Bug'],"{'HP': '60', 'Attack': '79', 'Defense': '92', 'Sp. Atk': '52', 'Sp. Def': '86', 'Speed': '35', 'Total': '404'}"
Nymble,919,['Bug'],"{'HP': '33', 'Attack': '46', 'Defense': '40', 'Sp. Atk': '21', 'Sp. Def': '25', 'Speed': '45', 'Total': '210'}"
Lokix,920,"['Bug', 'Dark']","{'HP': '71', 'Attack': '102', 'Defense': '78', 'Sp. Atk': '52', 'Sp. Def': '55', 'Speed': '92', 'Total': '450'}"
Pawmi,921,['Electric'],"{'HP': '45', 'Attack': '50', 'Defense': '20', 'Sp. Atk': '40', 'Sp. Def': '25', 'Speed': '60', 'Total': '240'}"
Pawmo,922,"['Electric', 'Fighting']","{'HP': '60', 'Attack': '75', 'Defense': '40', 'Sp. Atk': '50', 'Sp. Def': '40', 'Speed': '85', 'Total': '350'}"
Pawmot,923,"['Electric', 'Fighting']","{'HP': '70', 'Attack': '115', 'Defense': '70', 'Sp. Atk': '70', 'Sp. Def': '60', 'Speed': '105', 'Total': '490'}"
Tandemaus,924,['Normal'],"{'HP': '50', 'Attack': '50', 'Defense': '45', 'Sp. Atk': '40', 'Sp. Def': '45', 'Speed': '75', 'Total': '305'}"
Maushold,925,['Normal'],"{'HP': '74', 'Attack': '75', 'Defense': '70', 'Sp. Atk': '65', 'Sp. Def': '75', 'Speed': '111', 'Total': '470'}"
Fidough,926,['Fairy'],"{'HP': '37', 'Attack': '55', 'Defense': '70', 'Sp. Atk': '30', 'Sp. Def': '55', 'Speed': '65', 'Total': '312'}"
Dachsbun,927,['Fairy'],"{'HP': '57', 'Attack': '80', 'Defense': '115', 'Sp. Atk': '50', 'Sp. Def': '80', 'Speed': '95', 'Total': '477'}"
Smoliv,928,"['Grass', 'Normal']","{'HP': '41', 'Attack': '35', 'Defense': '45', 'Sp. Atk': '58', 'Sp. Def': '51', 'Speed': '30', 'Total': '260'}"
Dolliv,929,"['Grass', 'Normal']","{'HP': '52', 'Attack': '53', 'Defense': '60', 'Sp. Atk': '78', 'Sp. Def': '78', 'Speed': '33', 'Total': '354'}"
Arboliva,930,"['Grass', 'Normal']","{'HP': '78', 'Attack': '69', 'Defense': '90', 'Sp. Atk': '125', 'Sp. Def': '109', 'Speed': '39', 'Total': '510'}"
Squawkabilly,931,"['Normal', 'Flying']","{'HP': '82', 'Attack': '96', 'Defense': '51', 'Sp. Atk': '45', 'Sp. Def': '51', 'Speed': '92', 'Total': '417'}"
Nacli,932,['Rock'],"{'HP': '55', 'Attack': '55', 'Defense': '75', 'Sp. Atk': '35', 'Sp. Def': '35', 'Speed': '25', 'Total': '280'}"
Naclstack,933,['Rock'],"{'HP': '60', 'Attack': '60', 'Defense': '100', 'Sp. Atk': '35', 'Sp. Def': '65', 'Speed': '35', 'Total': '355'}"
Garganacl,934,['Rock'],"{'HP': '100', 'Attack': '100', 'Defense': '130', 'Sp. Atk': '45', 'Sp. Def': '90', 'Speed': '35', 'Total': '500'}"
Charcadet,935,['Fire'],"{'HP': '40', 'Attack': '50', 'Defense': '40', 'Sp. Atk': '50', 'Sp. Def': '40', 'Speed': '35', 'Total': '255'}"
Armarouge,936,"['Fire', 'Psychic']","{'HP': '85', 'Attack': '60', 'Defense': '100', 'Sp. Atk': '125', 'Sp. Def': '80', 'Speed': '75', 'Total': '525'}"
Ceruledge,937,"['Fire', 'Ghost']","{'HP': '75', 'Attack': '125', 'Defense': '80', 'Sp. Atk': '60', 'Sp. Def': '100', 'Speed': '85', 'Total': '525'}"
Tadbulb,938,['Electric'],"{'HP': '61', 'Attack': '31', 'Defense': '41', 'Sp. Atk': '59', 'Sp. Def': '35', 'Speed': '45', 'Total': '272'}"
Bellibolt,939,['Electric'],"{'HP': '109', 'Attack': '64', 'Defense': '91', 'Sp. Atk': '103', 'Sp. Def': '83', 'Speed': '45', 'Total': '495'}"
Wattrel,940,"['Electric', 'Flying']","{'HP': '40', 'Attack': '40', 'Defense': '35', 'Sp. Atk': '55', 'Sp. Def': '40', 'Speed': '70', 'Total': '280'}"
Kilowattrel,941,"['Electric', 'Flying']","{'HP': '70', 'Attack': '70', 'Defense': '60', 'Sp. Atk': '105', 'Sp. Def': '60', 'Speed': '125', 'Total': '490'}"
Maschiff,942,['Dark'],"{'HP': '60', 'Attack': '78', 'Defense': '60', 'Sp. Atk': '40', 'Sp. Def': '51', 'Speed': '51', 'Total': '340'}"
Mabosstiff,943,['Dark'],"{'HP': '80', 'Attack': '120', 'Defense': '90', 'Sp. Atk': '60', 'Sp. Def': '70', 'Speed': '85', 'Total': '505'}"
Shroodle,944,"['Poison', 'Normal']","{'HP': '40', 'Attack': '65', 'Defense': '35', 'Sp. Atk': '40', 'Sp. Def': '35', 'Speed': '75', 'Total': '290'}"
Grafaiai,945,"['Poison', 'Normal']","{'HP': '63', 'Attack': '95', 'Defense': '65', 'Sp. Atk': '80', 'Sp. Def': '72', 'Speed': '110', 'Total': '485'}"
Bramblin,946,"['Grass', 'Ghost']","{'HP': '40', 'Attack': '65', 'Defense': '30', 'Sp. Atk': '45', 'Sp. Def': '35', 'Speed': '60', 'Total': '275'}"
Brambleghast,947,"['Grass', 'Ghost']","{'HP': '55', 'Attack': '115', 'Defense': '70', 'Sp. Atk': '80', 'Sp. Def': '70', 'Speed': '90', 'Total': '480'}"
Toedscool,948,"['Ground', 'Grass']","{'HP': '40', 'Attack': '40', 'Defense': '35', 'Sp. Atk': '50', 'Sp. Def': '100', 'Speed': '70', 'Total': '335'}"
Toedscruel,949,"['Ground', 'Grass']","{'HP': '80', 'Attack': '70', 'Defense': '65', 'Sp. Atk': '80', 'Sp. Def': '120', 'Speed': '100', 'Total': '515'}"
Klawf,950,['Rock'],"{'HP': '70', 'Attack': '100', 'Defense': '115', 'Sp. Atk': '35', 'Sp. Def': '55', 'Speed': '75', 'Total': '450'}"
Capsakid,951,['Grass'],"{'HP': '50', 'Attack': '62', 'Defense': '40', 'Sp. Atk': '62', 'Sp. Def': '40', 'Speed': '50', 'Total': '304'}"
Scovillain,952,"['Grass', 'Fire']","{'HP': '65', 'Attack': '108', 'Defense': '65', 'Sp. Atk': '108', 'Sp. Def': '65', 'Speed': '75', 'Total': '486'}"
Rellor,953,['Bug'],"{'HP': '41', 'Attack': '50', 'Defense': '60', 'Sp. Atk': '31', 'Sp. Def': '58', 'Speed': '30', 'Total': '270'}"
Rabsca,954,"['Bug', 'Psychic']","{'HP': '75', 'Attack': '50', 'Defense': '85', 'Sp. Atk': '115', 'Sp. Def': '100', 'Speed': '45', 'Total': '470'}"
Flittle,955,['Psychic'],"{'HP': '30', 'Attack': '35', 'Defense': '30', 'Sp. Atk': '55', 'Sp. Def': '30', 'Speed': '75', 'Total': '255'}"
Espathra,956,['Psychic'],"{'HP': '95', 'Attack': '60', 'Defense': '60', 'Sp. Atk': '101', 'Sp. Def': '60', 'Speed': '105', 'Total': '481'}"
Tinkatink,957,"['Fairy', 'Steel']","{'HP': '50', 'Attack': '45', 'Defense': '45', 'Sp. Atk': '35', 'Sp. Def': '64', 'Speed': '58', 'Total': '297'}"
Tinkatuff,958,"['Fairy', 'Steel']","{'HP': '65', 'Attack': '55', 'Defense': '55', 'Sp. Atk': '45', 'Sp. Def': '82', 'Speed': '78', 'Total': '380'}"
Tinkaton,959,"['Fairy', 'Steel']","{'HP': '85', 'Attack': '75', 'Defense': '77', 'Sp. Atk': '70', 'Sp. Def': '105', 'Speed': '94', 'Total': '506'}"
Wiglett,960,['Water'],"{'HP': '10', 'Attack': '55', 'Defense': '25', 'Sp. Atk': '35', 'Sp. Def': '25', 'Speed': '95', 'Total': '245'}"
Wugtrio,961,['Water'],"{'HP': '35', 'Attack': '100', 'Defense': '50', 'Sp. Atk': '50', 'Sp. Def': '70', 'Speed': '120', 'Total': '425'}"
Bombirdier,962,"['Flying', 'Dark']","{'HP': '70', 'Attack': '103', 'Defense': '85', 'Sp. Atk': '60', 'Sp. Def': '85', 'Speed': '82', 'Total': '485'}"
Finizen,963,['Water'],"{'HP': '70', 'Attack': '45', 'Defense': '40', 'Sp. Atk': '45', 'Sp. Def': '40', 'Speed': '75', 'Total': '315'}"
Palafin,964,['Water'],"{'HP': '100', 'Attack': '70', 'Defense': '72', 'Sp. Atk': '53', 'Sp. Def': '62', 'Speed': '100', 'Total': '457'}"
Varoom,965,"['Steel', 'Poison']","{'HP': '45', 'Attack': '70', 'Defense': '63', 'Sp. Atk': '30', 'Sp. Def': '45', 'Speed': '47', 'Total': '300'}"
Revavroom,966,"['Steel', 'Poison']","{'HP': '80', 'Attack': '119', 'Defense': '90', 'Sp. Atk': '54', 'Sp. Def': '67', 'Speed': '90', 'Total': '500'}"
Cyclizar,967,"['Dragon', 'Normal']","{'HP': '70', 'Attack': '95', 'Defense': '65', 'Sp. Atk': '85', 'Sp. Def': '65', 'Speed': '121', 'Total': '501'}"
Orthworm,968,['Steel'],"{'HP': '70', 'Attack': '85', 'Defense': '145', 'Sp. Atk': '60', 'Sp. Def': '55', 'Speed': '65', 'Total': '480'}"
Glimmet,969,"['Rock', 'Poison']","{'HP': '48', 'Attack': '35', 'Defense': '42', 'Sp. Atk': '105', 'Sp. Def': '60', 'Speed': '60', 'Total': '350'}"
Glimmora,970,"['Rock', 'Poison']","{'HP': '83', 'Attack': '55', 'Defense': '90', 'Sp. Atk': '130', 'Sp. Def': '81', 'Speed': '86', 'Total': '525'}"
Greavard,971,['Ghost'],"{'HP': '50', 'Attack': '61', 'Defense': '60', 'Sp. Atk': '30', 'Sp. Def': '55', 'Speed': '34', 'Total': '290'}"
Houndstone,972,['Ghost'],"{'HP': '72', 'Attack': '101', 'Defense': '100', 'Sp. Atk': '50', 'Sp. Def': '97', 'Speed': '68', 'Total': '488'}"
Flamigo,973,"['Flying', 'Fighting']","{'HP': '82', 'Attack': '115', 'Defense': '74', 'Sp. Atk': '75', 'Sp. Def': '64', 'Speed': '90', 'Total': '500'}"
Cetoddle,974,['Ice'],"{'HP': '108', 'Attack': '68', 'Defense': '45', 'Sp. Atk': '30', 'Sp. Def': '40', 'Speed': '43', 'Total': '334'}"
Cetitan,975,['Ice'],"{'HP': '170', 'Attack': '113', 'Defense': '65', 'Sp. Atk': '45', 'Sp. Def': '55', 'Speed': '73', 'Total': '521'}"
Veluza,976,"['Water', 'Psychic']","{'HP': '90', 'Attack': '102', 'Defense': '73', 'Sp. Atk': '78', 'Sp. Def': '65', 'Speed': '70', 'Total': '478'}"
Dondozo,977,['Water'],"{'HP': '150', 'Attack': '100', 'Defense': '115', 'Sp. Atk': '65', 'Sp. Def': '65', 'Speed': '35', 'Total': '530'}"
Tatsugiri,978,"['Dragon', 'Water']","{'HP': '68', 'Attack': '50', 'Defense': '60', 'Sp. Atk': '120', 'Sp. Def': '95', 'Speed': '82', 'Total': '475'}"
Annihilape,979,"['Fighting', 'Ghost']","{'HP': '110', 'Attack': '115', 'Defense': '80', 'Sp. Atk': '50', 'Sp. Def': '90', 'Speed': '90', 'Total': '535'}"
Clodsire,980,"['Poison', 'Ground']","{'HP': '130', 'Attack': '75', 'Defense': '60', 'Sp. Atk': '45', 'Sp. Def': '100', 'Speed': '20', 'Total': '430'}"
Farigiraf,981,"['Normal', 'Psychic']","{'HP': '120', 'Attack': '90', 'Defense': '70', 'Sp. Atk': '110', 'Sp. Def': '70', 'Speed': '60', 'Total': '520'}"
Dudunsparce,982,['Normal'],"{'HP': '125', 'Attack': '100', 'Defense': '80', 'Sp. Atk': '85', 'Sp. Def': '75', 'Speed': '55', 'Total': '520'}"
Kingambit,983,"['Dark', 'Steel']","{'HP': '100', 'Attack': '135', 'Defense': '120', 'Sp. Atk': '60', 'Sp. Def': '85', 'Speed': '50', 'Total': '550'}"
Great Tusk,984,"['Ground', 'Fighting']","{'HP': '115', 'Attack': '131', 'Defense': '131', 'Sp. Atk': '53', 'Sp. Def': '53', 'Speed': '87', 'Total': '570'}"
Scream Tail,985,"['Fairy', 'Psychic']","{'HP': '115', 'Attack': '65', 'Defense': '99', 'Sp. Atk': '65', 'Sp. Def': '115', 'Speed': '111', 'Total': '570'}"
Brute Bonnet,986,"['Grass', 'Dark']","{'HP': '111', 'Attack': '127', 'Defense': '99', 'Sp. Atk': '79', 'Sp. Def': '99', 'Speed': '55', 'Total': '570'}"
Flutter Mane,987,"['Ghost', 'Fairy']","{'HP': '55', 'Attack': '55', 'Defense': '55', 'Sp. Atk': '135', 'Sp. Def': '135', 'Speed': '135', 'Total': '570'}"
Slither Wing,988,"['Bug', 'Fighting']","{'HP': '85', 'Attack': '135', 'Defense': '79', 'Sp. Atk': '85', 'Sp. Def': '105', 'Speed': '81', 'Total': '570'}"
Sandy Shocks,989,"['Electric', 'Ground']","{'HP': '85', 'Attack': '81', 'Defense': '97', 'Sp. Atk': '121', 'Sp. Def': '85', 'Speed': '101', 'Total': '570'}"
Iron Treads,990,"['Ground', 'Steel']","{'HP': '90', 'Attack': '112', 'Defense': '120', 'Sp. Atk': '72', 'Sp. Def': '70', 'Speed': '106', 'Total': '570'}"
Iron Bundle,991,"['Ice', 'Water']","{'HP': '56', 'Attack': '80', 'Defense': '114', 'Sp. Atk': '124', 'Sp. Def': '60', 'Speed': '136', 'Total': '570'}"
Iron Hands,992,"['Fighting', 'Electric']","{'HP': '154', 'Attack': '140', 'Defense': '108', 'Sp. Atk': '50', 'Sp. Def': '68', 'Speed': '50', 'Total': '570'}"
Iron Jugulis,993,"['Dark', 'Flying']","{'HP': '94', 'Attack': '80', 'Defense': '86', 'Sp. Atk': '122', 'Sp. Def': '80', 'Speed': '108', 'Total': '570'}"
Iron Moth,994,"['Fire', 'Poison']","{'HP': '80', 'Attack': '70', 'Defense': '60', 'Sp. Atk': '140', 'Sp. Def': '110', 'Speed': '110', 'Total': '570'}"
Iron Thorns,995,"['Rock', 'Electric']","{'HP': '100', 'Attack': '134', 'Defense': '110', 'Sp. Atk': '70', 'Sp. Def': '84', 'Speed': '72', 'Total': '570'}"
Frigibax,996,"['Dragon', 'Ice']","{'HP': '65', 'Attack': '75', 'Defense': '45', 'Sp. Atk': '35', 'Sp. Def': '45', 'Speed': '55', 'Total': '320'}"
Arctibax,997,"['Dragon', 'Ice']","{'HP': '90', 'Attack': '95', 'Defense': '66', 'Sp. Atk': '45', 'Sp. Def': '65', 'Speed': '62', 'Total': '423'}"
Baxcalibur,998,"['Dragon', 'Ice']","{'HP': '115', 'Attack': '145', 'Defense': '92', 'Sp. Atk': '75', 'Sp. Def': '86', 'Speed': '87', 'Total': '600'}"
Gimmighoul,999,['Ghost'],"{'HP': '45', 'Attack': '30', 'Defense': '70', 'Sp. Atk': '75', 'Sp. Def': '70', 'Speed': '10', 'Total': '300'}"
Gholdengo,1000,"['Steel', 'Ghost']","{'HP': '87', 'Attack': '60', 'Defense': '95', 'Sp. Atk': '133', 'Sp. Def': '91', 'Speed': '84', 'Total': '550'}"
Wo-Chien,1001,"['Dark', 'Grass']","{'HP': '85', 'Attack': '85', 'Defense': '100', 'Sp. Atk': '95', 'Sp. Def': '135', 'Speed': '70', 'Total': '570'}"
Chien-Pao,1002,"['Dark', 'Ice']","{'HP': '80', 'Attack': '120', 'Defense': '80', 'Sp. Atk': '90', 'Sp. Def': '65', 'Speed': '135', 'Total': '570'}"
Ting-Lu,1003,"['Dark', 'Ground']","{'HP': '155', 'Attack': '110', 'Defense': '125', 'Sp. Atk': '55', 'Sp. Def': '80', 'Speed': '45', 'Total': '570'}"
Chi-Yu,1004,"['Dark', 'Fire']","{'HP': '55', 'Attack': '80', 'Defense': '80', 'Sp. Atk': '135', 'Sp. Def': '120', 'Speed': '100', 'Total': '570'}"
Roaring Moon,1005,"['Dragon', 'Dark']","{'HP': '105', 'Attack': '139', 'Defense': '71', 'Sp. Atk': '55', 'Sp. Def': '101', 'Speed': '119', 'Total': '590'}"
Iron Valiant,1006,"['Fairy', 'Fighting']","{'HP': '74', 'Attack': '130', 'Defense': '90', 'Sp. Atk': '120', 'Sp. Def': '60', 'Speed': '116', 'Total': '590'}"
Koraidon,1007,"['Fighting', 'Dragon']","{'HP': '100', 'Attack': '135', 'Defense': '115', 'Sp. Atk': '85', 'Sp. Def': '100', 'Speed': '135', 'Total': '670'}"
Miraidon,1008,"['Electric', 'Dragon']","{'HP': '100', 'Attack': '85', 'Defense': '100', 'Sp. Atk': '135', 'Sp. Def': '115', 'Speed': '135', 'Total': '670'}"
Walking Wake,1009,"['Water', 'Dragon']","{'HP': '99', 'Attack': '83', 'Defense': '91', 'Sp. Atk': '125', 'Sp. Def': '83', 'Speed': '109', 'Total': '590'}"
Iron Leaves,1010,"['Grass', 'Psychic']","{'HP': '90', 'Attack': '130', 'Defense': '88', 'Sp. Atk': '70', 'Sp. Def': '108', 'Speed': '104', 'Total': '590'}"
Dipplin,1011,"['Grass', 'Dragon']","{'HP': '80', 'Attack': '80', 'Defense': '110', 'Sp. Atk': '95', 'Sp. Def': '80', 'Speed': '40', 'Total': '485'}"
Poltchageist,1012,"['Grass', 'Ghost']","{'HP': '40', 'Attack': '45', 'Defense': '45', 'Sp. Atk': '74', 'Sp. Def': '54', 'Speed': '50', 'Total': '308'}"
Sinistcha,1013,"['Grass', 'Ghost']","{'HP': '71', 'Attack': '60', 'Defense': '106', 'Sp. Atk': '121', 'Sp. Def': '80', 'Speed': '70', 'Total': '508'}"
Okidogi,1014,"['Poison', 'Fighting']","{'HP': '88', 'Attack': '128', 'Defense': '115', 'Sp. Atk': '58', 'Sp. Def': '86', 'Speed': '80', 'Total': '555'}"
Munkidori,1015,"['Poison', 'Psychic']","{'HP': '88', 'Attack': '75', 'Defense': '66', 'Sp. Atk': '130', 'Sp. Def': '90', 'Speed': '106', 'Total': '555'}"
Fezandipiti,1016,"['Poison', 'Fairy']","{'HP': '88', 'Attack': '91', 'Defense': '82', 'Sp. Atk': '70', 'Sp. Def': '125', 'Speed': '99', 'Total': '555'}"
Ogerpon,1017,['Grass'],"{'HP': '80', 'Attack': '120', 'Defense': '84', 'Sp. Atk': '60', 'Sp. Def': '96', 'Speed': '110', 'Total': '550'}"
Archaludon,1018,"['Steel', 'Dragon']","{'HP': '90', 'Attack': '105', 'Defense': '130', 'Sp. Atk': '125', 'Sp. Def': '65', 'Speed': '85', 'Total': '600'}"
Hydrapple,1019,"['Grass', 'Dragon']","{'HP': '106', 'Attack': '80', 'Defense': '110', 'Sp. Atk': '120', 'Sp. Def': '80', 'Speed': '44', 'Total': '540'}"
Gouging Fire,1020,"['Fire', 'Dragon']","{'HP': '105', 'Attack': '115', 'Defense': '121', 'Sp. Atk': '65', 'Sp. Def': '93', 'Speed': '91', 'Total': '590'}"
Raging Bolt,1021,"['Electric', 'Dragon']","{'HP': '125', 'Attack': '73', 'Defense': '91', 'Sp. Atk': '137', 'Sp. Def': '89', 'Speed': '75', 'Total': '590'}"
Iron Boulder,1022,"['Rock', 'Psychic']","{'HP': '90', 'Attack': '120', 'Defense': '80', 'Sp. Atk': '68', 'Sp. Def': '108', 'Speed': '124', 'Total': '590'}"
Iron Crown,1023,"['Steel', 'Psychic']","{'HP': '90', 'Attack': '72', 'Defense': '100', 'Sp. Atk': '122', 'Sp. Def': '108', 'Speed': '98', 'Total': '590'}"
Terapagos,1024,['Normal'],"{'HP': '90', 'Attack': '65', 'Defense': '85', 'Sp. Atk': '65', 'Sp. Def': '85', 'Speed': '60', 'Total': '450'}"
Pecharunt,1025,"['Poison', 'Ghost']","{'HP': '88', 'Attack': '88', 'Defense': '160', 'Sp. Atk': '88', 'Sp. Def': '88', 'Speed': '88', 'Total': '600'}"
