,VGCPastes Repository (Champions M-B),,,,,,,,,,,,,,,,,,,Total Team Count:,,758,,,,,Total Creator Count: ,526,,,Teams with Replicas: ,609,,,,,,,,,,,,
,Click here to visit our Twitter for latest updates!,,,,,,,,Click here to see Champions Featured Teams (Teams with results only),,,,,,,,,,,,,,,,,,DM us in Discord if Replica Code is not available anymore! ⬇︎,,,Source /,,Note: Most of the teams we find are from Twitter,,,,,,,,,,,,
Team ID,Team Description,,Full Name,,1,,,2,,,3,,,4,,,5,,,6,,,,Pokepaste,EVs,Extracted paste?,Replica Status,"Replica Code
(Click text for image)",Date Shared,Tournament / Event,Rank,Link to Source,Report / Video,Other Links,Owner,,Pokemon Text for Copypasta,,,,,,,Team ID
MB758,Jhin's Charizard-Y Tyranitar TR Team,,Jhin,,,,Charizardite Y,,,Tyranitarite,,,Iron Ball,,,Choice Scarf,,,Focus Sash,,,Fairy Feather,,https://pokepast.es/aefa6c1985c14b43,Yes,Extracted,✔,4HGXV756EG,19 Aug 2026,-,,https://x.com/jhin0213/status/2089945972461990374?s=46,-,-,jhin0213,,Charizard-Mega-Y,Tyranitar-Mega,Excadrill,Staraptor,Whimsicott,Sylveon,,MB758
MB757,NatusPKMN's Gengar Tinkaton Team,,Nate Innocenti,,,,Gengarite,,,Passho Berry,,,Sitrus Berry,,,Chople Berry,,,Shuca Berry,,,Life Orb,,https://pokepast.es/84b3075ea397a2cf,Yes,Extracted,✔,422RF49515,18 Aug 2026,-,,https://x.com/natuspkmn/status/2089711549766127760?s=46,-,-,natuspkmn,,Gengar-Mega,Incineroar,Swampert,Maushold-Four,Tinkaton,Kommo-o,,MB757
MB756,hoshinocpa's Khun Champions Cup #3 Runner Up Team,,hoshinocpa,,,,Cameruptite,,,Mawilite,,,Sitrus Berry,,,Focus Sash,,,Wide Lens,,,Colbur Berry,,https://pokepast.es/94829c225748e1e8,Yes,Extracted,✔,SFHWJVEET2,17 Aug 2026,Khun Champions Cup #3,Runner Up,https://x.com/hoshinocpa/status/2089597420829278720?s=46,https://teamsheet.gg/t/how-a-newbie-almost-won-a-huge-local-tournament-and-almost-r-e4f9jl,https://play.limitlesstcg.com/tournament/6a5edca452c24ac2da647e75/standings,hoshinocpa,,Camerupt-Mega,Mawile-Mega,Azumarill,Gallade,Maushold-Four,Farigiraf,,MB756
MB755,abelpoke49r's Gardevoir Grimmsnarl Team,,abelpoke49r,,,,Gardevoirite,,,Charcoal,,,Mystic Water,,,Wide Lens,,,Life Orb,,,Choice Scarf,,https://pokepast.es/46fbacfe554296c9,Yes,Extracted,✔,FVHP5XSM6H,17 Aug 2026,-,,https://x.com/abelpoke49r/status/2089481838368903499?s=46,-,-,abelpoke49r,,Gardevoir-Mega,Talonflame,Basculegion,Maushold-Four,Grimmsnarl,Garchomp,,MB755
MB754,LenVGC's Delphox Samurott-Hisui Team,,Alex Soto,,,,Delphoxite,,,Floettite,,,Sitrus Berry,,,Choice Scarf,,,Focus Sash,,,Occa Berry,,https://pokepast.es/1cf61748978ee64d,Yes,Owner's,X,None,17 Aug 2026,Chadweezy95 Tour,Top 8,https://x.com/lenvgc/status/2089457082659401730?s=46,https://www.patreon.com/LenVGC/posts/i-went-9-0-in-166956441,https://play.limitlesstcg.com/tournament/6a7c441dcdc0391d7fa6489c/standings,lenvgc,,Delphox-Mega,Floette-Eternal-Mega,Incineroar,Samurott-Hisui,Sneasler,Sinistcha,,MB754
MB753,trickrubyvgc's Abomasnow Simipour Team,,trickrubyvgc,,,,Abomasite,,,Focus Sash,,,Mystic Water,,,Sitrus Berry,,,Wide Lens,,,Life Orb,,https://pokepast.es/d3cac42614f79675,Yes,Extracted,✔,0VS4203ESA,17 Aug 2026,-,,https://x.com/trickrubyvgc/status/2089499555532345790?s=46,-,-,trickrubyvgc,,Abomasnow-Mega,Armarouge,Simipour,Farigiraf,Avalugg-Hisui,Hatterene,,MB753
MB752,MiJa's VR to San Francisco Champion Team,,Hyungwoo Shin,,,,Blastoisinite,,,Delphoxite,,,Sitrus Berry,,,Focus Sash,,,Colbur Berry,,,Life Orb,,https://pokepast.es/93e7fcc85c55a782,No,Extracted,X,None,16 Aug 2026,VR to San Francisco,Champion,https://x.com/CandyBong__Z/status/2089137182632280271,-,https://victoryroad.pro/vrtsf26/,CandyBong__Z,,Blastoise-Mega,Delphox-Mega,Incineroar,Sneasler,Sinistcha,Kingambit,,MB752
MB751,João Felipe Leite's VR to San Francisco Runner Up Team,,João Felipe Leite,,,,Froslassite,,,Scovillainite,,,Life Orb,,,Focus Sash,,,White Herb,,,Black Glasses,,https://pokepast.es/68eb24cb26723caf,No,Extracted,X,None,16 Aug 2026,VR to San Francisco,Runner Up,No Tweet,-,https://victoryroad.pro/vrtsf26/,Thacrow,,Froslass-Mega,Scovillain-Mega,Basculegion,Lycanroc-Dusk,Sneasler,Kingambit,,MB751
MB750,PPL_Dorian's VR to San Francisco Top 4 Team,,Dorian Quiñones,,,,Gengarite,,,Sitrus Berry,,,Focus Sash,,,Black Glasses,,,Choice Scarf,,,Life Orb,,https://pokepast.es/2e7a5537be5d014a,No,Extracted,X,None,16 Aug 2026,VR to San Francisco,3rd,https://x.com/Ppl_Dorian/status/2089127145557696748,-,https://victoryroad.pro/vrtsf26/,Ppl_Dorian,,Gengar-Mega,Incineroar,Sneasler,Kingambit,Ninetales-Alola,Dragonite,,MB750
MB749,Héctor Sánchez's VR to San Francisco Top 4 Team,,Héctor Sánchez,,,,Charizardite Y,,,Floettite,,,Life Orb,,,Focus Sash,,,Chople Berry,,,Sitrus Berry,,https://pokepast.es/cd801e7c7f787cbf,No,Extracted,X,None,16 Aug 2026,VR to San Francisco,4th,https://x.com/SrTorch13/status/2089125728315138345,-,https://victoryroad.pro/vrtsf26/,SrTorch13,,Charizard-Mega-Y,Floette-Eternal-Mega,Basculegion,Whimsicott,Kingambit,Garchomp,,MB749
MB748,Erizabeth's VR to San Francisco Top 8 Team,,Erizabeth,,,,Charizardite Y,,,Gengarite,,,Sitrus Berry,,,White Herb,,,Life Orb,,,Choice Scarf,,https://pokepast.es/213542ca8e9a0a60,No,Extracted,X,None,16 Aug 2026,VR to San Francisco,5th,https://x.com/rizabeth373/status/2089115599440154971,-,https://victoryroad.pro/vrtsf26/,rizabeth373,,Charizard-Mega-Y,Gengar-Mega,Incineroar,Sneasler,Dragonite,Garchomp,,MB748
MB747,zeen's VR to San Francisco Top 8 Team,,Shohei Kimura,,,,Charizardite Y,,,Sitrus Berry,,,Leftovers,,,Life Orb,,,Fairy Feather,,,Choice Scarf,,https://pokepast.es/3a7374767f9b256f,No,Extracted,X,None,16 Aug 2026,VR to San Francisco,6th,https://x.com/zeen172M/status/2089101229079265410,-,https://victoryroad.pro/vrtsf26/,zeen172M,,Charizard-Mega-Y,Incineroar,Toxapex,Venusaur,Sylveon,Garchomp,,MB747
MB746,Candy's VR to San Francisco Top 8 Team,,Kandai Nagatome,,,,Charizardite Y,,,Sitrus Berry,,,Leftovers,,,Life Orb,,,Fairy Feather,,,Choice Scarf,,https://pokepast.es/b8f8e845e4091711,No,Extracted,X,None,16 Aug 2026,VR to San Francisco,7th,https://x.com/sdlnfo/status/2089106993403625736,-,https://victoryroad.pro/vrtsf26/,sdlnfo,,Charizard-Mega-Y,Incineroar,Toxapex,Venusaur,Sylveon,Garchomp,,MB746
MB745,gahaku's VR to San Francisco Top 8 Team,,Masahiro Ito,,,,Staraptite,,,Charcoal,,,Focus Sash,,,Life Orb,,,Occa Berry,,,Sitrus Berry,,https://pokepast.es/4aed91e85c93e97c,No,Extracted,X,None,16 Aug 2026,VR to San Francisco,8th,https://x.com/gahaku_poke,-,https://victoryroad.pro/vrtsf26/,gahaku_poke,,Staraptor-Mega,Torkoal,Glimmora,Sneasler,Whimsicott,Farigiraf,,MB745
MB744,13Yoshi37's VR to San Francisco Top 16 Team,,Markus Stadter,,,,Raichunite Y,,,Staraptite,,,Focus Sash,,,Sitrus Berry,,,Life Orb,,,Fairy Feather,,https://pokepast.es/102e046831526921,No,Extracted,X,None,16 Aug 2026,VR to San Francisco,9th,https://x.com/13Yoshi37/status/2089094564363506171,-,https://victoryroad.pro/vrtsf26/,13Yoshi37,,Raichu-Mega-Y,Staraptor-Mega,Arcanine-Hisui,Farigiraf,Kingambit,Sylveon,,MB744
MB743,Narret's VR to San Francisco Top 16 Team,,Michał Kwiatkowski,,,,Blazikenite,,,Froslassite,,,Sitrus Berry,,,White Herb,,,Occa Berry,,,Black Glasses,,https://pokepast.es/cb10ec3b474a12a3,No,Extracted,X,None,16 Aug 2026,VR to San Francisco,10th,https://x.com/Narretgg/status/2089091057917067581,-,https://victoryroad.pro/vrtsf26/,Narretgg,,Blaziken-Mega,Froslass-Mega,Incineroar,Sneasler,Sinistcha,Kingambit,,MB743
MB742,marcofiero's VR to San Francisco Top 16 Team,,Marco Silva,,,,Aerodactylite,,,Charizardite Y,,,Sitrus Berry,,,Focus Sash,,,Fairy Feather,,,Life Orb,,https://pokepast.es/e8b65d60623fb742,No,Extracted,X,None,16 Aug 2026,VR to San Francisco,11th,https://x.com/marc0fier0,-,https://victoryroad.pro/vrtsf26/,marc0fier0,,Aerodactyl-Mega,Charizard-Mega-Y,Farigiraf,Kingambit,Sylveon,Garchomp,,MB742
MB741,Calculus' VR to San Francisco Top 16 Team,,Calculus,,,,Charizardite Y,,,Floettite,,,Life Orb,,,Focus Sash,,,Occa Berry,,,Sitrus Berry,,https://pokepast.es/9a2b7eea87785038,No,Extracted,X,None,16 Aug 2026,VR to San Francisco,12th,https://x.com/CalcVGC/status/2089040172675702920,-,https://victoryroad.pro/vrtsf26/,CalcVGC,,Charizard-Mega-Y,Floette-Eternal-Mega,Basculegion,Whimsicott,Kingambit,Garchomp,,MB741
MB740,Louis' VR to San Francisco Top 16 Team,,Louis Markl,,,,Floettite,,,Sitrus Berry,,,Choice Scarf,,,White Herb,,,Focus Sash,,,Black Glasses,,https://pokepast.es/f85ccd540a7353d7,No,Extracted,X,None,16 Aug 2026,VR to San Francisco,13th,https://x.com/Louisvgc,-,https://victoryroad.pro/vrtsf26/,Louisvgc,,Floette-Eternal-Mega,Incineroar,Basculegion,Sneasler,Sinistcha,Kingambit,,MB740
MB739,Penguin's VR to San Francisco Top 16 Team,,Naoto Mizobuchi,,,,Charizardite Y,,,Sitrus Berry,,,Wide Lens,,,Focus Sash,,,Fairy Feather,,,Life Orb,,https://pokepast.es/1861250158e8fc3a,No,Extracted,X,None,16 Aug 2026,VR to San Francisco,14th,https://x.com/penguin2142,-,https://victoryroad.pro/vrtsf26/,penguin2142,,Charizard-Mega-Y,Incineroar,Venusaur,Aerodactyl,Sylveon,Garchomp,,MB739
MB738,Léo Fontvieille's VR to San Francisco Top 16 Team,,Léo Fontvieille,,,,Blastoisinite,,,Delphoxite,,,Sitrus Berry,,,Focus Sash,,,Colbur Berry,,,Life Orb,,https://pokepast.es/f41dbaf280a75a4d,No,Extracted,X,None,16 Aug 2026,VR to San Francisco,15th,No Tweet,-,https://victoryroad.pro/vrtsf26/,Leo,,Blastoise-Mega,Delphox-Mega,Incineroar,Sneasler,Sinistcha,Kingambit,,MB738
MB737,Carlos Cabal's VR to San Francisco Top 16 Team,,Carlos Cabal,,,,Aerodactylite,,,Charizardite Y,,,Sitrus Berry,,,Life Orb,,,Fairy Feather,,,White Herb,,https://pokepast.es/b3232e0fd0389de8,No,Extracted,X,None,16 Aug 2026,VR to San Francisco,16th,https://x.com/miraii1__/status/2089102640655253838,-,https://victoryroad.pro/vrtsf26/,miraii1__,,Aerodactyl-Mega,Charizard-Mega-Y,Incineroar,Venusaur,Sylveon,Garchomp,,MB737
MB736,Kangourou's VR to San Francisco Top 32 Team,,Jérémy Côté,,,,Charizardite Y,,,Sitrus Berry,,,Leftovers,,,Life Orb,,,Fairy Feather,,,Choice Scarf,,https://pokepast.es/0bf0dbd43a21af08,No,Extracted,X,None,16 Aug 2026,VR to San Francisco,17th,https://x.com/Kangourou0071,-,https://victoryroad.pro/vrtsf26/,Kangourou0071,,Charizard-Mega-Y,Incineroar,Toxapex,Venusaur,Sylveon,Garchomp,,MB736
MB735,Giulio Tarlao's VR to San Francisco Top 32 Team,,Giulio Tarlao,,,,Delphoxite,,,Floettite,,,Passho Berry,,,Focus Sash,,,Chople Berry,,,Occa Berry,,https://pokepast.es/223d7331be48087f,No,Extracted,X,None,16 Aug 2026,VR to San Francisco,18th,https://x.com/TarlaoGiulio,-,https://victoryroad.pro/vrtsf26/,TarlaoGiulio,,Delphox-Mega,Floette-Eternal-Mega,Incineroar,Sneasler,Maushold-Four,Sinistcha,,MB735
MB734,Justin Burns' VR to San Francisco Top 32 Team,,Justin Burns,,,,Charizardite Y,,,Floettite,,,Sitrus Berry,,,Mystic Water,,,Focus Sash,,,Life Orb,,https://pokepast.es/439d2b34fc07bf9c,No,Extracted,X,None,16 Aug 2026,VR to San Francisco,19th,No Tweet,-,https://victoryroad.pro/vrtsf26/,Justin,,Charizard-Mega-Y,Floette-Eternal-Mega,Incineroar,Basculegion,Whimsicott,Garchomp,,MB734
MB733,JMOdri's VR to San Francisco Top 32 Team,,Juan Manuel Odriozola,,,,Charizardite Y,,,Sitrus Berry,,,Leftovers,,,Life Orb,,,Fairy Feather,,,Choice Scarf,,https://pokepast.es/be3ade1783992d23,No,Extracted,X,None,16 Aug 2026,VR to San Francisco,20th,https://x.com/JMOdriVGC/status/2089086692166893914,-,https://victoryroad.pro/vrtsf26/,JMOdriVGC,,Charizard-Mega-Y,Incineroar,Toxapex,Venusaur,Sylveon,Garchomp,,MB733
MB732,Betchman's VR to San Francisco Top 32 Team,,Betchman,,,,Froslassite,,,Glimmoranite,,,Life Orb,,,Bright Powder,,,Focus Sash,,,Chople Berry,,https://pokepast.es/0f7b23b539b70c71,Yes,Extracted,✔,H59R1YGEDJ,16 Aug 2026,VR to San Francisco,21st,https://x.com/betchman22/status/2089775420107530536?s=46,-,https://victoryroad.pro/vrtsf26/,betchman22,,Froslass-Mega,Glimmora-Mega,Talonflame,Glaceon,Sneasler,Kingambit,,MB732
MB731,ApronVGC's VR to San Francisco Top 32 Team,,Sebastian Li,,,,Floettite,,,Charcoal,,,Life Orb,,,Focus Sash,,,Black Glasses,,,Sitrus Berry,,https://pokepast.es/f8869a1604b8aebf,No,Extracted,X,None,16 Aug 2026,VR to San Francisco,22nd,https://x.com/apronvgc/status/2089079108470780404,-,https://victoryroad.pro/vrtsf26/,apronvgc,,Floette-Eternal-Mega,Incineroar,Basculegion,Whimsicott,Kingambit,Garchomp,,MB731
MB730,Desu's VR to San Francisco Top 64 Team,,Nico Davide Cognetta,,,,Charizardite Y,,,Floettite,,,Life Orb,,,Focus Sash,,,Occa Berry,,,Sitrus Berry,,https://pokepast.es/2a12c13b4452de79,Yes,Extracted,✔,QWD1BP8DE6,17 Aug 2026,VR to San Francisco,40th,https://x.com/desuvgc/status/2089119248987660542?s=46,-,https://victoryroad.pro/vrtsf26/,desuvgc,,Charizard-Mega-Y,Floette-Eternal-Mega,Basculegion,Whimsicott,Kingambit,Garchomp,,MB730
MB729,anboxing's VR to San Francisco Top 128 Team,,anboxing,,,,Kangaskhanite,,,Charcoal,,,Life Orb,,,Focus Sash,,,Colbur Berry,,,Wise Glasses,,https://pokepast.es/18fe9eea8bdd7dfa,Yes,Owner's,✔,QDHN9MDM9F,16 Aug 2026,VR to San Francisco,119th,https://x.com/anboxing11/status/2088891408644030467,-,https://victoryroad.pro/vrtsf26/,anboxing11,,Kangaskhan-Mega,Torkoal,Conkeldurr,Gallade,Farigiraf,Reuniclus,,MB729
MB728,koyadofudx's Extreme Off (Doubles) Top 4 Team,,koyadofudx,,,,Aerodactylite,,,Charizardite Y,,,Choice Scarf,,,Fairy Feather,,,Focus Sash,,,Life Orb,,https://pokepast.es/f6926fa954566157,Yes,Extracted,X,None,16 Aug 2026,Extreme Off (Doubles),Top 4,https://x.com/koyadofudx/status/2088906192181719272?s=46,-,-,koyadofudx,,Aerodactyl-Mega,Charizard-Mega-Y,Basculegion,Whimsicott,Kingambit,Garchomp,,MB728
MB727,a_zenopoke's Extreme Off (Doubles) Top 32 Team,,a_zenopoke,,,,Froslassite,,,Scovillainite,,,Sitrus Berry,,,Focus Sash,,,White Herb,,,Life Orb,,https://pokepast.es/1390e1a2e1455810,Yes,Extracted,X,None,16 Aug 2026,Extreme Off (Doubles),27th,https://x.com/a_zenopoke/status/2088875036568625383?s=46,-,-,a_zenopoke,,Froslass-Mega,Scovillain-Mega,Basculegion,Lycanroc-Dusk,Sneasler,Kingambit,,MB727
MB726,DN's Extreme Off (Doubles) Top 32 Team,,DN,,,,Delphoxite,,,Floettite,,,Chople Berry,,,Focus Sash,,,Sitrus Berry,,,Life Orb,,https://pokepast.es/dc7a902cf6db11f6,Yes,Extracted,✔,D3T7RVGU21,16 Aug 2026,Extreme Off (Doubles),32nd,https://x.com/DN51840610/status/2088871513877569914?s=20,-,-,DN51840610,,Delphox-Mega,Floette-Eternal-Mega,Incineroar,Basculegion,Whimsicott,Garchomp,,MB726
MB725,Onion's Extreme Off (Doubles) Team,,Onion,,,,Aerodactylite,,,Charizardite Y,,,Sitrus Berry,,,Focus Sash,,,Fairy Feather,,,Life Orb,,https://pokepast.es/90dbf78f97bc4ce3,Yes,Extracted,X,None,16 Aug 2026,Extreme Off (Doubles),,https://x.com/0nion_poke/status/2088872342713983143?s=20,-,-,0nion_poke,,Aerodactyl-Mega,Charizard-Mega-Y,Farigiraf,Kingambit,Sylveon,Garchomp,,MB725
MB724,alice_0444's Extreme Off (Doubles) Team,,alice_0444,,,,Froslassite,,,Tyranitarite,,,Expert Belt,,,Sitrus Berry,,,Focus Sash,,,Life Orb,,https://pokepast.es/1d8f7e4cf45686da,Yes,Extracted,✔,9NGXPAUPJH,16 Aug 2026,Extreme Off (Doubles),,https://x.com/alice_0444/status/2088842187182338184?s=20,-,-,alice_0444,,Froslass-Mega,Tyranitar-Mega,Gyarados,Milotic,Excadrill,Gholdengo,,MB724
MB723,lovejapanfrombr's Staraptor Sand Team V2,,lovejapanfrombr,,,,Staraptite,,,Tyranitarite,,,Sitrus Berry,,,Focus Sash,,,Colbur Berry,,,Life Orb,,https://pokepast.es/792eff298b4e95ab,Yes,Extracted,✔,AGD4N3NEPV,17 Aug 2026,-,,https://x.com/lovejapanfrombr/status/2089184658248626318?s=46,https://note.com/yoshimap/n/n411fe0271c75,-,lovejapanfrombr,,Staraptor-Mega,Tyranitar-Mega,Milotic,Excadrill,Sinistcha,Gholdengo,,MB723
MB722,Lawrence's Khun Champions Cup #3 Top 4 Team,,LawrenceVGC,,,,Garchompite,,,Gardevoirite,,,Sitrus Berry,,,Focus Sash,,,Colbur Berry,,,Chople Berry,,https://pokepast.es/824d80c0ca31b3c1,Yes,Extracted,✔,QS3BGFFCQS,16 Aug 2026,Khun Champions Cup #3,3rd,https://x.com/i/status/2088944447954518102,-,-,LawrenceVGC,,Garchomp-Mega,Gardevoir-Mega,Incineroar,Sneasler,Sinistcha,Kingambit,,MB722
MB721,chillgatr's Meganium Gallade Team,,chillgatr,,,,Meganiumite,,,Life Orb,,,Focus Sash,,,White Herb,,,Choice Scarf,,,Sitrus Berry,,https://pokepast.es/0ba19a345ad55f4f,Yes,Owner's,✔,8YHCR4668E,15 Aug 2026,-,,https://x.com/chillgatr/status/2088483391448457458?s=46,https://teamsheet.gg/t/mega-meganium-champion-tier-team-0gk4st,-,chillgatr,,Meganium-Mega,Milotic,Aerodactyl,Gallade,Tyranitar,Gholdengo,,MB721
MB720,toshiniki's Raichu-Y Staraptor Team,,toshiniki,,,,Raichunite Y,,,Staraptite,,,Focus Sash,,,Sitrus Berry,,,Chople Berry,,,Fairy Feather,,https://pokepast.es/d5abd0dbf9bf82cb,Yes,Extracted,✔,9SAX2X1U4B,15 Aug 2026,-,,https://x.com/toshi_kyogre/status/2088527477409017987?s=46,-,-,toshi_kyogre,,Raichu-Mega-Y,Staraptor-Mega,Glimmora,Farigiraf,Kingambit,Sylveon,,MB720
MB719,del_dubble's Least Used 6 Team,,del_dubble,,,,Pinsirite,,,Focus Sash,,,Spell Tag,,,Choice Scarf,,,Sitrus Berry,,,Life Orb,,https://pokepast.es/f5189bcf8cbd9244,Yes,Extracted,✔,CTQX73699J,14 Aug 2026,-,,https://x.com/del_dubble/status/2087955454974693787?s=46&t=yNFwmL1izgmO4cGV4ncf9g,-,-,del_dubble,,Pinsir-Mega,Simipour,Decidueye,Rotom,Florges,Goodra,,MB719
MB718,JoeyPokeaim's Scovillain Primarina Team,,JoeyPokeaim,,,,Chesnaughtite,,,Scovillainite,,,Bright Powder,,,Leftovers,,,Focus Sash,,,Sitrus Berry,,https://pokepast.es/7715657386d16c23,Yes,Extracted,✔,83EE7B48V3,14 Aug 2026,Video,,https://www.youtube.com/watch?v=yWfV2j0YGdo,-,-,joeypokeaim,,Chesnaught-Mega,Scovillain-Mega,Incineroar,Primarina,Mamoswine,Slowking-Galar,,MB718
MB717,MichaelderBeste's Recreaction of Juan Lucin's VR August Challenge #2 Runner Up Team,,Michael Kelsch,,,,Aerodactylite,,,Raichunite Y,,,Mystic Water,,,Focus Sash,,,Life Orb,,,Fairy Feather,,https://pokepast.es/97486adbc5ca3067,Yes,Owner's,✔,CT06A8AJ74,14 Aug 2026,-,,https://x.com/MichaelderBeste/status/2087939521941758021?s=20,-,-,MichaelderBeste,,Aerodactyl-Mega,Raichu-Mega-Y,Basculegion,Sneasler,Kingambit,Sylveon,,MB717
MB716,peakedin2009's Recreation of MDB's VR August Challenge #2 Champion Team,,peakedin2009,,,,Gengarite,,,Sitrus Berry,,,Leftovers,,,Focus Sash,,,Choice Scarf,,,Life Orb,,https://pokepast.es/2cc66496fe7bc132,Yes,Extracted,✔,ESJDD2DVLQ,13 Aug 2026,-,,https://x.com/peakedin2009/status/2087595200856064182?s=46,-,-,peakedin2009,,Gengar-Mega,Incineroar,Swampert,Sneasler,Ninetales-Alola,Dragonite,,MB716
MB715,punihina1334's Hatterene Series W33 Champion Team,,punihina1334,,,,Meganiumite,,,Tyranitarite,,,Charcoal,,,White Herb,,,Life Orb,,,Sitrus Berry,,https://pokepast.es/0dad174ede250807,Yes,Extracted,✔,BR8NCNMJEF,13 Aug 2026,Hatterene Series W33,Champion,https://x.com/punihina1334/status/2087659885848576449?s=46,-,-,punihina1334,,Meganium-Mega,Tyranitar-Mega,Talonflame,Sneasler,Aegislash,Garchomp,,MB715
MB714,Asuka's Delphox Metagross Team,,Asuka,,,,Delphoxite,,,Metagrossite,,,Focus Sash,,,Black Glasses,,,Life Orb,,,Choice Scarf,,https://pokepast.es/d6d01ee2c8fb2083,Yes,Extracted,✔,DBSSKX639T,13 Aug 2026,-,,https://x.com/asuka_pkmn/status/2087697094144639446?s=46,-,-,asuka_pkmn,,Delphox-Mega,Metagross-Mega,Sneasler,Kingambit,Dragonite,Garchomp,,MB714
MB713,BTrickroomZ's Charizard-Y Incineroar Team,,Yuta Ishigaki,,,,Charizardite Y,,,Charcoal,,,Life Orb,,,Sitrus Berry,,,Chople Berry,,,Choice Scarf,,https://pokepast.es/01c0d2a208c2beb0,Yes,Extracted,✔,4LRH7E1B3A,12 Aug 2026,-,,https://x.com/btrickroomz/status/2087542929070154094?s=46,-,-,btrickroomz,,Charizard-Mega-Y,Incineroar,Venusaur,Farigiraf,Kingambit,Garchomp,,MB713
MB712,shaikhvgc786's Pokemon VGC Champions Tour Ep.4 Champion Team,,shaikhvgc786,,,,Floettite,,,Raichunite Y,,,Focus Sash,,,Passho Berry,,,Leftovers,,,Sitrus Berry,,https://pokepast.es/1f789194015e22c6,Yes,Extracted,✔,T19WBBU68T,12 Aug 2026,Pokemon VGC Champions Tour Ep.4,Champion,https://x.com/shaikhvgc786/status/2087385574542127529?s=46,-,-,shaikhvgc786,,Floette-Eternal-Mega,Raichu-Mega-Y,Ceruledge,Incineroar,Milotic,Sinistcha,,MB712
MB711,MichaelderBeste's VR August Challenge #2 Champion Team,,Michael Kelsch,,,,Gengarite,,,Sitrus Berry,,,Leftovers,,,Focus Sash,,,Choice Scarf,,,Life Orb,,https://pokepast.es/55111a380b726ae6,No,Extracted,X,None,9 Aug 2026,VR August Challenge #2,Champion,https://x.com/MichaelderBeste/status/2086522545680048309,-,https://victoryroad.pro/vr-aug26-2/,MichaelderBeste,,Gengar-Mega,Incineroar,Swampert,Sneasler,Ninetales-Alola,Dragonite,,MB711
MB710,Juan Lucin's VR August Challenge #2 Runner Up Team,,Juan Lucin,,,,Aerodactylite,,,Raichunite Y,,,Mystic Water,,,Focus Sash,,,Life Orb,,,Fairy Feather,,https://pokepast.es/476e79292ceab11a,No,Extracted,X,None,9 Aug 2026,VR August Challenge #2,Runner Up,https://x.com/slucin03,-,https://victoryroad.pro/vr-aug26-2/,slucin03,,Aerodactyl-Mega,Raichu-Mega-Y,Basculegion,Sneasler,Kingambit,Sylveon,,MB710
MB709,Yanagi's VR August Challenge #2 Top 4 Team,,Yosuke Takayanagi,,,,Raichunite Y,,,Staraptite,,,Charcoal,,,Focus Sash,,,Life Orb,,,Sitrus Berry,,https://pokepast.es/4af5b2aa73228d01,No,Extracted,X,None,9 Aug 2026,VR August Challenge #2,3rd,https://x.com/yanagiT_poke/status/2086512497226604896,-,https://victoryroad.pro/vr-aug26-2/,yanagiT_poke,,Raichu-Mega-Y,Staraptor-Mega,Torkoal,Basculegion,Sneasler,Farigiraf,,MB709
MB708,Li Yu-Chi's VR August Challenge #2 Top 4 Team,,Li Yu-Chi,,,,Charizardite Y,,,Sitrus Berry,,,Leftovers,,,Life Orb,,,Fairy Feather,,,Choice Scarf,,https://pokepast.es/700aaaeef97e5fda,No,Extracted,X,None,9 Aug 2026,VR August Challenge #2,4th,https://x.com/Ado_sorachi/status/2086662946227470832,-,https://victoryroad.pro/vr-aug26-2/,Ado_sorachi,,Charizard-Mega-Y,Incineroar,Toxapex,Venusaur,Sylveon,Garchomp,,MB708
MB707,syokora's VR August Challenge #2 Top 8 Team,,syokora,,,,Aerodactylite,,,Dragoninite,,,Mystic Water,,,Focus Sash,,,Chople Berry,,,Fairy Feather,,https://pokepast.es/c823b14fb4d84698,No,Extracted,X,None,9 Aug 2026,VR August Challenge #2,5th,https://x.com/syokoractvdd/status/2086186348298613220,-,https://victoryroad.pro/vr-aug26-2/,syokoractvdd,,Aerodactyl-Mega,Dragonite-Mega,Basculegion,Sneasler,Kingambit,Sylveon,,MB707
MB706,William Brown's VR August Challenge #2 Top 8 Team,,William Brown,,,,Charizardite Y,,,Swampertite,,,Sitrus Berry,,,Focus Sash,,,Light Clay,,,Leftovers,,https://pokepast.es/9e171b2464b26e6c,No,Extracted,X,None,9 Aug 2026,VR August Challenge #2,6th,https://x.com/WillBrown_vgc,-,https://victoryroad.pro/vr-aug26-2/,WillBrown_vgc,,Charizard-Mega-Y,Swampert-Mega,Pelipper,Venusaur,Grimmsnarl,Archaludon,,MB706
MB705,Lexicon's VR August Challenge #2 Top 8 Team,,Alex Underhill,,,,Charizardite Y,,,Swampertite,,,Sitrus Berry,,,Focus Sash,,,Light Clay,,,Leftovers,,https://pokepast.es/6c1f93c580d8c484,No,Extracted,X,None,9 Aug 2026,VR August Challenge #2,7th,https://x.com/LexiconVGC,-,https://victoryroad.pro/vr-aug26-2/,LexiconVGC,,Charizard-Mega-Y,Swampert-Mega,Pelipper,Venusaur,Grimmsnarl,Archaludon,,MB705
MB704,Juanfi's VR August Challenge #2 Top 8 Team,,Juan Salerno,,,,Charizardite Y,,,Floettite,,,Life Orb,,,Focus Sash,,,Occa Berry,,,Sitrus Berry,,https://pokepast.es/06b3d2088acc8964,No,Extracted,X,None,9 Aug 2026,VR August Challenge #2,8th,https://x.com/JuanfiVGC,-,https://victoryroad.pro/vr-aug26-2/,JuanfiVGC,,Charizard-Mega-Y,Floette-Eternal-Mega,Basculegion,Whimsicott,Kingambit,Garchomp,,MB704
MB703,Suica's VR August Challenge #2 Top 16 Team,,Joji Kaieda,,,,Charizardite Y,,,Sitrus Berry,,,Leftovers,,,Life Orb,,,Fairy Feather,,,Choice Scarf,,https://pokepast.es/d12b5b1443607c9f,No,Extracted,X,None,9 Aug 2026,VR August Challenge #2,9th,https://x.com/mihono_suica/status/2086190260082671912,-,https://victoryroad.pro/vr-aug26-2/,mihono_suica,,Charizard-Mega-Y,Incineroar,Toxapex,Venusaur,Sylveon,Garchomp,,MB703
MB702,Saban's Recreation of MDB's VR August Challenge #2 Champion Team,,Saban,,,,Gengarite,,,Sitrus Berry,,,Leftovers,,,Focus Sash,,,Choice Scarf,,,Life Orb,,https://pokepast.es/83dab8ecf3e23852,Yes,Extracted,✔,DQXVE1TNWK,11 Aug 2026,-,,https://x.com/Vexora_Vex/status/2087099009169338427?s=20,-,-,Vexora_Vex,,Gengar-Mega,Incineroar,Swampert,Sneasler,Ninetales-Alola,Dragonite,,MB702
MB701,Trick Room's Dragonite Scizor Team,,Trick Room,,,,Froslassite,,,Scizorite,,,Charcoal,,,Leftovers,,,Sitrus Berry,,,Life Orb,,https://pokepast.es/bf70e6ba30fbe827,Yes,Extracted,✔,L1C33GUNQH,10 Aug 2026,-,,https://x.com/tr_pkmchampions/status/2087028097585463724?s=46,-,-,tr_pkmchampions,,Froslass-Mega,Scizor-Mega,Incineroar,Toxapex,Clefable,Dragonite,,MB701
MB700,Klub's Venusaur Archaludon Team,,Klub,,,,Venusaurite,,,Mystic Water,,,Focus Sash,,,Choice Scarf,,,Life Orb,,,Leftovers,,https://pokepast.es/0268f38bb9e98923,Yes,Extracted,✔,8BX9NXXAR0,10 Aug 2026,-,,https://x.com/klubbbbbb11/status/2087027742558552558?s=46,-,-,klubbbbbb11,,Venusaur-Mega,Basculegion,Pelipper,Rotom-Wash,Sneasler,Archaludon,,MB700
MB699,barudoru's Gallade Milotic Team,,Ryota Otsubo,,,,Galladite,,,Raichunite Y,,,Leftovers,,,Chople Berry,,,Wide Lens,,,Life Orb,,https://pokepast.es/0eee90eb60b53193,Yes,Extracted,✔,KKJP04F5J4,11 Aug 2026,-,,https://x.com/barudoru/status/2087082639417303278?s=46,-,-,barudoru,,Gallade-Mega,Raichu-Mega-Y,Milotic,Maushold-Four,Weavile,Gholdengo,,MB699
MB698,urshifu19's Glimmora Mudsdale Team,,urshifu19,,,,Dragoninite,,,Glimmoranite,,,Life Orb,,,Passho Berry,,,Wide Lens,,,Focus Sash,,https://pokepast.es/f11fffbaf692228f,Yes,Extracted,✔,LQ34PYHA8C,9 Aug 2026,-,,https://x.com/urshifu19/status/2086643468047417560?s=46,-,-,urshifu19,,Dragonite-Mega,Glimmora-Mega,Basculegion,Mudsdale,Maushold,Sableye,,MB698
MB697,Jacket Baiano's Barbaracle Salazzle Team,,Jacket Baiano,,,,Barbaracite,,,Froslassite,,,Focus Sash,,,Life Orb,,,Occa Berry,,,Choice Scarf,,https://pokepast.es/542edf15a8461ef2,Yes,Owner's,✔,NEPAFATA8Y,9 Aug 2026,-,,https://x.com/felipensamento/status/2086495951053603165,https://teamsheet.gg/t/icy-rock-with-salazzle-made-it-master-ball-with-5-win-streak-j45pdv,-,felipensamento,,Barbaracle-Mega,Froslass-Mega,Salazzle,Basculegion,Corviknight,Hydreigon,,MB697
MB696,mentalsyndrome's Emboar Arbok Team,,mentalsyndrome,,,,Emboarite,,,Venusaurite,,,Choice Scarf,,,Leftovers,,,Life Orb,,,Haban Berry,,https://pokepast.es/6502baac6071393e,Yes,Extracted,✔,4X0S4WRVWX,9 Aug 2026,-,,https://x.com/mentalsyndrome/status/2086159185021145547?s=46,-,-,mentalsyndrome,,Emboar-Mega,Venusaur-Mega,Arbok,Clefable,Kingambit,Goodra,,MB696
MB695,DragonairJordan's Sceptile Sand Team,,Elijah Gardner,,,,Sceptilite,,,Tyranitarite,,,Focus Sash,,,Choice Scarf,,,Colbur Berry,,,Leftovers,,https://pokepast.es/f77ea22a4a5d1d15,Yes,Owner's,✔,QP1XX6PC1F,9 Aug 2026,-,,https://x.com/dragonairj/status/2086203888789487732?s=46,-,-,dragonairj,,Sceptile-Mega,Tyranitar-Mega,Arcanine-Hisui,Rotom-Wash,Houndstone,Corviknight,,MB695
MB694,yesmess72837's Pinsir Sand Team,,yesmess72837,,,,Pinsirite,,,Tyranitarite,,,Sitrus Berry,,,Leftovers,,,Focus Sash,,,Kasib Berry,,https://pokepast.es/6ee56f1565582dd1,Yes,Owner's,X,None,7 Aug 2026,-,,https://x.com/yesmess72837/status/2085867888674472041?s=46,-,-,yesmess72837,,Pinsir-Mega,Tyranitar-Mega,Incineroar,Milotic,Excadrill,Sinistcha,,MB694
MB693,Gworf's Gengar Volcarona Team,,Zach Knight,,,,Gengarite,,,Passho Berry,,,Charti Berry,,,Life Orb,,,Fairy Feather,,,Choice Scarf,,https://pokepast.es/25108f64441dea97,Yes,Extracted,✔,2Y5Y0VE6AK,7 Aug 2026,-,,https://x.com/gworfvgc/status/2085895597727314321?s=46,-,-,gworfvgc,,Gengar-Mega,Incineroar,Volcarona,Palafin,Sylveon,Hydreigon,,MB693
MB692,Xena's Staraptor Dragapult Team,,Xena,,,,Delphoxite,,,Staraptite,,,Focus Sash,,,Occa Berry,,,Chople Berry,,,Life Orb,,https://pokepast.es/ffd1e72c5fa5cfb6,Yes,Extracted,✔,ANYKV92YU5,7 Aug 2026,-,,https://x.com/xenagaming248/status/2085774502869500374?s=46,-,-,xenagaming248,,Delphox-Mega,Staraptor-Mega,Glimmora,Whimsicott,Kingambit,Dragapult,,MB692
MB691,Narsus' Tera Square Runner Up Team,,Yoshikazu Sawane,,,,Charizardite Y,,,Life Orb,,,Leftovers,,,Focus Sash,,,Choice Scarf,,,White Herb,,https://pokepast.es/87bec6ae2af44894,Yes,Extracted,✔,WF17YYRD5N,7 Aug 2026,Tera Square,Runner Up,https://x.com/mel_555_dw/status/2085733832045867147?s=46,-,-,mel_555_dw,,Charizard-Mega-Y,Venusaur,Snorlax,Gengar,Ninetales-Alola,Dragonite,,MB691
MB690,NatusPKMN's Metagross Kommo-o Team,,Nate Innocenti,,,,Metagrossite,,,Sitrus Berry,,,Choice Scarf,,,Focus Sash,,,Colbur Berry,,,Life Orb,,https://pokepast.es/9dc110b8d7c5b13d,Yes,Extracted,✔,SG092DCGUV,6 Aug 2026,-,,https://x.com/natuspkmn/status/2085605760315056286?s=46,-,-,natuspkmn,,Metagross-Mega,Incineroar,Basculegion,Whimsicott,Farigiraf,Kommo-o,,MB690
MB689,MiggyEXE's Chaos League Sunday Slam Champion Team,,MiggyEXE,,,,Gyaradosite,,,Raichunite Y,,,Focus Sash,,,Sitrus Berry,,,Fairy Feather,,,Life Orb,,https://pokepast.es/1c34327179acd1a4,Yes,Extracted,✔,P4E5PLFWG5,6 Aug 2026,Chaos League Sunday Slam,Champion,https://x.com/MiggyEXE/status/2084115497961033782,https://x.com/cloverbells21/status/2085582313497170222?s=46,-,MiggyEXE,,Gyarados-Mega,Raichu-Mega-Y,Whimsicott,Gholdengo,Sylveon,Garchomp,,MB689
MB688,Rosenkreutz's Metagross Floette Team,,Toya Imazu,,,,Floettite,,,Metagrossite,,,Life Orb,,,Focus Sash,,,Chople Berry,,,White Herb,,https://pokepast.es/acc87293f121b077,Yes,Extracted,✔,K79T6JEWQ8,6 Aug 2026,-,,https://x.com/rosenkreutz_vgc/status/2085342973555024119?s=46,-,-,rosenkreutz_vgc,,Floette-Eternal-Mega,Metagross-Mega,Basculegion,Aerodactyl,Kingambit,Garchomp,,MB688
MB687,Cybertron's Falinks Toxapex Team,,Aaron Zheng,,,,Falinksite,,,Focus Sash,,,Leftovers,,,Wide Lens,,,Life Orb,,,Roseli Berry,,https://pokepast.es/96d32c35ce3e4b05,Yes,Owner's,✔,LNMKSYE74X,6 Aug 2026,Video,,https://x.com/CybertronVGC/status/2085399407164350961?s=20,https://youtu.be/op_gkcgZCL8?si=MvM3S_5YmaWFMXWH,-,CybertronVGC,,Falinks-Mega,Arcanine-Hisui,Toxapex,Maushold-Four,Gholdengo,Grimmsnarl,,MB687
MB686,Kaguya's Otakon VGC Event Champion Team,,Blake Falls,,,,Mawilite,,,Raichunite Y,,,Sitrus Berry,,,Choice Scarf,,,Life Orb,,,Focus Sash,,https://pokepast.es/6e2b201fb7f31fd1,Yes,Extracted,✔,J3EPAR9V5K,6 Aug 2026,Otakon VGC Event,Champion,https://x.com/kaguyafalls/status/2085355824788943089?s=46,-,-,kaguyafalls,,Mawile-Mega,Raichu-Mega-Y,Incineroar,Basculegion,Farigiraf,Ninetales-Alola,,MB686
MB685,DragonairJordan's Clefable Abomasnow Team,,Elijah Gardner,,,,Abomasite,,,Clefablite,,,Shuca Berry,,,Leftovers,,,Sitrus Berry,,,Life Orb,,https://pokepast.es/67e26a265adf1bd6,Yes,Extracted,✔,PQMMLLN33Q,5 Aug 2026,-,,https://x.com/dragonairj/status/2085118960970707447?s=46,-,-,dragonairj,,Abomasnow-Mega,Clefable-Mega,Incineroar,Toxapex,Gholdengo,Garchomp,,MB685
MB684,maGicaUra's Ranked Season M-4 1st Place Team,,Jude Lee,,,,Floettite,,,Garchompite,,,Leftovers,,,Focus Sash,,,Sitrus Berry,,,Chople Berry,,https://pokepast.es/48fbd9ba1a6398c5,Yes,Extracted,✔,C1L2YW8RSN,17 Aug 2026,Ranked Season M-4,1st,https://x.com/magicauravgc/status/2084885267719369209,-,-,magicauravgc,,Floette-Eternal-Mega,Garchomp-Mega,Incineroar,Sneasler,Sinistcha,Kingambit,,MB684
MB683,Yanagi's Ranked Season M-4 2nd Place Team,,Yosuke Takayanagi,,,,Staraptite,,,Charcoal,,,Focus Sash,,,Life Orb,,,Sitrus Berry,,,White Herb,,https://pokepast.es/d75e93e2c5122e44,Yes,Extracted,✔,4BBK5FUML9,7 Aug 2026,Ranked Season M-4,2nd,https://x.com/yanagit_poke/status/2085882989259702529?s=46,https://youtu.be/1juySHcnuOM?si=LfPXuxmR_VNL5DqI,-,yanagit_poke,,Staraptor-Mega,Torkoal,Basculegion,Sneasler,Farigiraf,Aegislash,,MB683
MB682,Huyubare's Ranked Season M-4 3rd Place Team,,Ko Tsukide,,,,Aerodactylite,,,Charizardite Y,,,Sitrus Berry,,,Focus Sash,,,Fairy Feather,,,Life Orb,,https://pokepast.es/e9d1cbb36f03d559,Yes,Extracted,✔,442E6DPRET,5 Aug 2026,Ranked Season M-4,3rd,https://x.com/huyubare_poke/status/2084902731496759468?s=46,-,-,huyubare_poke,,Aerodactyl-Mega,Charizard-Mega-Y,Farigiraf,Kingambit,Sylveon,Garchomp,,MB682
MB681,idntfwelon's Ranked Season M-4 4th Place Team,,idntfwelon,,,,Dragoninite,,,Froslassite,,,Mystic Water,,,Focus Sash,,,Chople Berry,,,Roseli Berry,,https://pokepast.es/a9a91f89ea80b0fa,Yes,Extracted,✔,GMKXPHAS7D,6 Aug 2026,Ranked Season M-4,4th,https://x.com/idntfwelon/status/2085405384609558639?s=46,https://docs.google.com/document/d/1VlpzmPowxTNhvFAKCSggS0xXInQfN6HTAiFloCLasVE/edit?tab=t.0,-,idntfwelon,,Dragonite-Mega,Froslass-Mega,Basculegion,Sneasler,Kingambit,Garchomp,,MB681
MB680,mariruri's Ranked Season M-4 7th Place Team,,mariruri,,,,Charizardite Y,,,Floettite,,,Life Orb,,,Focus Sash,,,Chople Berry,,,Sitrus Berry,,https://pokepast.es/7baeaa7a04b7bc04,Yes,Extracted,✔,93LFHGHK2K,5 Aug 2026,Ranked Season M-4,7th,https://x.com/mariruripokemo2/status/2084885883212431419?s=46,-,-,mariruripokemo2,,Charizard-Mega-Y,Floette-Eternal-Mega,Basculegion,Whimsicott,Kingambit,Garchomp,,MB680
MB679,itomo66_x_'s Ranked Season M-4 19th Place Team,,itomo66_x_,,,,Aerodactylite,,,Dragoninite,,,Focus Sash,,,Chople Berry,,,Choice Scarf,,,Life Orb,,https://pokepast.es/a13d9d38201cdcdf,Yes,Extracted,X,None,5 Aug 2026,Ranked Season M-4,19th,https://x.com/itomo66_x_/status/2084902059208577348?s=46,https://itomo0606.hatenablog.com/entry/2026/08/07/025045,-,itomo66_x_,,Aerodactyl-Mega,Dragonite-Mega,Sneasler,Kingambit,Sylveon,Garchomp,,MB679
MB678,INFP's Ranked Season M-4 31st Place Team,,Ryotaro Kimura,,,,Blastoisinite,,,Floettite,,,Life Orb,,,Focus Sash,,,Chople Berry,,,Roseli Berry,,https://pokepast.es/9904a36ce8b7a659,Yes,Extracted,✔,CRF0SATQLL,5 Aug 2026,Ranked Season M-4,31st,https://x.com/INFP_poke/status/2084988556473430394?s=20,-,-,INFP_poke,,Blastoise-Mega,Floette-Eternal-Mega,Talonflame,Basculegion,Maushold-Four,Garchomp,,MB678
MB677,Sliverfish's Ranked Season M-4 35th Place Team,,Sliverfish,,,,Floettite,,,Choice Scarf,,,White Herb,,,Focus Sash,,,Yache Berry,,,Sitrus Berry,,https://pokepast.es/6380045d0ef66a0f,Yes,Extracted,✔,QFLVTGJ5YD,5 Aug 2026,Ranked Season M-4,35th,https://x.com/iamsliverfish/status/2084883932567474273?s=46,-,-,iamsliverfish,,Floette-Eternal-Mega,Basculegion,Sneasler,Kingambit,Altaria,Garchomp,,MB677
MB676,ikari_poke's Ranked Season M-4 37th Place Team,,ikari_poke,,,,Floettite,,,Sitrus Berry,,,Passho Berry,,,Focus Sash,,,Colbur Berry,,,Choice Scarf,,https://pokepast.es/5b37157ba2378dc8,Yes,Extracted,X,None,5 Aug 2026,Ranked Season M-4,37th,https://x.com/ikari_poke/status/2084966647593669059?s=20,https://megacresselia.hatenadiary.jp/entry/2026/08/06/213813,-,ikari_poke,,Floette-Eternal-Mega,Incineroar,Talonflame,Basculegion,Sinistcha,Garchomp,,MB676
MB675,johnnychiou36's Ranked Season M-4 41st Place Team,,johnnychiou36,,,,Charizardite Y,,,Kangaskhanite,,,White Herb,,,Charcoal,,,Sitrus Berry,,,Life Orb,,https://pokepast.es/f3fe5c118bfffece,Yes,Owner's,✔,Y4RY4AF8FM,5 Aug 2026,Ranked Season M-4,41st,https://x.com/johnnychiou36/status/2084959202309726249?s=46,-,-,johnnychiou36,,Charizard-Mega-Y,Kangaskhan-Mega,Incineroar,Torkoal,Farigiraf,Hatterene,,MB675
MB674,tikuwa_0123's Ranked Season M-4 50th Place Team,,tikuwa_0123,,,,Charizardite Y,,,Staraptite,,,Focus Sash,,,Choice Scarf,,,Fairy Feather,,,Life Orb,,https://pokepast.es/347c42391de04441,Yes,Extracted,✔,KCCL6P3700,5 Aug 2026,Ranked Season M-4,50th,https://x.com/tikuwa_0123/status/2084929590137684181?s=46,-,-,tikuwa_0123,,Charizard-Mega-Y,Staraptor-Mega,Whimsicott,Gholdengo,Sylveon,Garchomp,,MB674
MB673,pizzamemesvgc's Ranked Season M-4 58th Place Team,,pizzamemesvgc,,,,Blazikenite,,,Venusaurite,,,Life Orb,,,Sitrus Berry,,,Chople Berry,,,Light Clay,,https://pokepast.es/d415854daa8fac88,Yes,Extracted,✔,HNRUAGFWGA,5 Aug 2026,Ranked Season M-4,58th,https://x.com/pizzamemesvgc/status/2084885206310265315?s=46,-,-,pizzamemesvgc,,Blaziken-Mega,Venusaur-Mega,Basculegion,Farigiraf,Kingambit,Ninetales-Alola,,MB673
MB672,1803gi's Ranked Season M-4 64th Place Team,,Tatsuya Watanuki,,,,Staraptite,,,Focus Sash,,,Sitrus Berry,,,Leftovers,,,Life Orb,,,Choice Scarf,,https://pokepast.es/85095f2a871bc77e,Yes,Extracted,✔,8PJEWG3E9K,5 Aug 2026,Ranked Season M-4,64th,https://x.com/1803gi/status/2084901339151343720?s=46,-,-,1803gi,,Staraptor-Mega,Glimmora,Hippowdon,Gholdengo,Mimikyu,Tyrantrum,,MB672
MB671,icho's Ranked Season M-4 65th Place Team,,Satoshi Anzai,,,,Aerodactylite,,,Delphoxite,,,Passho Berry,,,Miracle Seed,,,Life Orb,,,Wise Glasses,,https://pokepast.es/5ba162415764dbd5,Yes,Extracted,✔,1LEQ8YX00P,5 Aug 2026,Ranked Season M-4,65th,https://x.com/icho_poke/status/2084915971643593070?s=46,https://note.com/icho_poke/n/nb80aad652bbc?sub_rt=share_pb,-,icho_poke,,Aerodactyl-Mega,Delphox-Mega,Incineroar,Sinistcha,Scizor,Kommo-o,,MB671
MB670,Atalanta's Ranked Season M-4 68th & 100th Place Team,,Atalanta,,,,Charizardite Y,,,Floettite,,,Choice Scarf,,,Wide Lens,,,Focus Sash,,,Life Orb,,https://pokepast.es/0b6204a01a06be02,Yes,Owner's,✔,3DCWMEA049,5 Aug 2026,Ranked Season M-4,68th & 100th,https://x.com/wandali11688951/status/2084894733000753539?s=46,-,-,wandali11688951,,Charizard-Mega-Y,Floette-Mega,Basculegion,Maushold,Whimsicott,Garchomp,,MB670
MB669,hanashi's Ranked Season M-4 70th Place Team,,hanashi,,,,Delphoxite,,,Garchompite,,,Life Orb,,,White Herb,,,Focus Sash,,,Black Glasses,,https://pokepast.es/ac5e76363d678284,Yes,Extracted,X,None,5 Aug 2026,Ranked Season M-4,70th,https://x.com/hanashi_874_/status/2084949950002339866?s=46,-,-,hanashi_874_,,Delphox-Mega,Garchomp-Mega,Primarina,Sneasler,Whimsicott,Kingambit,,MB669
MB668,chaguma_poke90's Ranked Season M-4 73rd Place Team V1,,chaguma_poke90,,,,Charizardite Y,,,Floettite,,,Life Orb,,,Focus Sash,,,Chople Berry,,,Sitrus Berry,,https://pokepast.es/598d67d4300424e2,Yes,Extracted,✔,71BUQFJ55J,5 Aug 2026,Ranked Season M-4,73rd,https://x.com/chaguma_poke90/status/2084936424613355737?s=46,https://note.com/chaguma_poke90/n/n46a16cefb54f?sub_rt=share_b,-,chaguma_poke90,,Charizard-Mega-Y,Floette-Eternal-Mega,Basculegion,Whimsicott,Kingambit,Garchomp,,MB668
MB667,chaguma_poke90's Ranked Season M-4 73rd Place Team V2,,chaguma_poke90,,,,Delphoxite,,,Scolipite,,,Passho Berry,,,Focus Sash,,,Sitrus Berry,,,Life Orb,,https://pokepast.es/bdb542f03cd0ffa8,Yes,Extracted,✔,B1EVPT3T5D,5 Aug 2026,Ranked Season M-4,73rd,https://x.com/chaguma_poke90/status/2084936424613355737?s=46,-,-,chaguma_poke90,,Delphox-Mega,Scolipede-Mega,Incineroar,Sneasler,Sinistcha,Kingambit,,MB667
MB666,tanni_kosen's Ranked Season M-4 83rd Place Team,,tanni_kosen,,,,Froslassite,,,Sitrus Berry,,,Choice Scarf,,,Chople Berry,,,Fairy Feather,,,Life Orb,,https://pokepast.es/9c12b1c5172cd2fb,Yes,Extracted,✔,40GSNSTAGH,6 Aug 2026,Ranked Season M-4,83rd,https://x.com/tanni_kosen/status/2085349654519247119?s=46,https://pokesol.app/u/shoyu_moto/articles/76141606a57d4813,-,tanni_kosen,,Froslass-Mega,Arcanine,Rotom-Wash,Kingambit,Sylveon,Dragonite,,MB666
MB665,charge_poke's Ranked Season M-4 90th Place Team,,charge_poke,,,,Staraptite,,,Tyranitarite,,,Sitrus Berry,,,Focus Sash,,,Colbur Berry,,,Life Orb,,https://pokepast.es/1cd8dc30c3f65d52,Yes,Extracted,✔,31PBMEL1MY,5 Aug 2026,Ranked Season M-4,90th,https://x.com/charge_poke/status/2084886020160680064?s=46,-,-,charge_poke,,Staraptor-Mega,Tyranitar-Mega,Milotic,Excadrill,Sinistcha-Masterpiece,Gholdengo,,MB665
MB664,pad1101's Ranked Season M-4 101st Place Team,,pad1101,,,,Floettite,,,Sitrus Berry,,,Leftovers,,,Focus Sash,,,White Herb,,,Choice Scarf,,https://pokepast.es/c778cc8f5684df8d,Yes,Extracted,X,None,5 Aug 2026,Ranked Season M-4,101st,https://x.com/pad1101/status/2084883164888256671?s=46,-,-,pad1101,,Floette-Eternal-Mega,Arcanine,Snorlax,Gholdengo,Dragonite,Garchomp,,MB664
MB663,DDee's Ranked Season M-4 136th Place Team,,Michael Uko,,,,Charizardite Y,,,Floettite,,,Sitrus Berry,,,Occa Berry,,,Focus Sash,,,Choice Scarf,,https://pokepast.es/4330d4432f808d14,Yes,Extracted,✔,0VFDJ3WFJF,5 Aug 2026,Ranked Season M-4,136th,https://x.com/ddee_ssbu/status/2084884068114543034?s=46,-,-,ddee_ssbu,,Charizard-Mega-Y,Floette-Eternal-Mega,Incineroar,Sinistcha,Gholdengo,Garchomp,,MB663
MB662,ClientAppropriate838's Ranked Season M-4 150th Place Team,,ClientAppropriate838,,,,Blastoisinite,,,Choice Scarf,,,Wide Lens,,,Focus Sash,,,Sitrus Berry,,,Chople Berry,,https://pokepast.es/c0199dd46b9a4362,Yes,Owner's,✔,2S6XK8JJVM,6 Aug 2026,Ranked Season M-4,150th,https://www.reddit.com/r/VGC/comments/1vertx4/rate_my_team_end_of_season_blastoise_champion_team/?share_id=7RtrQ_bjJsPKaIRdRq3HP&utm_content=2&utm_medium=android_app&utm_name=androidcss&utm_source=share&utm_term=1,-,-,ClientAppropriate838,,Blastoise-Mega,Basculegion,Maushold-Four,Whimsicott,Sinistcha,Kingambit,,MB662
MB661,RixohbambinoGo's Ranked Season M-4 180th Place Team,,RixohbambinoGo,,,,Froslassite,,I,,,,Life Orb,,,Sitrus Berry,,,Focus Sash,,,Chople Berry,,https://pokepast.es/8be5fd8b80ed230d,Yes,Extracted,✔,P5PWTGVCGC,5 Aug 2026,Ranked Season M-4,180th,https://x.com/rixohbambinogo/status/2084887924819079679?s=46,-,-,rixohbambinogo,,Froslass-Mega,Talonflame,Samurott-Hisui,Annihilape,Glimmora,Maushold-Four,,MB661
MB660,flyer_pokemon's Ranked Season M-4 196th Place Team,,flyer_pokemon,,,,Charizardite Y,,,Floettite,,,Focus Sash,,,Sitrus Berry,,,Life Orb,,,Choice Scarf,,https://pokepast.es/9fae1c1657f89d13,Yes,Extracted,✔,DASXR3BYSC,6 Aug 2026,Ranked Season M-4,196th,https://x.com/flyer_pokemon/status/2085320506816033268?s=46,https://note.com/flyer_pokemon/n/n9997d75b86e3?sub_rt=share_pb,-,flyer_pokemon,,Charizard-Mega-Y,Floette-Eternal-Mega,Glimmora,Whimsicott,Dragonite,Garchomp,,MB660
MB659,dameningenyoyo's Ranked Season M-4 232nd Place Team,,dameningenyoyo,,,,Froslassite,,,Steelixite,,,Leftovers,,,Focus Sash,,,Colbur Berry,,,Sitrus Berry,,https://pokepast.es/b39f636d2bca3854,Yes,Extracted,✔,L6XETVFRW0,6 Aug 2026,Ranked Season M-4,232nd,https://x.com/dameningenyoyo/status/2085378793892700544?s=46,https://yoyopoke.hatenablog.com/entry/2026/08/06/235254,-,dameningenyoyo,,Froslass-Mega,Steelix-Mega,Rotom-Wash,Tyranitar,Sinistcha,Garchomp,,MB659
MB658,kan0s0's Ranked Season M-4 237th Place Team,,kan0s0,,,,Delphoxite,,,Leftovers,,,Lum Berry,,,Sitrus Berry,,,Metal Coat,,,Light Clay,,https://pokepast.es/7046fd8f0ccf591f,Yes,Extracted,✔,JTH0MA7WJH,5 Aug 2026,Ranked Season M-4,237th,https://x.com/kan0s0/status/2084910198410661910?s=46,https://kan0s0.hatenablog.com/entry/2026/08/05/161211,-,kan0s0,,Delphox-Mega,Annihilape,Maushold-Four,Sinistcha-Masterpiece,Gholdengo,Grimmsnarl,,MB658
MB657,hellocramorant's Ranked Season M-4 265th Place Team,,hellocramorant,,,,Aerodactylite,,,Charizardite Y,,,Charcoal,,,Focus Sash,,,Fairy Feather,,,Leftovers,,https://pokepast.es/e57ef78f7db0f109,Yes,Extracted,✔,BEJH8RYMWG,7 Aug 2026,Ranked Season M-4,265th,https://x.com/hellocramorant/status/2085915876721905773?s=46,-,-,hellocramorant,,Aerodactyl-Mega,Charizard-Mega-Y,Incineroar,Basculegion,Sylveon,Archaludon,,MB657
MB656,kokatrisu297's Ranked Season M-4 277th Place Team,,kokatrisu297,,,,Charizardite Y,,,Staraptite,,,Choice Scarf,,,Focus Sash,,,Occa Berry,,,Life Orb,,https://pokepast.es/f95d7b657135a34e,Yes,Extracted,X,None,5 Aug 2026,Ranked Season M-4,277th,https://x.com/kokatrisu297/status/2084942526851756057?s=46,https://popocckoitazuragokoro.hatenablog.com/entry/2026/08/05/185925,-,kokatrisu297,,Charizard-Mega-Y,Staraptor-Mega,Basculegion,Whimsicott,Kingambit,Mimikyu,,MB656
MB655,timmytrails' Ranked Season M-4 291st Place Team,,timmytrails,,,,Raichunite Y,,,Sitrus Berry,,,Leftovers,,,Kasib Berry,,,Life Orb,,,Focus Sash,,https://pokepast.es/6f7575cc2a32527e,Yes,Extracted,✔,QBKCK4XALM,5 Aug 2026,Ranked Season M-4,291st,https://x.com/timmytrails/status/2084975806787223578?s=46,-,-,timmytrails,,Raichu-Mega-Y,Incineroar,Milotic,Sinistcha,Mimikyu,Ninetales-Alola,,MB655
MB654,massaru_642's Ranked Season M-4 318th Place Team,,massaru_642,,,,Metagrossite,,,Choice Scarf,,,Focus Sash,,,White Herb,,,Occa Berry,,,Life Orb,,https://pokepast.es/5aeb9ffddcb4cba1,Yes,Extracted,X,None,5 Aug 2026,Ranked Season M-4,318th,https://x.com/massaru_642/status/2084912935902867787?s=46,-,-,massaru_642,,Metagross-Mega,Basculegion,Aerodactyl,Sneasler,Kingambit,Kommo-o,,MB654
MB653,kion_sion's Ranked Season M-4 356th Place Team,,kion_sion,,,,Staraptite,,,Tyranitarite,,,Sitrus Berry,,,Focus Sash,,,Colbur Berry,,,Life Orb,,https://pokepast.es/081b17158a12aad4,Yes,Extracted,X,None,7 Aug 2026,Ranked Season M-4,356th,https://x.com/kion_sion/status/2085641932630634838?s=46,https://note.com/kartana798_kion/n/n874b916afd22?sub_rt=share_pb,-,kion_sion,,Staraptor-Mega,Tyranitar-Mega,Milotic,Excadrill,Sinistcha,Gholdengo,,MB653
MB652,takoyaki's Ranked Season M-4 364th Place Team,,takoyaki,,,,Raichunite X,,,Focus Sash,,,Magnet,,,Colbur Berry,,,Babiri Berry,,,Life Orb,,https://pokepast.es/2b40b0813a368f30,Yes,Extracted,✔,0Q2X4XTFHT,5 Aug 2026,Ranked Season M-4,364th,https://x.com/8989takoyaki/status/2084921500289892509?s=46,https://takoyaki-games.hatenablog.com/entry/2026/08/07/100839,-,8989takoyaki,,Raichu-Mega-X,Basculegion,Ampharos,Farigiraf,Aromatisse,Kommo-o,,MB652
MB651,Apex__Dragon's Ranked Season M-4 390th Place Team,,Apex__Dragon,,,,Froslassite,,,Scovillainite,,,Sitrus Berry,,,Focus Sash,,,White Herb,,,Black Glasses,,https://pokepast.es/28a0f7b61b1ba54f,Yes,Extracted,✔,MTGF5EC5XT,7 Aug 2026,Ranked Season M-4,390th,https://x.com/apex__dragon/status/2084969437212667945?s=46,https://note.com/counter_stance/n/n268c8b5ac00e,-,apex__dragon,,Froslass-Mega,Scovillain-Mega,Basculegion,Lycanroc-Dusk,Sneasler,Kingambit,,MB651
MB650,mame_tan326's Ranked Season M-4 439th Place Team,,mame_tan326,,,,Dragoninite,,,Froslassite,,,Sitrus Berry,,,Focus Sash,,,Chople Berry,,,Never-Melt Ice,,https://pokepast.es/5ec5e02efc0bc2fa,Yes,Extracted,✔,N5PYCUJ6P1,5 Aug 2026,Ranked Season M-4,439th,https://x.com/mame_tan326/status/2084946887262749009?s=46,-,-,mame_tan326,,Dragonite-Mega,Froslass-Mega,Basculegion,Sneasler,Kingambit,Ninetales-Alola,,MB650
MB649,mrglass023's Ranked Season M-4 498th Place Team,,mrglass023,,,,Mawilite,,,Staraptite,,,Focus Sash,,,White Herb,,,Life Orb,,,Expert Belt,,https://pokepast.es/3ed919108136505c,Yes,Extracted,✔,M85H6UB39X,5 Aug 2026,Ranked Season M-4,498th,https://x.com/mrglass023/status/2084885636893536392?s=46,-,-,mrglass023,,Mawile-Mega,Staraptor-Mega,Armarouge,Sneasler,Farigiraf,Kingambit,,MB649
MB648,beebee10222's Ranked Season M-4 546th Place Team,,beebee10222,,,,Metagrossite,,,Choice Scarf,,,Focus Sash,,,Sitrus Berry,,,Black Glasses,,,Life Orb,,https://pokepast.es/01732a2476625a21,Yes,Extracted,✔,NDGM794X3J,5 Aug 2026,Ranked Season M-4,546th,https://x.com/beebee10222/status/2085146471838663042?s=46,-,-,beebee10222,,Metagross-Mega,Tyranitar,Whimsicott,Sinistcha-Masterpiece,Kingambit,Kommo-o,,MB648
MB647,roku_pokemon's Ranked Season M-4 547th Place Team,,roku_pokemon,,,,Banettite,,,Sitrus Berry,,,Lum Berry,,,Bright Powder,,,Fairy Feather,,,Leftovers,,https://pokepast.es/675ad12ccd160526,Yes,Extracted,✔,43T0PE8TL8,5 Aug 2026,Ranked Season M-4,547th,https://x.com/roku_pokemon/status/2084999542513250407?s=20,https://note.com/roku385/n/naaf7569e9f59?v=2,-,roku_pokemon,,Banette-Mega,Politoed,Sneasler,Corviknight,Sylveon,Archaludon,,MB647
MB646,abelpoke49r's Ranked Season M-4 810th Place Team,,abelpoke49r,,,,Gardevoirite,,,Sharp Beak,,,Choice Scarf,,,Focus Sash,,,Black Glasses,,,Life Orb,,https://pokepast.es/fca04f41ac874474,Yes,Extracted,✔,RN1JWGC1AU,5 Aug 2026,Ranked Season M-4,810th,https://x.com/abelpoke49r/status/2084890922761048448?s=46,-,-,abelpoke49r,,Gardevoir-Mega,Talonflame,Basculegion,Maushold-Four,Kingambit,Garchomp,,MB646
MB645,WestGleen's Ranked Season M-4 846th Place Team,,WestGleen,,,,Froslassite,,,Colbur Berry,,,Focus Sash,,,White Herb,,,Life Orb,,,Chople Berry,,https://pokepast.es/45457026f1c25bda,Yes,Extracted,✔,VDF2M2DG0C,5 Aug 2026,Ranked Season M-4,846th,https://x.com/westgleen/status/2084931573292654855?s=46,-,-,westgleen,,Froslass-Mega,Basculegion,Lycanroc-Dusk,Sneasler,Whimsicott,Kingambit,,MB645
MB644,jung_cid's Ranked Season M-4 919th Place Team,,jung_cid,,,,Froslassite,,,Raichunite Y,,,Colbur Berry,,,Sitrus Berry,,,Leftovers,,,Life Orb,,https://pokepast.es/963566218c8ff233,Yes,Extracted,✔,485HPLVB3E,5 Aug 2026,Ranked Season M-4,919th,https://x.com/jung_cid/status/2084819697401471274?s=46,-,-,jung_cid,,Froslass-Mega,Raichu-Mega-Y,Ceruledge,Incineroar,Milotic,Whimsicott,,MB644
MB643,SwapDogVGC's Staraptor Venusaur Team,,SwapDogVGC,,,,Staraptite,,,Venusaurite,,,Focus Sash,,,Choice Scarf,,,Chople Berry,,,Life Orb,,https://pokepast.es/b6d4856bc59f8bc9,Yes,Extracted,✔,086HYBJSUS,5 Aug 2026,-,,https://x.com/swapdogvgc/status/2084978407688085657?s=46,-,-,swapdogvgc,,Staraptor-Mega,Venusaur-Mega,Excadrill,Tyranitar,Maushold,Gholdengo,,MB643
MB642,misato_0309's Mawile Aerodactyle Team,,misato_0309,,,,Aerodactylite,,,Mawilite,,,Focus Sash,,,Sitrus Berry,,,Fairy Feather,,,Life Orb,,https://pokepast.es/8d853d305ae794cf,Yes,Extracted,✔,218EWNKWSG,5 Aug 2026,-,,https://x.com/misato_0309/status/2084757407167811858?s=46,-,-,misato_0309,,Aerodactyl-Mega,Mawile-Mega,Basculegion,Farigiraf,Sylveon,Kommo-o,,MB642
MB641,ribe88's Charizard-Y Blastoise Team,,ribe88,,,,Blastoisinite,,,Charizardite Y,,,Iron Ball,,,Mental Herb,,,Focus Sash,,,Life Orb,,https://pokepast.es/0c37dc24ad2256a9,Yes,Extracted,✔,17SEPD3QWR,5 Aug 2026,-,,https://x.com/ribe88/status/2084959993917546894?s=20,https://note.com/ribe88/n/nbcbb8a47f173,-,ribe88,,Blastoise-Mega,Charizard-Mega-Y,Sneasler,Farigiraf,Kingambit,Garchomp,,MB641
MB640,0101fe_'s Charizard-Y Floette Team,,0101fe_,,,,Charizardite Y,,,Floettite,,,Life Orb,,,Focus Sash,,,Chople Berry,,,Sitrus Berry,,https://pokepast.es/27784ee8e8b9b7a3,Yes,Extracted,✔,AX4Q0BYQRN,5 Aug 2026,-,,https://x.com/0101fe_/status/2084790910223802779?s=46,-,-,0101fe_,,Charizard-Mega-Y,Floette-Eternal-Mega,Basculegion,Whimsicott,Kingambit,Garchomp,,MB640
MB639,MichaelderBeste's Staraptor Sand Team,,Michael Kelsch,,,,Staraptite,,,Tyranitarite,,,Sitrus Berry,,,Focus Sash,,,Colbur Berry,,,Life Orb,,https://pokepast.es/4df1a1b8faf36077,Yes,Owner's,X,None,5 Aug 2026,-,,https://x.com/MichaelderBeste/status/2084675685591691714?s=20,-,-,MichaelderBeste,,Staraptor-Mega,Tyranitar-Mega,Milotic,Excadrill,Sinistcha,Gholdengo,,MB639
MB638,Viera's Raichu-Y Staraptor Team,,Shoma Honami,,,,Raichunite Y,,,Staraptite,,,Focus Sash,,,Sitrus Berry,,,Life Orb,,,Fairy Feather,,https://pokepast.es/f0b9922bc560eb0d,Yes,Extracted,✔,QY3XFXCEJA,3 Aug 2026,Video,,https://x.com/shadeviera/status/2084300177037488367?s=46,https://youtu.be/TA0_oaZw_sI?si=InCEsnC0CGdLG5sA,-,shadeviera,,Raichu-Mega-Y,Staraptor-Mega,Arcanine-Hisui,Farigiraf,Kingambit,Sylveon,,MB638
MB637,kazuki's VR August Challenge Champion Team,,kazuki,,,,Raichunite Y,,,Staraptite,,,Focus Sash,,,Sitrus Berry,,,Life Orb,,,Fairy Feather,,https://pokepast.es/a0f9889aed74c18b,No,Extracted,X,None,2 Aug 2026,VR August Challenge,Champion,https://x.com/Ikazuki148/status/2083971975677177954,-,https://victoryroad.pro/vr-aug26/,Ikazuki148,,Raichu-Mega-Y,Staraptor-Mega,Arcanine-Hisui,Farigiraf,Kingambit,Sylveon,,MB637
MB636,Suica's VR August Challenge Runner Up Team,,Joji Kaieda,,,,Raichunite Y,,,Staraptite,,,Focus Sash,,,Sitrus Berry,,,Life Orb,,,Fairy Feather,,https://pokepast.es/3ab034b96c4dc483,No,Extracted,X,None,2 Aug 2026,VR August Challenge,Runner Up,https://x.com/mihono_suica/status/2083969356472746294,-,https://victoryroad.pro/vr-aug26/,mihono_suica,,Raichu-Mega-Y,Staraptor-Mega,Arcanine-Hisui,Farigiraf,Kingambit,Sylveon,,MB636
MB635,JAWNZU's VR August Challenge Top 4 Team,,Jonathan Zuniga,,,,Froslassite,,,Scovillainite,,,Mystic Water,,,Focus Sash,,,White Herb,,,Life Orb,,https://pokepast.es/3b96f4976f5e3760,No,Extracted,X,None,2 Aug 2026,VR August Challenge,3rd,https://x.com/JAWNZU/status/2083968167680913745,-,https://victoryroad.pro/vr-aug26/,JAWNZU,,Froslass-Mega,Scovillain-Mega,Basculegion,Lycanroc-Dusk,Sneasler,Kingambit,,MB635
MB634,Ethan Yang's VR August Challenge Top 4 Team,,Ethan Yang,,,,Charizardite Y,,,Floettite,,,Mystic Water,,,Focus Sash,,,Chople Berry,,,Life Orb,,https://pokepast.es/ff654ac630acbba7,No,Extracted,X,None,2 Aug 2026,VR August Challenge,4th,https://x.com/AyabeVGC/status/2083965426858672325,-,https://victoryroad.pro/vr-aug26/,AyabeVGC,,Charizard-Mega-Y,Floette-Eternal-Mega,Basculegion,Whimsicott,Kingambit,Garchomp,,MB634
MB633,Marcus Koh's VR August Challenge Top 8 Team,,Marcus Koh,,,,Charizardite Y,,,Floettite,,,Life Orb,,,Focus Sash,,,Occa Berry,,,Roseli Berry,,https://pokepast.es/ea7a930f565b548a,No,Extracted,X,None,2 Aug 2026,VR August Challenge,5th,https://x.com/CalcVGC,-,https://victoryroad.pro/vr-aug26/,Marcus Koh,,Charizard-Mega-Y,Floette-Eternal-Mega,Basculegion,Whimsicott,Kingambit,Garchomp,,MB633
MB632,Louis Markl's VR August Challenge Top 8 Team,,Louis Markl,,,,Floettite,,,Sitrus Berry,,,Choice Scarf,,,White Herb,,,Focus Sash,,,Black Glasses,,https://pokepast.es/8b210ae613c2d6d4,No,Extracted,X,None,2 Aug 2026,VR August Challenge,6th,https://x.com/louisvgc,-,https://victoryroad.pro/vr-aug26/,Louis Markl,,Floette-Eternal-Mega,Incineroar,Basculegion,Sneasler,Sinistcha,Kingambit,,MB632
MB631,Luca Alarcón's VR August Challenge Top 8 Team,,Luca Alarcón,,,,Blastoisinite,,,Delphoxite,,,Sitrus Berry,,,Focus Sash,,,Occa Berry,,,Life Orb,,https://pokepast.es/97b8c8255bdc272e,No,Extracted,X,None,2 Aug 2026,VR August Challenge,7th,https://x.com/Zeepel_/status/2083973634645791054,-,https://victoryroad.pro/vr-aug26/,Zeepel_,,Blastoise-Mega,Delphox-Mega,Incineroar,Sneasler,Sinistcha,Kingambit,,MB631
MB630,ege's VR August Challenge Top 8 Team,,Shuji ENDO,,,,Gengarite,,,Swampertite,,,Passho Berry,,,Sitrus Berry,,,Focus Sash,,,Leftovers,,https://pokepast.es/39bca1228efb61e2,No,Extracted,X,None,2 Aug 2026,VR August Challenge,8th,https://x.com/cycleshop_i/status/2083944775930335653,-,https://victoryroad.pro/vr-aug26/,cycleshop_i,,Gengar-Mega,Swampert-Mega,Incineroar,Politoed,Vivillon,Kommo-o,,MB630
MB629,Jong One Moon's VR August Challenge Top 16 Team,,Jong One Moon,,,,Froslassite,,,Scovillainite,,,Sitrus Berry,,,Focus Sash,,,White Herb,,,Black Glasses,,https://pokepast.es/7162daf50fbbd097,No,Extracted,X,None,2 Aug 2026,VR August Challenge,9th,https://x.com/Primsh1130411/status/2084106827239936422,-,https://victoryroad.pro/vr-aug26/,Primsh1130411,,Froslass-Mega,Scovillain-Mega,Basculegion,Lycanroc-Dusk,Sneasler,Kingambit,,MB629
MB628,Anish Katwal's VR August Challenge Top 16 Team,,Anish Katwal,,,,Froslassite,,,Scovillainite,,,Sitrus Berry,,,Focus Sash,,,White Herb,,,Life Orb,,https://pokepast.es/8b922a7a56aa1bc5,No,Extracted,X,None,2 Aug 2026,VR August Challenge,10th,https://x.com/CodeVGC/status/2084146912379171322,-,https://victoryroad.pro/vr-aug26/,CodeVGC,,Froslass-Mega,Scovillain-Mega,Basculegion,Lycanroc-Dusk,Sneasler,Kingambit,,MB628
MB627,Gustav Hedegaard Lund's VR August Challenge Top 16 Team,,Gustav Hedegaard Lund,,,,Delphoxite,,,Floettite,,,Sitrus Berry,,,Focus Sash,,,Occa Berry,,,Choice Scarf,,https://pokepast.es/f49e42e36ed395d5,No,Extracted,X,None,2 Aug 2026,VR August Challenge,11th,https://x.com/JigglycuzVGC,-,https://victoryroad.pro/vr-aug26/,Gustav Hedegaard Lund,,Delphox-Mega,Floette-Eternal-Mega,Incineroar,Sneasler,Sinistcha,Garchomp,,MB627
MB626,Realiztik's Raichu-Y Metagross Team,,RealiztikVGC,,,,Metagrossite,,,Raichunite Y,,,Shuca Berry,,,Sitrus Berry,,,Fairy Feather,,,Choice Scarf,,https://pokepast.es/b56f2a8ffdf6aca8,Yes,Extracted,✔,UVNKTX34M0,3 Aug 2026,-,,https://x.com/RealiztikVGC/status/2084281342406041850?s=20,https://teamsheet.gg/t/raichud-city-tjmjs6,-,RealiztikVGC,,Metagross-Mega,Raichu-Mega-Y,Incineroar,Sinistcha,Sylveon,Hydreigon,,MB626
MB625,MaineEvent's Metagross Ceruledge Team,,Jermaine Mcleod,,,,Floettite,,,Metagrossite,,,Colbur Berry,,,Focus Sash,,,Sitrus Berry,,,Life Orb,,https://pokepast.es/924be7c6847f3cd4,Yes,Extracted,✔,BXNBW7B6W0,2 Aug 2026,-,,https://x.com/PokeMaineEvent/status/2083966251701838203/photo/1,-,-,PokeMaineEvent,,Floette-Eternal-Mega,Metagross-Mega,Ceruledge,Sneasler,Sinistcha,Hydreigon,,MB625
MB624,shikabane's Mawile Swampert Team,,shikabane,,,,Mawilite,,,Swampertite,,,Sitrus Berry,,,Focus Sash,,,Kasib Berry,,,Life Orb,,https://pokepast.es/4b74775761a792db,Yes,Extracted,✔,UVP9M3RFMD,1 Aug 2026,-,,https://x.com/shikabane_chann/status/2083887786030145547?s=46,-,-,shikabane_chann,,Mawile-Mega,Swampert-Mega,Incineroar,Pelipper,Sinistcha-Masterpiece,Kommo-o,,MB624
MB623,MikaMika_tti's Floette Annihilape Team,,MikaMika_tti,,,,Charizardite Y,,,Floettite,,,Choice Scarf,,,Focus Sash,,,Black Glasses,,,Life Orb,,https://pokepast.es/bbe76f74cbbe4cbf,Yes,Extracted,✔,YK2BTKDQKY,1 Aug 2026,-,,https://x.com/mikamika_tti/status/2083735627317854624?s=46,-,-,mikamika_tti,,Charizard-Mega-Y,Floette-Eternal-Mega,Annihilape,Whimsicott,Kingambit,Garchomp,,MB623
MB622,Magnetman's Recreation of kim0227poke's VR July Challenge Runner Up Team,,Adryan Sutantoso,,,,Raichunite Y,,,Staraptite,,,Focus Sash,,,Sitrus Berry,,,Life Orb,,,Fairy Feather,,https://pokepast.es/9f21d2e809a9f09d,Yes,Extracted,✔,EJ9AF0XGF5,1 Aug 2026,-,,https://x.com/magnetmanvgc/status/2083782319807275253?s=46,https://youtu.be/b4cdeE8taCQ?si=fR188gz9WcMN2Npg,-,magnetmanvgc,,Raichu-Mega-Y,Staraptor-Mega,Arcanine-Hisui,Farigiraf,Kingambit,Sylveon,,MB622
MB621,Prncessdiana's Raichu-Y Glimmora Team,,Prncessdiana,,,,Glimmoranite,,,Raichunite Y,,,Leftovers,,,Focus Sash,,,Life Orb,,,Sitrus Berry,,https://pokepast.es/3478f25a9cae05fd,Yes,Extracted,✔,67U6VFYJA3,1 Aug 2026,-,,https://x.com/prncessdianaaa/status/2083684087957787059?s=46,https://youtu.be/lFhCSZl49HU?si=YapMIDUQPrDmEjY1,-,prncessdianaaa,,Glimmora-Mega,Raichu-Mega-Y,Ceruledge,Aerodactyl,Mamoswine,Clefable,,MB621
MB620,Koopa's Dragonite Vaporeon Team,,Koopa,,,,Dragoninite,,,Scovillainite,,,Life Orb,,,Leftovers,,,Choice Scarf,,,Shuca Berry,,https://pokepast.es/39892b92d250d184,Yes,Owner's,✔,NW9EY655TF,1 Aug 2026,-,,https://x.com/koopadtroopaa/status/2083657538042470877?s=46,-,-,koopadtroopaa,,Dragonite-Mega,Scovillain-Mega,Politoed,Vaporeon,Heliolisk,Toxicroak,,MB620
MB619,dodoriosiriru's Staraptor Raichu-Y Team,,Hijito Kihara,,,,Raichunite Y,,,Staraptite,,,Focus Sash,,,Sitrus Berry,,,Life Orb,,,Roseli Berry,,https://pokepast.es/9dd4cc6f09fe689c,Yes,Extracted,✔,GK95KGUMQ1,1 Aug 2026,-,,https://x.com/dodoriosiriru/status/2083698431542042661?s=46,-,-,dodoriosiriru,,Raichu-Mega-Y,Staraptor-Mega,Basculegion,Tsareena,Gholdengo,Grimmsnarl,,MB619
MB618,TitanoPigro3's Orre Theme Tournament Champion Team,,Lorenzo Rizzi,,,,Dragoninite,,,Metagrossite,,,Sitrus Berry,,,Choice Scarf,,,Roseli Berry,,,Life Orb,,https://pokepast.es/fe10999b973f207a,Yes,Extracted,✔,3DBW1NYHYR,1 Aug 2026,-,,https://x.com/TitanoPigro3/status/2083647425541992662,-,-,TitanoPigro3,,Dragonite-Mega,Metagross-Mega,Arcanine,Tyranitar,Sableye,Sylveon,,MB618
MB617,yuuki's Delphox Meowscarada Team,,yuuki,,,,Delphoxite,,,Froslassite,,,Choice Scarf,,,Focus Sash,,,Leftovers,,,Sitrus Berry,,https://pokepast.es/519ab5ab108414cf,Yes,Extracted,✔,15C0Y64PGE,1 Aug 2026,-,,https://x.com/y0ssh1_pkmn/status/2083458059486318728?s=46,-,-,y0ssh1_pkmn,,Delphox-Mega,Froslass-Mega,Meowscarada,Glimmora,Corviknight,Garchomp,,MB617
MB616,repeat's Eelektross Delphox Team,,repeat,,,,Delphoxite,,,Eelektrossite,,,Focus Sash,,,Sitrus Berry,,,Life Orb,,,Never-Melt Ice,,https://pokepast.es/3d1887cf62fc6d4e,Yes,Owner's,X,None,31 Jul 2026,-,,https://x.com/repeatbw/status/2083297063081549861?s=46,-,-,repeatbw,,Delphox-Mega,Eelektross-Mega,Basculegion,Glimmora,Kingambit,Ninetales-Alola,,MB616
MB615,cona's Charizard-Y Floette Team,,Hiroshi Onishi,,,,Charizardite Y,,,Floettite,,,Life Orb,,,Focus Sash,,,Chople Berry,,,Sitrus Berry,,https://pokepast.es/325386c5d0abfc0a,Yes,Extracted,✔,GS9M8Q56AS,31 Jul 2026,-,,https://x.com/cona_5757/status/2083210805710074139?s=46,-,-,cona_5757,,Charizard-Mega-Y,Floette-Eternal-Mega,Basculegion,Whimsicott,Kingambit,Garchomp,,MB615
MB614,sora's Metagross Slowking Team,,sora,,,,Metagrossite,,,Sitrus Berry,,,Wacan Berry,,,Life Orb,,,Focus Sash,,,White Herb,,https://pokepast.es/ae48872f30a7ad18,Yes,Extracted,X,None,31 Jul 2026,-,,https://x.com/38_dessert/status/2083119047697453397?s=46,https://iludweber.hatenablog.com/entry/2026/07/31/181154,-,38_dessert,,Metagross-Mega,Incineroar,Slowking,Meowscarada,Gholdengo,Dragonite,,MB614
MB613,WarHyangVGC's Ranked Season M-4 Peak 1st Place Team,,Suwoong Cheong,,,,Charizardite Y,,,Floettite,,,Sitrus Berry,,,Life Orb,,,Wise Glasses,,,Choice Scarf,,https://pokepast.es/bdd115f2322aaf89,Yes,Extracted,✔,0H5LXTVKGN,30 Jul 2026,-,,https://x.com/swcheong_vg/status/2083024031922720810?s=46,,-,swcheong_vg,,Charizard-Mega-Y,Floette-Eternal-Mega,Incineroar,Venusaur,Farigiraf,Garchomp,,MB613
MB612,djsanders' Kangaskhan Chandelure Team,,djsanders,,,,Kangaskhanite,,,Venusaurite,,,Focus Sash,,,Sitrus Berry,,,Chople Berry,,,Life Orb,,https://pokepast.es/d4562238757d6ab5,Yes,Extracted,✔,L9SKE6GSJS,30 Jul 2026,-,,Discord Submission,-,-,djsanders,,Kangaskhan-Mega,Venusaur-Mega,Chandelure,Farigiraf,Kingambit,Kommo-o,,MB612
MB611,Gworf's Pidgeot Sun Team,,Zach Knight,,,,Pidgeotite,,,Life Orb,,,Choice Scarf,,,Wide Lens,,,Focus Sash,,,White Herb,,https://pokepast.es/492a031ed2c185a4,Yes,Extracted,✔,LEXPXYSMD1,30 Jul 2026,-,,https://x.com/gworfvgc/status/2082921460956574121?s=46,-,-,gworfvgc,,Pidgeot-Mega,Ninetales,Basculegion,Venusaur,Mamoswine,Sneasler,,MB611
MB610,DragonairJordan's Altaria Gravity Team,,Elijah Gardner,,,,Altarianite,,,Sitrus Berry,,,Choice Scarf,,,Focus Sash,,,Roseli Berry,,,Chople Berry,,https://pokepast.es/7610694eae6aa93e,Yes,Extracted,✔,40A2JAMJE4,30 Jul 2026,-,,https://x.com/dragonairj/status/2082937715385876497?s=46,https://teamsheet.gg/t/almost-faultless-fluff-a-gravity-mega-altaria-team-9vbmck,-,dragonairj,,Altaria-Mega,Volcarona,Basculegion,Sneasler,Sableye,Kingambit,,MB610
MB609,Whitezero2000's Blaziken Milotic Team,,Pai Yu-Ping,,,,Blazikenite,,,Leftovers,,,Coba Berry,,,Chople Berry,,,Focus Sash,,,Sitrus Berry,,https://pokepast.es/e570d2b458e16ca5,Yes,Extracted,✔,6N8E2JRD2T,30 Jul 2026,Video,,https://x.com/whitezero2000/status/2082771154427592954?s=46,https://youtu.be/wyZHh2vuGeo?si=y0B9zpig0CPMmmRK,-,whitezero2000,,Blaziken-Mega,Milotic,Sinistcha,Kingambit,Ninetales-Alola,Dragonite,,MB609
MB608,BTrickroomZ's Dragonite Froslass Team,,Yuta Ishigaki,,,,Dragoninite,,,Froslassite,,,Sitrus Berry,,,White Herb,,,Chople Berry,,,Choice Scarf,,https://pokepast.es/ccf4729220f370b2,Yes,Extracted,✔,J8WYW2NTQS,30 Jul 2026,-,,https://x.com/btrickroomz/status/2082540905991716898?s=46,-,-,btrickroomz,,Dragonite-Mega,Froslass-Mega,Basculegion,Sneasler,Kingambit,Garchomp,,MB608
MB607,timmytrails' Raichu-Y Mimikyu Team,,timmytrails,,,,Sitrus Berry,,,Leftovers,,,Raichunite Y,,,Kasib Berry,,,Life Orb,,,Focus Sash,,https://pokepast.es/c1cf562fc950655d,Yes,Extracted,✔,QBKCK4XALM,29 Jul 2026,-,,https://x.com/timmytrails/status/2082191596204773732?s=46,-,-,timmytrails,,Incineroar,Milotic,Raichu-Mega-Y,Sinistcha,Mimikyu,Ninetales-Alola,,MB607
MB606,Enje's Charizard-Y Gengar team,,Nicholas Johnson,,,,Gengarite,,,Charizardite Y,,,Sitrus Berry,,,Wide Lens,,,Chople Berry,,,Leftovers,,https://pokepast.es/9f10213209929700,Yes,Extracted,✔,SK4YFBBJ3U,29 Jul 2026,-,,https://x.com/enjevgc/status/2082482233030647915?s=46,-,-,enjevgc,,Gengar-Mega,Charizard,Incineroar,Venusaur,Maushold-Four,Kommo-o,,MB606
MB605,gex_vgc's Raichu-Y Talonflame team,,gex_vgc,,,,Floettite,,,Charcoal,,,Raichunite Y,,,Wide Lens,,,Focus Sash,,,Sitrus Berry,,https://pokepast.es/216b72a8fa4d6e43,Yes,Extracted,✔,669ACTVDST,28 Jul 2026,-,,https://x.com/gex_vgc/status/2081954584122032590?s=46,-,-,gex_vgc,,Floette-Eternal-Mega,Talonflame,Raichu-Mega-Y,Maushold-Four,Kingambit,Garchomp,,MB605
MB604,Feitosa's VR July Challenge Champion Team,,Pedro Feitosa,,,,Delphoxite,,,Staraptite,,,Focus Sash,,,Occa Berry,,,Chople Berry,,,Life Orb,,https://pokepast.es/4243181f96044698,Yes,Extracted,✔,KPX2T7TG0U,26 Jul 2026,VR July Challenge,Champion,https://x.com/phsfeitosa/status/2082465237618323748?s=46,-,https://victoryroad.pro/vr-jul26/,phsfeitosa,,Delphox-Mega,Staraptor-Mega,Glimmora,Whimsicott,Kingambit,Garchomp,,MB604
MB603,kim0227poke's VR July Challenge Runner Up Team,,kim0227poke,,,,Staraptite,,,Focus Sash,,,Raichunite Y,,,Sitrus Berry,,,Life Orb,,,Fairy Feather,,https://pokepast.es/9b78c2f0937a8ce0,No,Extracted,X,None,26 Jul 2026,VR July Challenge,Runner Up,https://x.com/kim0227poke/status/2081446970674327778,-,https://victoryroad.pro/vr-jul26/,kim0227poke,,Staraptor-Mega,Arcanine-Hisui,Raichu-Mega-Y,Farigiraf,Kingambit,Sylveon,,MB603
MB602,Hoàng Hồ's VR July Challenge Top 4 Team,,Hoàng Hồ,,,,Froslassite,,,Scovillainite,,,Sitrus Berry,,,Focus Sash,,,White Herb,,,Black Glasses,,https://pokepast.es/800d2c250476f330,No,Extracted,X,None,26 Jul 2026,VR July Challenge,3rd,https://x.com/ZoryaVGC,-,https://victoryroad.pro/vr-jul26/,ZoryaVGC,,Froslass-Mega,Scovillain-Mega,Basculegion,Lycanroc-Dusk,Sneasler,Kingambit,,MB602
MB601,Sanvy's VR July Challenge Top 4 Team,,Simone Sanvito,,,,Staraptite,,,Tyranitarite,,,Sitrus Berry,,,Focus Sash,,,Colbur Berry,,,Life Orb,,https://pokepast.es/df8ff4680afad019,No,Extracted,X,None,26 Jul 2026,VR July Challenge,4th,https://x.com/SanvyVGC,-,https://victoryroad.pro/vr-jul26/,SanvyVGC,,Staraptor-Mega,Tyranitar-Mega,Milotic,Excadrill,Sinistcha,Gholdengo,,MB601
MB600,200Candies' VR July Challenge Top 8 Team,,Joel Bergman,,,,Floettite,,,Garchompite,,,Leftovers,,,Focus Sash,,,Sitrus Berry,,,Chople Berry,,https://pokepast.es/77016528444a20a9,No,Extracted,X,None,26 Jul 2026,VR July Challenge,5th,https://x.com/joeltube,-,https://victoryroad.pro/vr-jul26/,joeltube,,Floette-Eternal-Mega,Garchomp-Mega,Incineroar,Sneasler,Sinistcha,Kingambit,,MB600
MB599,elijahthazkid's VR July Challenge Top 8 Team,,Elijah Peeples,,,,Charizardite Y,,,Focus Sash,,,White Herb,,,Chople Berry,,,Silk Scarf,,,Choice Scarf,,https://pokepast.es/9680849fd76160ac,Yes,Extracted,✔,4GC43D9W4R,27 Jul 2026,VR July Challenge,6th,https://x.com/elijahthazkid/status/2081424535375495631?s=46,https://www.youtube.com/watch?v=h0NGFNNFM_4,https://victoryroad.pro/vr-jul26/,elijahthazkid,,Charizard,Venusaur,Aerodactyl,Watchog,Farigiraf,Garchomp,,MB599
MB598,Sam Danneker's VR July Challenge Top 8 Team,,Sam Danneker,,,,Staraptite,,,Focus Sash,,,Sitrus Berry,,,Colbur Berry,,,Life Orb,,,Never-Melt Ice,,https://pokepast.es/7755d0606d5b81a3,No,Extracted,X,None,26 Jul 2026,VR July Challenge,7th,No Tweet,-,https://victoryroad.pro/vr-jul26/,Sam Danneker,,Staraptor-Mega,Arcanine-Hisui,Incineroar,Sinistcha,Gholdengo,Ninetales-Alola,,MB598
MB597,Erizabeth's VR July Challenge Top 8 Team,,Erizabeth,,,,Glimmoranite,,,Charizardite Y,,,Focus Sash,,,Black Glasses,,,Never-Melt Ice,,,Life Orb,,https://pokepast.es/54a3379126747f6c,Yes,Owner's,✔,48KJN7KE7K,26 Jul 2026,VR July Challenge,8th,https://x.com/rizabeth373/status/2081750198791835782,-,https://victoryroad.pro/vr-jul26/,rizabeth373,,Glimmora-Mega,Charizard,Whimsicott,Kingambit,Ninetales-Alola,Kommo-o,,MB597
MB596,Idrissa Kane's VR July Challenge Top 16 Team,,Idrissa Kane,,,,Staraptite,,,Tyranitarite,,,Leftovers,,,Focus Sash,,,Colbur Berry,,,Life Orb,,https://pokepast.es/bb19143bd2b40417,No,Extracted,X,None,26 Jul 2026,VR July Challenge,9th,No Tweet,-,https://victoryroad.pro/vr-jul26/,Idrissa Kane,,Staraptor-Mega,Tyranitar-Mega,Milotic,Excadrill,Sinistcha,Gholdengo,,MB596
MB595,Xena's VR July Challenge Top 16 Team,,Xena,,,,Delphoxite,,,Staraptite,,,Focus Sash,,,Occa Berry,,,Chople Berry,,,Choice Scarf,,https://pokepast.es/8431751f4ed530cd,Yes,Extracted,✔,NJR0684N99,27 Jul 2026,VR July Challenge,10th,https://x.com/xenagaming248/status/2081439668839776576?s=46,https://note.com/rich_dahlia235/n/nad1e4f07a82e,https://victoryroad.pro/vr-jul26/,xenagaming248,,Delphox-Mega,Staraptor-Mega,Glimmora,Whimsicott,Kingambit,Garchomp,,MB595
MB594,Joaquin Roquett's VR July Challenge Top 16 Team,,Joaquin Roquett,,,,Floettite,,,Charizardite Y,,,White Herb,,,Focus Sash,,,Black Glasses,,,Life Orb,,https://pokepast.es/0d2858207078a94f,Yes,Extracted,✔,APL9JVQQ98,26 Jul 2026,VR July Challenge,11th,https://x.com/Jrassicvgc/status/2081423545339428948,-,https://victoryroad.pro/vr-jul26/,Jrassicvgc,,Floette-Eternal-Mega,Charizard,Sneasler,Whimsicott,Kingambit,Dragonite,,MB594
MB593,Kanade Mizuguchi's VR July Challenge Top 16 Team,,Kanade Mizuguchi,,,,Charizardite Y,,,Sitrus Berry,,,Leftovers,,,Life Orb,,,Fairy Feather,,,Choice Scarf,,https://pokepast.es/ebc241d887e16a29,No,Extracted,X,None,26 Jul 2026,VR July Challenge,12th,https://x.com/onumera_poke/status/2081420513772249271,-,https://victoryroad.pro/vr-jul26/,onumera_poke,,Charizard,Incineroar,Toxapex,Venusaur,Sylveon,Garchomp,,MB593
MB592,Jane's Recreation of JON's VR 17th Place Team,,Jane,,,,Garchompite,,,Gyaradosite,,,White Herb,,,Choice Scarf,,,Sitrus Berry,,,Life Orb,,https://pokepast.es/96304fb4cef02ab7,Yes,Extracted,✔,1XLKTPF7NY,28 Jul 2026,-,,Discord Submission,-,-,janeloeffel,,Garchomp-Mega,Gyarados-Mega,Sneasler,Tyranitar,Sinistcha,Gholdengo,,MB592
MB591,Normal's Mega Dragalge Team,,Normal,,,,Dragalgite,,,Sitrus Berry,,,Choice Scarf,,,Occa Berry,,,Black Glasses,,,Focus Sash,,https://pokepast.es/8441633accf45b8d,Yes,Owner's,✔,GLDCRGK16K,23 Jul 2026,-,,https://x.com/Normalssbbbx/status/2080154536669585627?s=20,-,-,Normalssbbbx,,Dragalge-Mega,Incineroar,Rotom-Wash,Sinistcha,Kingambit,Ninetales-Alola,,MB591
MB590,Castillo11VGC's Mega Garchomp Team,,Castillo11VGC,,,,Garchompite,,,Colbur Berry,,,Sitrus Berry,,,Choice Scarf,,,Kasib Berry,,,Life Orb,,https://pokepast.es/4df1815117d3c33e,Yes,Owner's,X,None,23 Jul 2026,,,https://x.com/Castillo11VGC/status/2080090728265359807?s=20,,-,Castillo11VGC,,Garchomp-Mega,Ceruledge,Milotic,Tyranitar,Sinistcha,Corviknight,,MB590
MB589,Yanagi's Scizor Mega Garchomp Team,,Yosuke Takayanagi,,,,Garchompite,,,Sitrus Berry,,,Focus Sash,,,Choice Scarf,,,Leftovers,,,Life Orb,,https://pokepast.es/b6e883dd8495c6e1,Yes,Owner's,✔,38199A7XF1,27 Jul 2026,-,,https://x.com/yanagiT_poke/status/2081743408310452504,https://www.youtube.com/watch?v=pgdElJu7kaI,-,yanagiT_poke,,Garchomp-Mega,Basculegion,Sneasler,Tyranitar,Corviknight,Scizor,,MB589
MB588,alcana's VR July Challenge Team Recreation,,Kiwamu Endo,,,,Delphoxite,,,Staraptite,,,Focus Sash,,,Occa Berry,,,Chople Berry,,,Life Orb,,https://pokepast.es/c14e01047941281a,Yes,Extracted,✔,T1VCT4PYJK,27 Jul 2026,-,,https://x.com/alcana_10906/status/2081718631269011554?s=20,-,-,alcana_10906,,Delphox-Mega,Staraptor-Mega,Glimmora,Whimsicott,Kingambit,Garchomp,,MB588
MB587,Desu's Global VGC Welcome Tour Top 4 Team,,Nico Davide Cognetta,,,,Metagrossite,,,Charizardite Y,,,Sitrus Berry,,,Leftovers,,,Focus Sash,,,Choice Scarf,,https://pokepast.es/1606db471a50f566,Yes,Extracted,✔,2MTEGD9FE2,27 Jul 2026,Global VGC Welcome Tour,3rd,https://x.com/desuvgc/status/2081493092771979424?s=46,-,-,desuvgc,,Metagross-Mega,Charizard,Incineroar,Toxapex,Annihilape,Hydreigon,,MB587
MB586,KoonKy's Glimmora Kommo-o Snow Team,,Koen van Cann,,,,Glimmoranite,,,Choice Scarf,,,Focus Sash,,,Chople Berry,,,Never-Melt Ice,,,Life Orb,,https://pokepast.es/eeb4591a7babd869,Yes,Extracted,✔,JQK9EC9U7P,27 Jul 2026,-,,https://x.com/koon_ky/status/2081422426697601501?s=46,-,-,koon_ky,,Glimmora-Mega,Basculegion,Whimsicott,Kingambit,Ninetales-Alola,Kommo-o,,MB586
MB585,jude_division's Medicham TR Team,,jude_division,,,,Floettite,,,Medichamite,,,Charcoal,,,Choice Scarf,,,Colbur Berry,,,Life Orb,,https://pokepast.es/616a989c10f0775a,Yes,Extracted,✔,BABHS6LJP5,27 Jul 2026,-,,https://x.com/jude_division/status/2081413240924373476?s=46,-,-,jude_division,,Floette-Eternal-Mega,Medicham-Mega,Torkoal,Staraptor,Farigiraf,Kingambit,,MB585
MB584,DjSanders' Tyranitar Aerodactyl Team,,DjSanders,,,,Aerodactylite,,,Tyranitarite,,,Choice Scarf,,,Focus Sash,,,Life Orb,,,Fairy Feather,,https://pokepast.es/694a672be5395640,Yes,Extracted,✔,DL1WTHRLSU,27 Jul 2026,-,,Discord Submission,-,-,djsanders,,Aerodactyl-Mega,Tyranitar-Mega,Basculegion,Excadrill,Kingambit,Sylveon,,MB584
MB583,Lele_Briganti's Showdown Ladder Peak 3rd Place Team,,Emanuele Briganti,,,,Gengarite,,,Passho Berry,,,Sitrus Berry,,,Raichunite X,,,Choice Scarf,,,Leftovers,,https://pokepast.es/77b5d41e12cfe28c,Yes,Extracted,✔,CP7C7A7GER,25 Jul 2026,Showdown Ladder,Peak 3rd,https://x.com/Lele_Briganti/status/2080815843814834325?s=20,https://youtu.be/R3QLGiLe2kQ?si=UWnP9oemSMuhFd1a,-,Lele_Briganti,,Gengar-Mega,Incineroar,Volcarona,Raichu-Mega-X,Ninetales-Alola,Kommo-o,,MB583
MB582,cona's Ai Off Team Battle Champion Team,,Hiroshi Onishi,,,,Staraptite,,,Tyranitarite,,,Sitrus Berry,,,Focus Sash,,,Colbur Berry,,,Life Orb,,https://pokepast.es/a4d90bc1387e99fc,Yes,Extracted,✔,Q4GJSUVPUY,25 Jul 2026,Ai Off Team Battle,Champion,https://x.com/cona_5757/status/2080966102327468154?s=46,-,-,cona_5757,,Staraptor-Mega,Tyranitar-Mega,Milotic,Excadrill,Sinistcha,Gholdengo,,MB582
MB581,newcon8's Ai Off Team Battle Runner Up Team,,newcon8,,,,Aerodactylite,,,Mystic Water,,,Raichunite Y,,,Focus Sash,,,Life Orb,,,Fairy Feather,,https://pokepast.es/8631596549d4d8f3,Yes,Extracted,✔,Q6XN93NV9C,25 Jul 2026,Ai Off Team Battle,Runner Up,https://x.com/newcon8/status/2080980985118957848?s=46,,-,newcon8,,Aerodactyl-Mega,Basculegion,Raichu-Mega-Y,Sneasler,Kingambit,Sylveon,,MB581
MB580,BTrickroomZ's Ai Off Team Battle Runner Up Team,,Yuta Ishigaki,,,,Mawilite,,,Charizardite Y,,,Choice Scarf,,,Life Orb,,,Focus Sash,,,Dragon Fang,,https://pokepast.es/1f26f08811be2d24,Yes,Extracted,✔,93QJ608P5H,25 Jul 2026,Ai Off Team Battle,Runner Up,https://x.com/btrickroomz/status/2080966515541832086?s=46,-,-,btrickroomz,,Mawile-Mega,Charizard,Annihilape,Mamoswine,Whimsicott,Dragonite,,MB580
MB579,barudoru's Abomasnow Aerodactyl Team,,Ryota Otsubo,,,,Abomasite,,,Aerodactylite,,,Mental Herb,,,Sitrus Berry,,,Life Orb,,,Focus Sash,,https://pokepast.es/ced5e323d8db832d,Yes,Extracted,✔,JAE7WV4V6H,25 Jul 2026,-,,https://x.com/barudoru/status/2080950607607902491?s=46,-,-,barudoru,,Abomasnow-Mega,Aerodactyl-Mega,Armarouge,Basculegion,Kangaskhan,Kingambit,,MB579
MB578,osirusvgc's Malamar Gholdengo Team,,Lee Provost,,,,Malamarite,,,Sitrus Berry,,,Occa Berry,,,Life Orb,,,Roseli Berry,,,Light Clay,,https://pokepast.es/7a1cc86e4f3a88c2,Yes,Extracted,✔,BT1RG88JXR,24 Jul 2026,-,,https://x.com/pokemon_champs/status/2080327885563572423?s=46,https://www.pokemon.com/us/features/pokemon-champions-how-to-build-a-mega-malamar-team,-,osirusvgc,,Malamar-Mega,Incineroar,Sinistcha-Masterpiece,Gholdengo,Grimmsnarl,Ninetales-Alola,,MB578
MB577,DubiousBulb1033's Scovillain Dragonite Team,,DubiousBulb1033,,,,Dragoninite,,,Scovillainite,,,Sitrus Berry,,,Focus Sash,,,Fairy Feather,,,Life Orb,,https://pokepast.es/bd5a9e826aec9762,Yes,Extracted,✔,8DKC2LQHQY,24 Jul 2026,-,,https://x.com/DubiousBulb1033/status/2080247922336141449?s=20,-,-,DubiousBulb1033,,Dragonite-Mega,Scovillain-Mega,Basculegion,Gholdengo,Sylveon,Garchomp,,MB577
MB576,anboxing's Kangaskhan Toxapex Team,,anboxing,,,,Kangaskhanite,,,Leftovers,,,Focus Sash,,,Quick Claw,,,Kasib Berry,,,Life Orb,,https://pokepast.es/b45547c781cfc488,Yes,Owner's,X,None,24 Jul 2026,-,,https://x.com/anboxing11/status/2080642687015760217?s=46&t=WmXEnVa3rTSw0P9A0n6S3Q,-,-,anboxing11,,Kangaskhan-Mega,Toxapex,Sneasler,Ditto,Sinistcha,Hydreigon,,MB576
MB575,BTrickroomZ's Charizard-Y Glimmora Team,,Yuta Ishigaki,,,,Glimmoranite,,,Charizardite Y,,,Choice Scarf,,,Life Orb,,,Focus Sash,,,Dragon Fang,,https://pokepast.es/e9b83aa74b6199da,Yes,Extracted,✔,HTV0V02SWF,22 Jul 2026,-,,https://x.com/btrickroomz/status/2079954765275111685?s=46,https://www.youtube.com/live/6csXuiaY2ng,-,btrickroomz,,Glimmora-Mega,Charizard,Annihilape,Mamoswine,Whimsicott,Dragonite,,MB575
MB574,Perjutsu24's Venezuela Grand Charity Tour Top 16 Team,,Perjutsu24,,,,Dragoninite,,,Mawilite,,,Focus Sash,,,White Herb,,,Sitrus Berry,,,Chople Berry,,https://pokepast.es/54619a22821f294f,Yes,Owner's,✔,BK1P1UG747,19 Jul 2026,Venezuela Grand Charity Tour,11th,https://x.com/Perjutsu24/status/2078641292691542375,-,-,Perjutsu24,,Dragonite-Mega,Mawile-Mega,Pelipper,Sneasler,Farigiraf,Kingambit,,MB574
MB573,prncessdianaaa's Hatterene Series W29 Runner Up Team,,Prncessdiana,,,,Aerodactylite,,,Charizardite Y,,,Sitrus Berry,,,Black Glasses,,,Fairy Feather,,,Life Orb,,https://pokepast.es/fb9920aa6842398b,Yes,Extracted,✔,GRX69U8AD8,20 Jul 2026,Hatterene Series W29,Runner Up,https://x.com/prncessdianaaa/status/2079007722582999062?s=46,https://www.youtube.com/watch?v=n42DfOxteqg,-,prncessdianaaa,,Aerodactyl-Mega,Charizard,Farigiraf,Kingambit,Sylveon,Garchomp,,MB573
MB572,cayennevgc's Charizard-Y Ditto Team,,cayennevgc,,,,Metagrossite,,,Charizardite Y,,,Sitrus Berry,,,Quick Claw,,,Focus Sash,,,Life Orb,,https://pokepast.es/c25d2b38c8e4da99,Yes,Extracted,✔,TS7H634U3R,22 Jul 2026,-,,https://x.com/cayennevgc/status/2079691170402226683?s=46,-,-,cayennevgc,,Metagross-Mega,Charizard,Incineroar,Ditto,Whimsicott,Kommo-o,,MB572
MB571,yozora_952's Staraptor Delphox Team,,yozora_952,,,,Delphoxite,,,Staraptite,,,Focus Sash,,,Occa Berry,,,Chople Berry,,,Life Orb,,https://pokepast.es/62be5e6935ec981c,Yes,Extracted,✔,QLUH9UCFG1,21 Jul 2026,-,,https://x.com/yozora_952/status/2079559398712549555?s=46,-,-,yozora_952,,Delphox-Mega,Staraptor-Mega,Glimmora,Whimsicott,Kingambit,Garchomp,,MB571
MB570,spy_anya11's Raichu Y Sylveon Team,,spy_anya11,,,,Raichunite Y,,,Focus Sash,,,Kasib Berry,,,Leftovers,,,Fairy Feather,,,Sitrus Berry,,https://pokepast.es/764b1897bdf4ee9f,Yes,Extracted,✔,CSYDJ8DB0D,20 Jul 2026,-,,https://x.com/spy_anya11/status/2079458292976456150?s=46,-,-,spy_anya11,,Raichu-Mega-Y,Tyranitar,Sinistcha,Corviknight,Sylveon,Garchomp,,MB570
MB569,JoeUX9's Mawile Sun Team,,Joseph Ugarte,,,,Mawilite,,,Charizardite Y,,,Sitrus Berry,,,Focus Sash,,,Colbur Berry,,,Life Orb,,https://pokepast.es/3670b09cc1d10737,Yes,Extracted,✔,MXRWURKWNS,20 Jul 2026,Video,,https://x.com/joeux9/status/2079274483462934922?s=46,https://youtu.be/G1u2aiFbIXs?si=t_lVYjagNqzVVWyg,https://www.pokemon.com/us/features/pokemon-champions-how-to-build-a-mega-mawile-team,joeux9,,Mawile-Mega,Charizard,Incineroar,Venusaur,Farigiraf,Garchomp,,MB569
MB568,cecilily's Raichu X Meganium Team,,cecilily,,,,Meganiumite,,,Focus Sash,,,Raichunite X,,,Roseli Berry,,,Leftovers,,,Life Orb,,https://pokepast.es/503b84ac4b2c9995,Yes,Extracted,✔,DJB74ACWVT,16 Jul 2026,Video,,https://x.com/cecililytweets/status/2079250536658833877?s=46,https://youtu.be/YD_YKUYZ10E?si=El79uCCqwWo3vWUz,-,cecililytweets,,Meganium-Mega,Pelipper,Raichu-Mega-X,Sableye,Archaludon,Garchomp,,MB568
MB567,renjamino's Scolipede Weavile Team,,renjamino,,,,Delphoxite,,,Scolipite,,,Sitrus Berry,,,Chople Berry,,,Light Clay,,,Focus Sash,,https://pokepast.es/d6a9a0c05b5920d7,Yes,Extracted,✔,8JRW0V9VP7,20 Jul 2026,-,,https://x.com/renjamino/status/2079316946160422927?s=46,-,-,renjamino,,Delphox-Mega,Scolipede-Mega,Annihilape,Maushold-Four,Sableye,Weavile,,MB567
MB566,Cybertron's Raichu X Rain Team,,Aaron Zheng,,,,Sharp Beak,,,Sitrus Berry,,,Raichunite X,,,Colbur Berry,,,Life Orb,,,Leftovers,,https://pokepast.es/f0cd083e01872764,Yes,Owner's,✔,XFDD97LSQU,20 Jul 2026,Video,,https://x.com/cybertronvgc/status/2079241744177144199?s=46,https://youtu.be/wannOUU9MFc?si=i2Kf-kw_Eh7_iizR,https://www.pokemon.com/us/features/pokemon-champions-how-to-build-a-mega-raichu-x-team,cybertronvgc,,Talonflame,Pelipper,Raichu-Mega-X,Sinistcha,Gholdengo,Archaludon,,MB566
MB565,Maya Hoppins' Mawile Gallade Team,,Maya Hoppins,,,,Mawilite,,,Tyranitarite,,,Sitrus Berry,,,Choice Scarf,,,Occa Berry,,,Fairy Feather,,https://pokepast.es/25b31b0ff1ba0e87,Yes,Owner's,✔,3RBJB7NURH,20 Jul 2026,-,,Discord Submission,-,-,mayahoppins,,Mawile-Mega,Tyranitar-Mega,Incineroar,Gallade,Sinistcha,Sylveon,,MB565
MB564,SwapDogVGC's Staraptor Gholdengo Team,,SwapDogVGC,,,,Staraptite,,,Focus Sash,,,Choice Scarf,,,Chople Berry,,,Kasib Berry,,,Life Orb,,https://pokepast.es/4af72ce1c6e74047,Yes,Extracted,✔,P9DPMTX7XP,20 Jul 2026,-,,https://x.com/swapdogvgc/status/2079160415263883585?s=46,-,-,swapdogvgc,,Staraptor-Mega,Excadrill,Tyranitar,Maushold,Sinistcha,Gholdengo,,MB564
MB563,alcana's Milotic Sand Team,,Kiwamu Endo,,,,Staraptite,,,Tyranitarite,,,Sitrus Berry,,,Focus Sash,,,Colbur Berry,,,Life Orb,,https://pokepast.es/71b7333ecd89d349,Yes,Extracted,✔,PGMK260ADM,19 Jul 2026,-,,https://x.com/alcana_10906/status/2079049576313680111?s=46,-,-,alcana_10906,,Staraptor-Mega,Tyranitar-Mega,Milotic,Excadrill,Sinistcha-Masterpiece,Gholdengo,,MB563
MB562,mrrishittv's Altaria Vaporeon Team,,mrrishittv,,,,Gengarite,,,Sitrus Berry,,,Leftovers,,,White Herb,,,Focus Sash,,,Haban Berry,,https://pokepast.es/cda9864067ec6b5a,Yes,Extracted,✔,88PG44QCWK,19 Jul 2026,-,,https://x.com/mrrishittv/status/2078987714997670234?s=46,-,-,mrrishittv,,Gengar-Mega,Incineroar,Vaporeon,Sneasler,Kingambit,Altaria,,MB562
MB561,AGNI's Starmie Sneasler Team,,AGNI,,,,Starminite,,,Life Orb,,,Focus Sash,,,Sitrus Berry,,,Black Glasses,,,Leftovers,,https://pokepast.es/f223a3d99dcaf17a,Yes,Extracted,X,None,19 Jul 2026,-,,https://x.com/agnivgc/status/2078912252170977334?s=46,-,-,agnivgc,,Starmie-Mega,Pelipper,Sneasler,Sinistcha,Kingambit,Archaludon,,MB561
MB560,Boyt's Hydrapple Ceruledge Team,,Jamie Boyt,,,,Floettite,,,Life Orb,,,Zoom Lens,,,Sitrus Berry,,,Focus Sash,,,Light Clay,,https://pokepast.es/37fc662d924c0e70,Yes,Owner's,✔,BSDVW3HKX8,19 Jul 2026,Video,,https://youtu.be/i5ZMTI0c8Cg?si=2kJd5TX2ahWMU41j,-,-,JamieBoytVGC,,Floette-Mega,Ceruledge,Milotic,Hydrapple,Sneasler,Grimmsnarl,,MB560
MB559,barudoru's Houndoom TR Team,,Ryota Otsubo,,,,Houndoominite,,,Kangaskhanite,,,Charcoal,,,Life Orb,,,Choice Scarf,,,Sitrus Berry,,https://pokepast.es/1ff1fcc4c0817cc4,Yes,Extracted,✔,EVE4BJGAQR,18 Jul 2026,Video,,https://x.com/barudoru/status/2078402956131737904,https://www.youtube.com/live/6lZbjWJHKJ0?si=kQSY184Ssu0cGVc6,-,barudoru,,Houndoom-Mega,Kangaskhan-Mega,Torkoal,Venusaur,Annihilape,Farigiraf,,MB559
MB558,zeen's Metagross Annihilape Team,,Shohei Kimura,,,,Metagrossite,,,Charizardite Y,,,Sitrus Berry,,,Leftovers,,,Focus Sash,,,Choice Scarf,,https://pokepast.es/e2369c8115b5ddea,Yes,Extracted,✔,EXD25B3G04,17 Jul 2026,-,,https://x.com/zeen172m/status/2078156828870111484?s=46,-,-,zeen172m,,Metagross-Mega,Charizard,Incineroar,Toxapex,Annihilape,Hydreigon,,MB558
MB557,Skraw's Raichu-Y Mr. Rime Team,,Jacob Mortenson,,,,Floettite,,,Colbur Berry,,,Sitrus Berry,,,Raichunite Y,,,Focus Sash,,,Kasib Berry,,https://pokepast.es/dfcf29f03bbd887f,Yes,Extracted,✔,YC5BNUNXH5,17 Jul 2026,-,,https://x.com/jacobskraw/status/2078112225873539224?s=46,-,-,jacobskraw,,Floette-Eternal-Mega,Ceruledge,Incineroar,Raichu-Mega-Y,Mr. Rime,Sinistcha,,MB557
MB556,kashiwagineru's Charizard-Y Raichu-Y Team,,kashiwagineru,,,,Charizardite Y,,,Sitrus Berry,,,Raichunite Y,,,Colbur Berry,,,Life Orb,,,Fairy Feather,,https://pokepast.es/0e55a49a55f03506,Yes,Extracted,✔,M65VR3PTDT,17 Jul 2026,-,,https://x.com/kashiwagineru/status/2078037517568442816?s=20,-,-,kashiwagineru,,Charizard,Incineroar,Raichu-Mega-Y,Farigiraf,Kingambit,Sylveon,,MB556
MB555,spy_anya11's Raichu-Y Dragonite Team,,spy_anya11,,,,Dragoninite,,,Sitrus Berry,,,Leftovers,,,Raichunite Y,,,Black Glasses,,,Fairy Feather,,https://pokepast.es/c9ab9f2e13ed9e74,Yes,Extracted,✔,4UWJ7XVG5P,17 Jul 2026,-,,https://x.com/spy_anya11/status/2078043741236219919?s=46,-,-,spy_anya11,,Dragonite-Mega,Basculegion,Toxapex,Raichu-Mega-Y,Kingambit,Sylveon,,MB555
MB554,TrueBurna & thepostmanp's Froslass Dragonite Team,,TrueBurna & thepostmanp,,,,Dragoninite,,,Froslassite,,,Life Orb,,,Focus Sash,,,White Herb,,,Black Glasses,,https://pokepast.es/7a1728af792c4ac5,Yes,Extracted,✔,80LQU2E9AU,17 Jul 2026,-,,https://x.com/TrueBurna/status/2077844972364050792,https://x.com/thepostmanp/status/2075104134819189100,-,TrueBurna,,Dragonite-Mega,Froslass-Mega,Primarina,Lycanroc-Dusk,Sneasler,Kingambit,,MB554
MB553,toshiniki's Charizard-Y Aerodactyl Team,,toshiniki,,,,Aerodactylite,,,Charizardite Y,,,Sitrus Berry,,,Focus Sash,,,Fairy Feather,,,Life Orb,,https://pokepast.es/a9908281c7251e4e,Yes,Extracted,✔,10QGAL5C6K,16 Jul 2026,-,,https://x.com/toshi_kyogre/status/2077673936649887775?s=46,-,-,toshi_kyogre,,Aerodactyl-Mega,Charizard,Incineroar,Kingambit,Sylveon,Garchomp,,MB553
MB552,axwzag's Raichu-Y Gengar Team,,axwzag,,,,Gengarite,,,Colbur Berry,,,Sitrus Berry,,,Leftovers,,,Raichunite Y,,,Never-Melt Ice,,https://pokepast.es/7955b2576897422b,Yes,Extracted,✔,AVU6JYDS5K,16 Jul 2026,-,,https://x.com/axwzag/status/2077673626560839756?s=46,-,-,axwzag,,Gengar-Mega,Ceruledge,Incineroar,Milotic,Raichu-Mega-Y,Ninetales-Alola,,MB552
MB551,spy_anya11's Raichu-Y Toxapex Team,,spy_anya11,,,,Focus Sash,,,Leftovers,,,Raichunite Y,,,Life Orb,,,Occa Berry,,,Fairy Feather,,https://pokepast.es/34c336158143c5d2,Yes,Extracted,✔,B50KA9KHY2,16 Jul 2026,-,,https://x.com/spy_anya11/status/2077675474374082998?s=46,-,-,spy_anya11,,Basculegion,Toxapex,Raichu-Mega-Y,Mamoswine,Corviknight,Sylveon,,MB551
MB550,jortchamp's Gengar Simipour Team,,jortchamp,,,,Aerodactylite,,,Gengarite,,,Passho Berry,,,Focus Sash,,,Fairy Feather,,,Leftovers,,https://pokepast.es/2af6efb032144821,Yes,Extracted,✔,B1MKQWJJUS,16 Jul 2026,-,,https://x.com/jortchamp/status/2077508230117253626?s=46,-,-,jortchamp,,Aerodactyl-Mega,Gengar-Mega,Incineroar,Simipour,Sylveon,Kommo-o,,MB550
MB549,Gworf's Pidgeot Ninetales Team,,Zach Knight,,,,Pidgeotite,,,Life Orb,,,Choice Scarf,,,Wide Lens,,,Focus Sash,,,White Herb,,https://pokepast.es/ec3f6487365d82cb,Yes,Extracted,✔,LEXPXYSMD1,16 Jul 2026,-,,https://x.com/gworfvgc/status/2077474202144428044?s=46,-,-,gworfvgc,,Pidgeot-Mega,Ninetales,Basculegion,Venusaur,Mamoswine,Sneasler,,MB549
MB548,DDee's Gengar Altaria Team,,Michael Uko,,,,Gengarite,,,Passho Berry,,,Choice Scarf,,,Black Glasses,,,Shuca Berry,,,Leftovers,,https://pokepast.es/3990eb6c337cb135,Yes,Extracted,✔,6LQB43HW7A,16 Jul 2026,-,,https://x.com/ddee_ssbu/status/2077515704287285416?s=46,-,-,ddee_ssbu,,Gengar-Mega,Incineroar,Annihilape,Kingambit,Tinkaton,Altaria,,MB548
MB547,Brian's Recreation of LexiconVGC's GCF Encore Champion Team,,Brian Youm,,,,Charizardite Y,,,Choice Scarf,,,Sitrus Berry,,,Focus Sash,,,Light Clay,,,Leftovers,,https://pokepast.es/f34d3a708e30baca,Yes,Extracted,✔,TJAF833GS2,16 Jul 2026,-,,https://x.com/playmakeryoum/status/2077467175153991997?s=46,-,-,playmakeryoum,,Charizard,Basculegion,Pelipper,Venusaur,Grimmsnarl,Archaludon,,MB547
MB546,Cybertron's Recreation of LexiconVGC's GCF Encore Champion Team,,Aaron Zheng,,,,Charizardite Y,,,Choice Scarf,,,Sitrus Berry,,,Focus Sash,,,Light Clay,,,Leftovers,,https://pokepast.es/d9deb312ec0355ee,Yes,Owner's,✔,JX1F1DTRAV,15 Jul 2025,Video,,https://www.youtube.com/watch?v=6ZvxF-HV0f4,-,-,CybertronVGC,,Charizard,Basculegion,Pelipper,Venusaur,Grimmsnarl,Archaludon,,MB546
MB545,MichaelderBeste's Recreation of WhimsicottVG's GCF Encore Top 16 Team,,Michael Kelsch,,,,Blazikenite,,,Froslassite,,,Leftovers,,,Focus Sash,,,Black Glasses,,,Life Orb,,https://pokepast.es/2f4cd7a3bf45cb6f,Yes,Owner's,✔,SLBDKV3PKH,15 Jul 2026,-,,https://x.com/MichaelderBeste/status/2077092029905989897,-,-,MichaelderBeste,,Blaziken-Mega,Froslass-Mega,Toxapex,Sneasler,Kingambit,Dragonite,,MB545
MB544,Xena's Staraptor Delphox Team,,Xena,,,,Delphoxite,,,Staraptite,,,Focus Sash,,,Occa Berry,,,Chople Berry,,,Choice Scarf,,https://pokepast.es/23abde80015b36f5,Yes,Extracted,✔,UC7NH62UXH,15 Jul 2026,-,,https://x.com/xenagaming248/status/2077391415760581071?s=46,-,-,xenagaming248,,Delphox-Mega,Staraptor-Mega,Glimmora,Whimsicott,Kingambit,Garchomp,,MB544
MB543,Tsubaki's Metagross Ampharos Team,,Eisuke Nakayama,,,,Ampharosite,,,Metagrossite,,,Sitrus Berry,,,Focus Sash,,,Passho Berry,,,Choice Scarf,,https://pokepast.es/4cce26c0fb8842cb,Yes,Extracted,✔,CFW184YLCC,15 Jul 2026,-,,https://x.com/tsubakiandmeu02/status/2077305341902266381?s=46,-,-,tsubakiandmeu02,,Ampharos-Mega,Metagross-Mega,Araquanid,Pelipper,Runerigus,Hydreigon,,MB543
MB542,Riopaser's Dragonite Tauros-Aqua Team,,Eric Ríos,,,,Dragoninite,,,Venusaurite,,,Choice Scarf,,,Focus Sash,,,Fairy Feather,,,Life Orb,,https://pokepast.es/5e8c9eb1fd321a28,Yes,Extracted,✔,0BTY53GLY1,15 Jul 2026,-,,https://x.com/riopaser/status/2077144151741591614?s=20,-,-,riopaser,,Dragonite-Mega,Venusaur-Mega,Tauros-Paldea-Aqua,Gholdengo,Sylveon,Garchomp,,MB542
MB541,LenVGC's Recreation of LexiconVGC's GCF Encore Champion Team,,Alex Soto,,,,Charizardite Y,,,Choice Scarf,,,Sitrus Berry,,,Focus Sash,,,Light Clay,,,Leftovers,,https://pokepast.es/28e025ce61784024,Yes,Extracted,✔,FDUDTALFWN,15 Jul 2026,-,,https://x.com/LenVGC/status/2077104739594981649?s=20,-,-,LenVGC,,Charizard,Basculegion,Pelipper,Venusaur,Grimmsnarl,Archaludon,,MB541
MB540,Wolfey's Staraptor Metagross Team,,Wolfe Glick,,,,Metagrossite,,,Staraptite,,,Colbur Berry,,,Focus Sash,,,Sitrus Berry,,,Life Orb,,https://pokepast.es/1c6e419b16ae025d,Yes,Extracted,✔,KK8H7CC4FY,11 Jul 2026,Video,,https://www.youtube.com/watch?v=DYjEMKcVcs8,-,-,WolfeyGlick,,Metagross-Mega,Staraptor-Mega,Ceruledge,Whimsicott,Farigiraf,Garchomp,,MB540
MB539,firefallsmusic's Grand Champions Festival Encore Top 32 Team,,firefallsmusic,,,,Blastoisinite,,,Cameruptite,,,Choice Scarf,,,Never-Melt Ice,,,Sitrus Berry,,,Life Orb,,http://pokepast.es/59949a7fbac6e3fa,Yes,Owner's,✔,LNSXT6CD1N,13 Jul 2026,Grand Champions Festival Encore,29th,https://x.com/firefallsmusic/status/2076390955079655675?s=46,-,-,firefallsmusic,,Blastoise-Mega,Camerupt-Mega,Staraptor,Vanilluxe,Farigiraf,Kingambit,,MB539
MB538,averagewoopfan's Grand Champions Festival Encore Top 128 Team,,averagewoopfan,,,,Mawilite,,,Charizardite Y,,,Sitrus Berry,,,Focus Sash,,,Colbur Berry,,,Life Orb,,https://pokepast.es/b3cf90d623c923c5,Yes,Owner's,✔,M8C1V4EM3H,13 Jul 2026,Grand Champions Festival Encore,71st,https://x.com/averagewoopfan/status/2076394397747257548?s=46,-,-,averagewoopfan,,Mawile-Mega,Charizard,Basculegion,Whimsicott,Farigiraf,Garchomp,,MB538
MB537,Twilite's Grand Champions Festival Encore Top 128 Team,,Kshaunish Shaik,,,,Froslassite,,,Scovillainite,,,Sitrus Berry,,,Focus Sash,,,White Herb,,,Black Glasses,,https://pokepast.es/dfc30b952b0f4437,Yes,Extracted,✔,H5JHJYN1GE,13 Jul 2026,Grand Champions Festival Encore,72nd,https://x.com/twilite0/status/2076395435829207457?s=46,-,-,twilite0,,Froslass-Mega,Scovillain-Mega,Basculegion,Lycanroc-Dusk,Sneasler,Kingambit,,MB537
MB536,PokeReplaysVGC's Grand Champions Festival Encore Top 128 Team,,Adam Wright,,,,Floettite,,,Charizardite Y,,,Mystic Water,,,Focus Sash,,,Chople Berry,,,Life Orb,,https://pokepast.es/c2084b0233d79d4a,Yes,Owner's,✔,X76LWQYBJP,13 Jul 2026,Grand Champions Festival Encore,80th,https://x.com/pokereplaysvgc/status/2076633790160539931?s=46,-,-,pokereplaysvgc,,Floette-Eternal-Mega,Charizard,Basculegion,Whimsicott,Kingambit,Garchomp,,MB536
MB535,billtram6's Grand Champions Festival Encore Top 128 Team,,billtram6,,,,Charizardite Y,,,Sitrus Berry,,,Choice Scarf,,,Focus Sash,,,Spell Tag,,,Life Orb,,https://pokepast.es/1f79c6e87994defc,Yes,Owner's,✔,F6HFA7S4F8,13 Jul 2026,Grand Champions Festival Encore,86th,https://x.com/billtram6/status/2076548759119614342,-,-,billtram6,,Charizard,Incineroar,Basculegion,Whimsicott,Gholdengo,Garchomp,,MB535
MB534,darth_aaronvgc's Grand Champions Festival Encore Top 128 Team,,darth_aaronvgc,,,,Aerodactylite,,,Froslassite,,,Focus Sash,,,Wide Lens,,,Life Orb,,,Black Glasses,,https://pokepast.es/f7d424965643f1cf,Yes,Owner's,✔,W13HVE0KMF,13 Jul 2026,Grand Champions Festival Encore,106th,https://x.com/darth_aaronvgc/status/2076655506744336599?s=46,-,-,darth_aaronvgc,,Aerodactyl-Mega,Froslass-Mega,Basculegion,Tsareena,Sneasler,Kingambit,,MB534
MB533,thepenglin's Grand Champions Festival Encore Top 256 Team,,thepenglin,,,,Staraptite,,,Charizardite Y,,,Life Orb,,,Mental Herb,,,Occa Berry,,,Choice Scarf,,https://pokepast.es/4fb777e170daa1a9,Yes,Owner's,✔,KA2PWHCJWJ,13 Jul 2026,Grand Champions Festival Encore,184th,https://x.com/thepenglin/status/2076375775708844535?s=46,-,-,thepenglin,,Staraptor-Mega,Charizard,Venusaur,Whimsicott,Sinistcha-Masterpiece,Garchomp,,MB533
MB532,MemeGuy924's Grand Champions Festival Encore Top 256 Team,,MemeGuy924,,,,Charizardite Y,,,Sitrus Berry,,,Focus Sash,,,Colbur Berry,,,Fairy Feather,,,Life Orb,,https://pokepast.es/7f0e1f7f980d1f1f,Yes,Owner's,✔,RY0TWM4YV0,15 Jul 2026,Grand Champions Festival Encore,247th,https://x.com/MemeGuy924/status/2077183019434062283?s=20,https://youtu.be/nvIpzz3yeww?si=RR8RXDgdaMTBBLSX,-,MemeGuy924,,Charizard,Incineroar,Aerodactyl,Farigiraf,Sylveon,Garchomp,,MB532
MB531,katatatat__'s Grand Champions Festival Encore Team,,katatatat__,,,,Blazikenite,,,Life Orb,,,Choice Scarf,,,Focus Sash,,,Sitrus Berry,,,Black Glasses,,https://pokepast.es/30913e7a48ea869a,Yes,Extracted,✔,G5GH6M127L,13 Jul 2026,Grand Champions Festival Encore,275th,https://x.com/katatatat__/status/2076345539600285989?s=46,-,-,katatatat__,,Blaziken-Mega,Basculegion,Vanilluxe,Whimsicott,Farigiraf,Kingambit,,MB531
MB530,OBM's Grand Champions Festival Encore Team,,Michel Zazzi,,,,Delphoxite,,,Floettite,,,Sitrus Berry,,,Focus Sash,,,Occa Berry,,,Black Glasses,,https://pokepast.es/bd8f90fd5fb4d8d9,Yes,Extracted,✔,CAFQ9JAFXV,12 Jul 2026,Grand Champions Festival Encore,529th,https://x.com/obmgamer/status/2076094456239980848?s=46&t=WmXEnVa3rTSw0P9A0n6S3Q,-,-,obmgamer,,Delphox-Mega,Floette-Eternal-Mega,Incineroar,Sneasler,Sinistcha-Masterpiece,Kingambit,,MB530
MB529,yurineptcg's Grand Champions Festival Encore Team,,yurineptcg,,,,Floettite,,,Scraftinite,,,Colbur Berry,,,Sitrus Berry,,,Focus Sash,,,Occa Berry,,https://pokepast.es/210c7135c3f001c9,Yes,Extracted,✔,F1BR5V9J6N,12 Jul 2026,Grand Champions Festival Encore,589th,https://x.com/yurineptcg/status/2076094820947542470?s=46,-,-,yurineptcg,,Floette-Eternal-Mega,Scrafty-Mega,Ceruledge,Incineroar,Vivillon,Sinistcha,,MB529
MB528,lycopoky's Grand Champions Festival Encore Team,,lycopoky,,,,Scovillainite,,,Tyranitarite,,,Choice Scarf,,,Life Orb,,,Light Clay,,,Leftovers,,https://pokepast.es/79000b4543608f9d,Yes,Owner's,✔,P94FC69FJA,12 Jul 2026,Grand Champions Festival Encore,2281th,https://x.com/lycopoky/status/2076247750438519138?s=46,https://lycopoky.wordpress.com/2026/07/11/the-dragons-sand/,-,lycopoky,,Scovillain-Mega,Tyranitar-Mega,Basculegion,Excadrill,Grimmsnarl,Kommo-o,,MB528
MB527,anboxing's Grand Champions Festival Encore Team,,anboxing,,,,Kangaskhanite,,,Bright Powder,,,Leftovers,,,Focus Sash,,,Quick Claw,,,Big Root,,https://pokepast.es/571f8346d06f3cdd,Yes,Owner's,X,None,12 Jul 2026,Grand Champions Festival Encore,2702nd,https://x.com/anboxing11/status/2076051460194701770,-,-,anboxing11,,Kangaskhan-Mega,Milotic,Toxapex,Sneasler,Ditto,Sinistcha,,MB527
MB526,Enje's Champions Collective #14 Top 16 Team,,Nicholas Johnson,,,,Metagrossite,,,Sitrus Berry,,,Focus Sash,,,White Herb,,,Never-Melt Ice,,,Life Orb,,https://pokepast.es/5957567b618d6dfd,Yes,Extracted,✔,RSQXDSXKMN,14 Jul 2026,Champions Collective #14,10th,https://x.com/enjevgc/status/2076864345871729082?s=46&t=WmXEnVa3rTSw0P9A0n6S3Q,-,-,enjevgc,,Metagross-Mega,Rotom-Wash,Aerodactyl,Sneasler,Ninetales-Alola,Dragapult,,MB526
MB525,zeen's Recreation of LexiconVGC's GCF Encore Champion Team,,Shohei Kimura,,,,Charizardite Y,,,Choice Scarf,,,Sitrus Berry,,,Focus Sash,,,Light Clay,,,Leftovers,,https://pokepast.es/4f4d18cccd280c1a,Yes,Extracted,✔,EMHMY5SAK0,14 Jul 2026,-,,https://x.com/zeen172M/status/2077059722310791294,-,-,zeen172M,,Charizard,Basculegion,Pelipper,Venusaur,Grimmsnarl,Archaludon,,MB525
MB524,Skraw's Recreation of LexiconVGC's GCF Encore Champion Team,,Jacob Mortenson,,,,Charizardite Y,,,Choice Scarf,,,Sitrus Berry,,,Focus Sash,,,Light Clay,,,Leftovers,,https://pokepast.es/62089e4e49a789a2,Yes,Extracted,✔,LQ1P93KHW5,14 Jul 2026,-,,https://x.com/JacobSkraw/status/2077016616580121050?s=20,-,-,JacobSkraw,,Charizard,Basculegion,Pelipper,Venusaur,Grimmsnarl,Archaludon,,MB524
MB523,Castorbrown's Recreation of LexiconVGC's GCF Encore Champion Team,,Castorbrown,,,,Charizardite Y,,,Choice Scarf,,,Sitrus Berry,,,Focus Sash,,,Light Clay,,,Leftovers,,https://pokepast.es/570f13230e705b4a,Yes,Owner's,✔,VEQ2YBUA0K,14 Jul 2026,-,,https://x.com/CastorbrownVGC/status/2076702461914661237?s=20,-,-,CastorbrownVGC,,Charizard,Basculegion,Pelipper,Venusaur,Grimmsnarl,Archaludon,,MB523
MB522,SNOW's Toshu Cup Top 8 Team,,Tomoyuki Yoshimura,,,,Gengarite,,,Swampertite,,,Passho Berry,,,Sitrus Berry,,,Focus Sash,,,Leftovers,,https://pokepast.es/062ba26e30b09342,Yes,Extracted,✔,7MT34VPLUF,12 Jul 2026,Toshu Cup,6th,https://x.com/blueyossi/status/2076274237288087911?s=46,-,https://poke.terurun.jp/tournaments/73,blueyossi,,Gengar-Mega,Swampert-Mega,Incineroar,Politoed,Vivillon,Archaludon,,MB522
MB521,kazuki's Toshu Cup Top 16 Team,,kazuki,,,,Staraptite,,,Tyranitarite,,,Sitrus Berry,,,Focus Sash,,,Colbur Berry,,,Life Orb,,https://pokepast.es/460ce7877ff3669a,Yes,Extracted,✔,3NHH11QKTB,12 Jul 2026,Toshu Cup,9th,https://x.com/ikazuki148/status/2076285484167582172?s=46,-,https://poke.terurun.jp/tournaments/73,ikazuki148,,Staraptor-Mega,Tyranitar-Mega,Milotic,Excadrill,Sinistcha,Gholdengo,,MB521
MB520,fortevgc's Toshu Cup Top 16 Team,,fortevgc,,,,Charizardite Y,,,Floettite,,,Mystic Water,,,Focus Sash,,,Chople Berry,,,Life Orb,,https://pokepast.es/6cbe5ab29f1da2ad,Yes,Owner's,X,None,12 Jul 2026,Toshu Cup,14th,https://x.com/fortevgc/status/2076246037753409674?s=46,-,https://poke.terurun.jp/tournaments/73,fortevgc,,Charizard-Mega-Y,Floette-Mega,Basculegion,Whimsicott,Kingambit,Garchomp,,MB520
MB519,sharuku's Toshu Cup Top 32 Team,,Kazuki Kobayashi,,,,Charizardite Y,,,Sitrus Berry,,,Mystic Water,,,Focus Sash,,,Fairy Feather,,,Life Orb,,https://pokepast.es/d8578adce7078a21,Yes,Extracted,✔,KMNQ2HAFPV,12 Jul 2026,Toshu Cup,19th,https://x.com/sharuku_6242/status/2076292784567513570?s=46,-,https://poke.terurun.jp/tournaments/73,sharuku_6242,,Charizard,Incineroar,Basculegion,Whimsicott,Sylveon,Garchomp,,MB519
MB518,lyshavgc's Pride Month 2 Celebration Champion Team,,lyshavgc,,,,Gyaradosite,,,Sitrus Berry,,,Leftovers,,,Focus Sash,,,Occa Berry,,,Light Clay,,https://pokepast.es/b622c86faf9129fa,Yes,Owner's,X,None,12 Jul 2026,Pride Moth 2 Celebration,Champion,https://x.com/lyshavgc/status/2076310580516786350?s=46,-,-,lyshavgc,,Gyarados-Mega,Incineroar,Volcarona,Sneasler,Sinistcha,Grimmsnarl,,MB518
MB517,bowsetti_'s Pride Month 2 Celebration Top 4 Team,,bowsetti_,,,,Delphoxite,,,Leftovers,,,Raichunite Y,,,Sitrus Berry,,,Focus Sash,,,Occa Berry,,https://pokepast.es/c4cf401c7f093ce2,Yes,Extracted,✔,QJLGYM386M,12 Jul 2026,Pride Moth 2 Celebration,3rd,https://x.com/bowsetti_/status/2076305454519419142?s=46,-,-,bowsetti_,,Delphox-Mega,Gyarados,Raichu-Mega-Y,Gliscor,Sneasler,Sinistcha,,MB517
MB516,zeen's Delphox Blastoise Team,,Shohei Kimura,,,,Blastoisinite,,,Delphoxite,,,Sitrus Berry,,,Focus Sash,,,Colbur Berry,,,Life Orb,,https://pokepast.es/cbbd61edc46e16a8,Yes,Extracted,✔,X0F0J93G3A,12 Jul 2026,-,,https://x.com/zeen172m/status/2076317357421818347?s=46,-,-,zeen172m,,Blastoise-Mega,Delphox-Mega,Incineroar,Sneasler,Sinistcha,Kingambit,,MB516
MB515,WoodTofu's Aerodactyl Armarouge Team,,WoodTofu,,,,Aerodactylite,,,Metagrossite,,,Focus Sash,,,Black Glasses,,,Sitrus Berry,,,Life Orb,,https://pokepast.es/b9388ead15018e65,Yes,Extracted,✔,Q7H74S20X8,14 Jul 2026,-,,https://x.com/woodtofuvgc/status/2075977944909127695?s=46,-,-,woodtofuvgc,,Aerodactyl-Mega,Metagross-Mega,Armarouge,Kingambit,Grimmsnarl,Garchomp,,MB515
MB514,kuro4wing's Teru Challange Online #3 Top 8 Team,,kuro4wing,,,,Venusaurite,,,Choice Scarf,,,Sitrus Berry,,,Focus Sash,,,Light Clay,,,Leftovers,,https://pokepast.es/8c31511bcb534ee2,Yes,Extracted,X,None,12 Jul 2026,Teru Challenge Online #3,Top 8,https://x.com/kuro4wing/status/2076321420599308380?s=46,https://note.com/akurobut_pokemon/n/na773e414facb?sub_rt=share_pb,-,kuro4wing,,Venusaur-Mega,Basculegion,Pelipper,Aerodactyl,Grimmsnarl,Archaludon,,MB514
MB513,DjSanders' Charizard-Y Eelektross Team,,DjSanders,,,,Eelektrossite,,,Charizardite Y,,,Leftovers,,,Focus Sash,,,Fairy Feather,,,Life Orb,,https://pokepast.es/53d03b05a333ecc3,Yes,Extracted,✔,4P4EKFVTMD,13 Jul 2026,-,,Discord Submission,-,-,djsanders,,Eelektross-Mega,Charizard,Toxapex,Whimsicott,Sylveon,Garchomp,,MB513
MB512,tomachikonoyubi's Charizard-Y Aerodactyl Team,,tomachikonoyubi,,,,Aerodactylite,,,Charizardite Y,,,Sitrus Berry,,,Life Orb,,,Focus Sash,,,Haban Berry,,https://pokepast.es/d8d5221967fa8f57,Yes,Extracted,✔,11759G077V,11 Jul 2026,-,,https://x.com/tomachikonoyubi/status/2075926625393500274?s=46,-,-,tomachikonoyubi,,Aerodactyl-Mega,Charizard,Incineroar,Venusaur,Kingambit,Garchomp,,MB512
MB511,WestGleen's Abomasnow Glaceon Team,,WestGleen,,,,Abomasite,,,Dragoninite,,,Life Orb,,,Occa Berry,,,Focus Sash,,,Sitrus Berry,,https://pokepast.es/f82637770e1c8b64,Yes,Extracted,✔,YG7BM9HN33,11 Jul 2026,-,,https://x.com/westgleen/status/2075738055286403110?s=46,-,-,westgleen,,Abomasnow-Mega,Dragonite-Mega,Samurott-Hisui,Glaceon,Glimmora,Garchomp,,MB511
MB510,PokeAlex's Scrafty Castform Team,,Alex Gómez,,,,Froslassite,,,Scraftinite,,,Sitrus Berry,,,Focus Sash,,,Miracle Seed,,,Life Orb,,https://pokepast.es/57c11b877b6fde45,Yes,Extracted,✔,47C5YBUQQ3,11 Jul 2026,-,,https://x.com/pokealex_/status/2075691680783618369?s=46,-,-,pokealex_,,Froslass-Mega,Scrafty-Mega,Torkoal,Pelipper,Venusaur,Castform,,MB510
MB509,SwapDogVGC's Metagross Dragonite Team V2,,SwapDogVGC,,,,Dragoninite,,,Metagrossite,,,Sitrus Berry,,,Focus Sash,,,Choice Scarf,,,Kasib Berry,,https://pokepast.es/7c0deb777cb9eab7,Yes,Extracted,✔,36K51J4NKH,14 Jul 2026,-,,https://x.com/swapdogvgc/status/2077027635201450476?s=46,-,-,swapdogvgc,,Dragonite-Mega,Metagross-Mega,Incineroar,Excadrill,Tyranitar,Sinistcha,,MB509
MB508,SwapDogVGC's Metagross Dragonite Team,,SwapDogVGC,,,,Dragoninite,,,Metagrossite,,,Sitrus Berry,,,Focus Sash,,,Choice Scarf,,,Kasib Berry,,https://pokepast.es/2cadb992fb19e67e,Yes,Extracted,✔,9VBY4AFCK5,10 Jul 2026,-,,https://x.com/swapdogvgc/status/2075588982524752183?s=46,-,-,swapdogvgc,,Dragonite-Mega,Metagross-Mega,Incineroar,Excadrill,Tyranitar,Sinistcha,,MB508
MB507,charge_poke's Charizard-Y Aerodactyl Team,,charge_poke,,,,Aerodactylite,,,Focus Sash,,,Charizardite Y,,,Mystic Water,,,White Herb,,,Life Orb,,https://pokepast.es/30de4110b1f831f4,Yes,Extracted,✔,WED8FXJMWT,10 Jul 2026,-,,https://x.com/charge_poke/status/2075422475622744122?s=46,-,-,charge_poke,,Aerodactyl-Mega,Arcanine-Hisui,Charizard,Basculegion,Sneasler,Garchomp,,MB507
MB506,dodoriosiriru's Abomasnow Pidgeot Team,,Hijito Kihara,,,,Abomasite,,,Pidgeotite,,,Sitrus Berry,,,Choice Scarf,,,Focus Sash,,,Expert Belt,,https://pokepast.es/9ae3cc5739a2f3f4,Yes,Extracted,✔,FG8K7MAF8J,10 Jul 2026,-,,https://x.com/dodoriosiriru/status/2075475494951362732?s=46,-,-,dodoriosiriru,,Abomasnow-Mega,Pidgeot-Mega,Skeledirge,Quaquaval,Liepard,Wyrdeer,,MB506
MB505,abelpoke49r's Gardevoir Tyranitar Team,,abelpoke49r,,,,Gardevoirite,,,Tyranitarite,,,Sitrus Berry,,,Leftovers,,,Focus Sash,,,Coba Berry,,https://pokepast.es/dcb8664052547d96,Yes,Extracted,✔,Y1XKPX0PAF,10 Jul 2026,-,,https://x.com/abelpoke49r/status/2075256671270781255?s=46,-,-,abelpoke49r,,Gardevoir-Mega,Tyranitar-Mega,Incineroar,Milotic,Sneasler,Sinistcha,,MB505
MB504,all_riel's Crabominable Slowking-Galar Team,,all_riel,,,,Crabominite,,,Mystic Water,,,Life Orb,,,Sitrus Berry,,,Wide Lens,,,Leftovers,,https://pokepast.es/654674ec81fcd524,Yes,Extracted,✔,2U1CWVCKMA,10 Jul 2026,-,,https://x.com/all_riel/status/2075388809789804810?s=46,-,-,all_riel,,Crabominable-Mega,Primarina,Golurk,Slowking-Galar,Mimikyu,Goodra-Hisui,,MB504
MB503,Whitezero2000's Raichu-X Jolteon Team,,Pai Yu-Ping,,,I,,,,Choice Scarf,,,Wide Lens,,,Focus Sash,,,Raichunite X,,,Life Orb,,https://pokepast.es/d5bcbb5e3082664f,Yes,Extracted,✔,RNKWFGHFDS,10 Jul 2026,-,,https://x.com/whitezero2000/status/2075463554015367416?s=46,-,-,whitezero2000,,Talonflame,Basculegion,Tsareena,Jolteon,Raichu-Mega-X,Vanilluxe,,MB503
MB502,Jip's Mawile Dragonite Team,,Jip,,,,Dragoninite,,,Mawilite,,,Passho Berry,,,Sitrus Berry,,,Leftovers,,,Shuca Berry,,https://pokepast.es/5c3ccd5e3968b4ac,Yes,Extracted,✔,A7J3K8M31P,10 Jul 2026,-,,https://x.com/keonspy/status/2075300442842472920?s=46,-,-,keonspy,,Dragonite-Mega,Mawile-Mega,Incineroar,Farigiraf,Sinistcha,Slowking-Galar,,MB502
MB501,AndyLa's Scolipede Greninja Team,,Andrew Lavigne,,,,Greninjite,,,Scolipite,,,Focus Sash,,,Choice Scarf,,,Sitrus Berry,,,Leftovers,,https://pokepast.es/289ddf96856b92ae,Yes,Extracted,✔,4V4N4Y4FWC,10 Jul 2026,Video,,https://x.com/AndyLaVGC/status/2075269944334238135?s=20,https://www.youtube.com/watch?v=gAVOnmqMQIc,-,AndyLaVGC,,Greninja-Mega,Scolipede-Mega,Pelipper,Annihilape,Sinistcha,Archaludon,,MB501
MB500,LenVGC's Camerupt Sneasler HTR Team,,Alex Soto,,,,Cameruptite,,,Iron Ball,,,Focus Sash,,,Sitrus Berry,,,Black Glasses,,,Life Orb,,https://pokepast.es/2b2b3a6a1ee93a62,Yes,Extracted,✔,BMU34RHM4G,10 Jul 2026,-,,https://x.com/LenVGC/status/2075258020620038650?s=20,-,-,LenVGC,,Camerupt-Mega,Sneasler,Vivillon,Farigiraf,Kingambit,Sylveon,,MB500
MB499,Itachi's Floette Blastoise Team,,Itachi,,,,Blastoisinite,,,Floettite,,,Expert Belt,,,Focus Sash,,,Black Glasses,,,Life Orb,,https://pokepast.es/957143a785807b3e,Yes,Extracted,✔,HQM38XDF36,9 Jul 2026,-,,https://x.com/itachivgc/status/2075225694297096507?s=46,-,-,itachivgc,,Blastoise-Mega,Floette-Eternal-Mega,Lycanroc-Dusk,Whimsicott,Kingambit,Garchomp,,MB499
MB498,inderunite's Victreebel Gallade Team,,inderunite,,,,Victreebelite,,,Colbur Berry,,,Leftovers,,,Focus Sash,,,Never-Melt Ice,,,Life Orb,,https://pokepast.es/11b4fc4a7eb50798,Yes,Extracted,✔,V1HR8CWA4Y,9 Jul 2026,-,,https://x.com/inderunite/status/2075127549173075979?s=46,-,-,inderunite,,Victreebel-Mega,Ceruledge,Milotic,Gallade,Ninetales-Alola,Garchomp,,MB498
MB497,Skraw's Charizard-Y Floette Team,,Jacob Mortenson,,,,Floettite,,,Charizardite Y,,,Life Orb,,,Roseli Berry,,,Focus Sash,,,Sitrus Berry,,https://pokepast.es/c819a84d48521100,Yes,Extracted,✔,D2TVC123NW,9 Jul 2026,-,,https://x.com/JacobSkraw/status/2074938126506537097?s=20,-,-,JacobSkraw,,Floette-Eternal-Mega,Charizard,Basculegion,Annihilape,Whimsicott,Garchomp,,MB497
MB496,JortChamp's Metagross Scolipede Team,,JortChamp,,,,Metagrossite,,,Scolipite,,,Passho Berry,,,Sitrus Berry,,,Focus Sash,,,Choice Scarf,,https://pokepast.es/385f1bed1f20560d,Yes,Extracted,✔,BBSEWX4R16,8 Jul 2026,-,,https://x.com/JortChamp/status/2074873966699729022?s=20,-,-,JortChamp,,Metagross-Mega,Scolipede-Mega,Volcarona,Rotom-Wash,Annihilape,Hydreigon,,MB496
MB495,dodoriosiriru's Staraptor Mawile Team,,Hijito Kihara,,,,Mawilite,,,Staraptite,,,Choice Scarf,,,Colbur Berry,,,Life Orb,,,Roseli Berry,,https://pokepast.es/76581e6804367d73,Yes,Extracted,✔,RJSGVPW7A5,8 Jul 2026,-,,https://x.com/dodoriosiriru/status/2074791719141605860?s=46,-,-,dodoriosiriru,,Mawile-Mega,Staraptor-Mega,Diggersby,Farigiraf,Gholdengo,Grimmsnarl,,MB495
MB494,zeen's Ranked Season M-3 1st Place Team,,Shohei Kimura,,,,Aerodactylite,,,Charizardite Y,,,Sitrus Berry,,,Focus Sash,,,Fairy Feather,,,Life Orb,,https://pokepast.es/1b415d637eb7fad3,Yes,Extracted,✔,AUUHR6AESE,8 Jul 2026,Ranked Season M-3,1st,https://x.com/zeen172m/status/2074749073220088227?s=46,-,-,zeen172m,,Aerodactyl-Mega,Charizard,Incineroar,Kingambit,Sylveon,Garchomp,,MB494
MB493,Rinya's Ranked Season M-3 2nd Place Team,,Rinya Kobayashi,,,,Charizardite Y,,,Sitrus Berry,,,Leftovers,,,Life Orb,,,Focus Sash,,,Choice Scarf,,https://pokepast.es/90159766947b173c,Yes,Extracted,✔,XRKCF3D3C8,8 Jul 2026,Ranked Season M-3,2nd,https://x.com/gozira2004/status/2074781994576429399?s=46,-,-,gozira2004,,Charizard,Incineroar,Toxapex,Venusaur,Mamoswine,Garchomp,,MB493
MB492,sudoz's Ranked Season M-3 5th Place Team,,sudoz,,,,Dragoninite,,,Froslassite,,,Mystic Water,,,Focus Sash,,,Chople Berry,,,Roseli Berry,,https://pokepast.es/ff639f78acef65c9,Yes,Owner's,✔,N0TAJ72HYF,28 Jul 2026,Ranked Season M-3,5th,https://youtu.be/dSJgPiKllMg?si=eIM0bSrjrhRf9IX1,https://docs.google.com/document/d/1VlpzmPowxTNhvFAKCSggS0xXInQfN6HTAiFloCLasVE/edit?tab=t.0,-,sudozz,,Dragonite-Mega,Froslass-Mega,Basculegion,Sneasler,Kingambit,Garchomp,,MB492
MB491,online's Ranked Season M-3 6th Place Team,,online,,,,Staraptite,,,Charizardite Y,,,Choice Scarf,,,Focus Sash,,,Life Orb,,,Sitrus Berry,,https://pokepast.es/e8d86296cdb5a451,Yes,Extracted,✔,13J8QPQ1L4,8 Jul 2026,Ranked Season M-3,6th,https://x.com/online_poke/status/2074783009686069543?s=46,https://pokesol.app/u/online_poke/articles/7832f73e6e90db85,-,online_poke,,Staraptor-Mega,Charizard,Basculegion,Glimmora,Whimsicott,Garchomp,,MB491
MB490,runa's Ranked Season M-3 7th Place Team,,runa,,,,Dragoninite,,,Scovillainite,,,Sitrus Berry,,,Focus Sash,,,Fairy Feather,,,Life Orb,,https://pokepast.es/b683d04264dfe8c5,Yes,Extracted,X,None,13 Jul 2026,Ranked Season M-3,7th,https://x.com/ru_na807/status/2076618835931906226?s=46,https://note.com/krmt4/n/na7a8e21a15f7,-,ru_na807,,Dragonite-Mega,Scovillain-Mega,Basculegion,Gholdengo,Sylveon,Garchomp,,MB490
MB489,Yanagi's Ranked Season M-3 Peak 9th Place Team,,Yosuke Takayanagi,,,,Venusaurite,,,Charizardite Y,,,Sitrus Berry,,,Choice Scarf,,,Light Clay,,,Leftovers,,https://pokepast.es/f4efd3395f3afe35,Yes,Extracted,✔,SELYA7PFGX,11 Jul 2026,Ranked Season M-3,Peak 9th,https://x.com/yanagit_poke/status/2075790748017123792?s=46,https://www.youtube.com/watch?v=zKjPwKXTFFc,-,yanagit_poke,,Venusaur-Mega,Charizard,Pelipper,Annihilape,Grimmsnarl,Archaludon,,MB489
MB488,seita_poke's Ranked Season M-3 10th Place Team,,seita_poke,,,,Charizardite Y,,,Mystic Water,,,Focus Sash,,,Black Glasses,,,Fairy Feather,,,Life Orb,,https://pokepast.es/bafda91db6a9f6df,Yes,Extracted,X,None,8 Jul 2026,Ranked Season M-3,10th,https://x.com/seita_poke/status/2074736478727606634?s=46,-,-,seita_poke,,Charizard,Basculegion,Whimsicott,Kingambit,Sylveon,Garchomp,,MB488
MB487,Xinyu's Ranked Season M-3 15th Place Team,,Xinyu Liao,,,,Staraptite,,,Colbur Berry,,,Focus Sash,,,Spell Tag,,,Occa Berry,,,Life Orb,,https://pokepast.es/69dcb3672f175bcc,Yes,Extracted,✔,96ELBLMHQL,8 Jul 2026,Ranked Season M-3,15th,https://x.com/xinyuvgc/status/2074744936503849300?s=46,-,-,xinyuvgc,,Staraptor-Mega,Ceruledge,Whimsicott,Gholdengo,Kingambit,Garchomp,,MB487
MB486,tsltang0508's Ranked Season M-3 20th Place Team,,Tang Shiliang,,,,Charizardite Y,,,Sitrus Berry,,,Leftovers,,,Life Orb,,,Focus Sash,,,Choice Scarf,,https://pokepast.es/dc43d16bba9a4dac,Yes,Owner's,✔,YM9SGNWE0K,8 Jul 2026,Ranked Season M-3,20th,https://x.com/tsltang0508/status/2074843112904552526?s=46,-,-,tsltang0508,,Charizard,Incineroar,Toxapex,Venusaur,Annihilape,Garchomp,,MB486
MB485,tikuwa_0123's Ranked Season M-3 28th Place Team,,tikuwa_0123,,,,Staraptite,,,Charizardite Y,,,Focus Sash,,,Choice Scarf,,,Fairy Feather,,,Life Orb,,https://pokepast.es/09a60c7af9da90a4,Yes,Extracted,✔,4L52A25KX7,8 Jul 2026,Ranked Season M-3,28th,https://x.com/tikuwa_0123/status/2074752498112528397?s=46,-,-,tikuwa_0123,,Staraptor-Mega,Charizard,Whimsicott,Gholdengo,Sylveon,Garchomp,,MB485
MB484,mame_tan326's Ranked Season M-3 33rd Place Team,,mame_tan326,,,,Dragoninite,,,Froslassite,,,Sitrus Berry,,,Focus Sash,,,Chople Berry,,,Never-Melt Ice,,https://pokepast.es/89b4b80479fda7cc,Yes,Extracted,✔,M484TKC0YY,8 Jul 2026,Ranked Season M-3,33rd,https://x.com/mame_tan326/status/2074781509899444328?s=46,https://note.com/mame_tan326/n/nd43a29f49e08?sub_rt=share_pb,-,mame_tan326,,Dragonite-Mega,Froslass-Mega,Basculegion,Sneasler,Kingambit,Ninetales-Alola,,MB484
MB483,Santino's Ranked Season M-3 36th Place Team,,Santino Tarquinio,,,,Blastoisinite,,,Delphoxite,,,Sitrus Berry,,,White Herb,,,Focus Sash,,,Kasib Berry,,https://pokepast.es/293c35b1cce99977,Yes,Extracted,X,None,8 Jul 2026,Ranked Season M-3,36th,https://x.com/supahsanti/status/2074804801288782086?s=46,-,-,supahsanti,,Blastoise-Mega,Delphox-Mega,Incineroar,Sneasler,Maushold-Four,Sinistcha,,MB483
MB482,icho's Ranked Season M-3 38th Place Team,,Satoshi Anzai,,,,Blazikenite,,,Life Orb,,,Sitrus Berry,,,Choice Scarf,,,Focus Sash,,,White Herb,,https://pokepast.es/f84b9918ea9a6ea8,Yes,Extracted,✔,DUE7QQN0PB,8 Jul 2026,Ranked Season M-3,38th,https://x.com/icho_poke/status/2074857093186953525?s=20,https://note.com/icho_poke/n/n5525d365106f?sub_rt=share_pb,-,icho_poke,,Blaziken-Mega,Meowscarada,Mudsdale,Gholdengo,Sylveon,Dragonite,,MB482
MB481,Ryoma's Ranked Season M-3 40th Place Team,,Ryoma Okamoto,,,,Dragoninite,,,Charizardite Y,,,Colbur Berry,,,Focus Sash,,,Fairy Feather,,,Life Orb,,https://pokepast.es/216e411490512a06,Yes,Extracted,✔,2QQRNJNH72,8 Jul 2026,Ranked Season M-3,40th,https://x.com/ryoma9901_poke/status/2074777927980581232?s=46,-,-,ryoma9901_poke,,Dragonite-Mega,Charizard,Basculegion,Kingambit,Sylveon,Garchomp,,MB481
MB480,Onion's Ranked Season M-3 48th Place Team,,Onion,,,,Froslassite,,,Focus Sash,,,Leftovers,,,White Herb,,,Black Glasses,,,Choice Scarf,,https://pokepast.es/9ac0cafd2bbaebdf,Yes,Extracted,X,None,8 Jul 2026,Ranked Season M-3,48th,https://x.com/0nion_poke/status/2074740315567935905?s=46,-,-,0nion_poke,,Froslass-Mega,Arcanine-Hisui,Milotic,Sneasler,Kingambit,Garchomp,,MB480
MB479,kiri_no_y's Ranked Season M-3 52nd Place Team,,kiri_no_y,,,,Floettite,,,Charizardite Y,,,Choice Scarf,,,Focus Sash,,,Life Orb,,,Sitrus Berry,,https://pokepast.es/149ddb8c6df36f81,Yes,Extracted,X,None,8 Jul 2026,Ranked Season M-3,52nd,https://x.com/kiri_no_y/status/2074782239666393539?s=46,https://note.com/kirinoyami/n/nd91d6c046650,-,kiri_no_y,,Floette-Eternal-Mega,Charizard,Basculegion,Whimsicott,Kingambit,Garchomp,,MB479
MB478,y0ssh1_pkmn's Ranked Season M-3 56th Place Team,,yuuki,,,,Metagrossite,,,Charizardite Y,,,Choice Scarf,,,Focus Sash,,,Fairy Feather,,,Sitrus Berry,,https://pokepast.es/ceda90b975f33b8f,Yes,Extracted,✔,QBVM897Q73,13 Jul 2026,Ranked Season M-3,56th,https://x.com/y0ssh1_pkmn/status/2076483327297744961?s=46,-,-,y0ssh1_pkmn,,Metagross-Mega,Charizard,Basculegion,Sneasler,Sylveon,Garchomp,,MB478
MB477,takoyaki's Ranked Season M-3 57th Place Team,,takoyaki,,,,Mawilite,,,Staraptite,,,Focus Sash,,,Life Orb,,,Roseli Berry,,,Wide Lens,,https://pokepast.es/93860f32a7025dfa,Yes,Extracted,✔,AT5X0Y7EC1,8 Jul 2026,Ranked Season M-3,57th,https://x.com/8989takoyaki/status/2074774548856389734?s=46,https://takoyaki-games.hatenablog.com/entry/2026/07/09/082652,-,8989takoyaki,,Mawile-Mega,Staraptor-Mega,Basculegion,Meowscarada,Malamar,Maushold-Four,,MB477
MB476,katahaba_pk's Ranked Season M-3 65th Place Team,,katahaba_pk,,,,Golurkite,,,Sitrus Berry,,,Charcoal,,,Focus Sash,,,Colbur Berry,,,Fairy Feather,,https://pokepast.es/40b628c5d1a10e72,Yes,Extracted,✔,PRLL8WPS94,8 Jul 2026,Ranked Season M-3,65th,https://x.com/katahaba_pk/status/2074781159557566809?s=46,https://note.com/light_aster294/n/n12e15bd9399a?sub_rt=share_pb,-,katahaba_pk,,Golurk-Mega,Incineroar,Torkoal,Sneasler,Farigiraf,Sylveon,,MB476
MB475,tomachikonoyubi's Ranked Season M-3 73rd Place Team,,tomachikonoyubi,,,,Aerodactylite,,,Charizardite Y,,,Sitrus Berry,,,Life Orb,,,Focus Sash,,,Haban Berry,,https://pokepast.es/3cd83f8fec1a2f38,Yes,Extracted,✔,11759G077V,8 Jul 2026,Ranked Season M-3,73rd,https://x.com/tomachikonoyubi/status/2074813458353414573?s=46,-,-,tomachikonoyubi,,Aerodactyl-Mega,Charizard,Incineroar,Venusaur,Kingambit,Garchomp,,MB475
MB474,yurineptcg's Ranked Season M-3 86th Place Team,,yurineptcg,,,,Aerodactylite,,,Venusaurite,,,Life Orb,,,Sitrus Berry,,,Focus Sash,,,Haban Berry,,https://pokepast.es/3c5d545aa6bf8d8b,Yes,Extracted,✔,NWBCQE4712,8 Jul 2026,Ranked Season M-3,86th,https://x.com/yurineptcg/status/2074738718104314017?s=46,-,-,yurineptcg,,Aerodactyl-Mega,Venusaur-Mega,Basculegion,Politoed,Sneasler,Hydreigon,,MB474
MB473,torcoals' Ranked Season M-3 87th Place Team,,torcoals,,,,Swampertite,,,Life Orb,,,Focus Sash,,,Damp Rock,,,Choice Scarf,,,Leftovers,,https://pokepast.es/b58d9136416c01ca,Yes,Extracted,✔,0PN0W4TUVC,8 Jul 2026,Ranked Season M-3,87th,https://x.com/torcoals/status/2074771016698503651?s=46,https://daniels.hatenablog.com/entry/2026/07/08/171439,-,torcoals,,Swampert-Mega,Basculegion,Greninja,Pelipper,Politoed,Archaludon,,MB473
MB472,Chandy's Ranked Season M-3 105th Place Team,,Kohei Sakurai,,,,Froslassite,,,Scovillainite,,,Sitrus Berry,,,Focus Sash,,,White Herb,,,Black Glasses,,https://pokepast.es/465a003d36a77d6a,Yes,Extracted,✔,PJXA0YYKH2,8 Jul 2026,Ranked Season M-3,105th,https://x.com/chandyholmes609/status/2074761584598282278?s=46,-,-,chandyholmes609,,Froslass-Mega,Scovillain-Mega,Basculegion,Lycanroc-Dusk,Sneasler,Kingambit,,MB472
MB471,subayai_ota's Ranked Season M-3 116th Place Team,,subayai_ota,,,,Blastoisinite,,,Choice Scarf,,,Wide Lens,,,Focus Sash,,,Sitrus Berry,,,Chople Berry,,https://pokepast.es/7d917eb831219415,Yes,Extracted,X,None,8 Jul 2026,Ranked Season M-3,116th,https://x.com/subayai_ota/status/2074757499522265191?s=46,https://x.com/poke_sima/status/2076674880469451265?s=20,-,subayai_ota,,Blastoise-Mega,Basculegion,Maushold-Four,Whimsicott,Sinistcha,Kingambit,,MB471
MB470,pba_official_x's Ranked Season M-3 118th Place Team,,pba_official_x,,,,Blastoisinite,,,Charizardite Y,,,Wide Lens,,,Choice Scarf,,,Focus Sash,,,Life Orb,,https://pokepast.es/db8571f6a73593d5,Yes,Extracted,✔,9SRG04XB18,10 Jul 2026,Ranked Season M-3,118th,https://x.com/pba_official_x/status/2075265248865763540?s=46,-,-,pba_official_x,,Blastoise-Mega,Charizard,Maushold-Four,Vivillon,Whimsicott,Garchomp,,MB470
MB469,vdmd8olfjy68698's Ranked Season M-3 129th Place Team,,vdmd8olfjy68698,,,,Floettite,,,Charizardite Y,,,Colbur Berry,,,Life Orb,,,Fairy Feather,,,Focus Sash,,https://pokepast.es/2de67fe20b3bcfdc,Yes,Extracted,✔,DBHAEHU39F,11 Jul 2026,Ranked Season M-3,129th,https://x.com/vdmd8olfjy68698/status/2075958950399541400?s=46,https://note.com/long_bear3239/n/n041aa33f0e3c?sub_rt=share_pb,-,vdmd8olfjy68698,,Floette-Eternal-Mega,Charizard,Basculegion,Sneasler,Whimsicott,Kingambit,,MB469
MB468,lovejapanfrombr's Ranked Season M-3 132nd Place Team,,lovejapanfrombr,,,,Staraptite,,,Tyranitarite,,,Sitrus Berry,,,Focus Sash,,,Colbur Berry,,,Life Orb,,https://pokepast.es/c12f688c33b0241f,Yes,Owner's,✔,HTBW25ADD0,8 Jul 2026,Ranked Season M-3,132nd,https://x.com/lovejapanfrombr/status/2074737525793620371?s=46,https://note.com/yoshimap/n/n411fe0271c75,-,lovejapanfrombr,,Staraptor-Mega,Tyranitar-Mega,Milotic,Excadrill,Sinistcha,Gholdengo,,MB468
MB467,lun1118's Ranked Season M-3 134th Place Team,,lun1118,,,,Mawilite,,,Charizardite Y,,,Choice Scarf,,,Bright Powder,,,Focus Sash,,,Quick Claw,,https://pokepast.es/790fefef0e615072,Yes,Extracted,✔,1RL8K79LNB,8 Jul 2026,Ranked Season M-3,134th,https://x.com/lun1118/status/2074783682846757173?s=46,-,-,lun1118,,Mawile-Mega,Charizard,Pelipper,Venusaur,Farigiraf,Archaludon,,MB467
MB466,Hamstermania's Ranked Season M-3 141st Place Team,,David Koutesh,,,,Pyroarite,,,Staraptite,,,Focus Sash,,,Charcoal,,,White Herb,,,Life Orb,,https://pokepast.es/d5abbcf65584da67,Yes,Owner's,X,None,8 Jul 2026,Ranked Season M-3,141st,https://x.com/hamstermaniavgc/status/2074809011455602853?s=46,-,-,hamstermaniavgc,,Pyroar-Mega,Staraptor-Mega,Armarouge,Torkoal,Sneasler,Farigiraf,,MB466
MB465,ykoooow's Ranked Season M-3 142nd Place Team,,ykoooow,,,,Staraptite,,,Choice Scarf,,,Focus Sash,,,Twisted Spoon,,,Coba Berry,,,Life Orb,,https://pokepast.es/ab5f22b0bc72b9ee,Yes,Extracted,✔,N9YBJQCY21,8 Jul 2026,Ranked Season M-3,142nd,https://x.com/ykoooow/status/2074787227264290947?s=46,-,-,ykoooow,,Staraptor-Mega,Volcarona,Lycanroc-Dusk,Farigiraf,Sinistcha,Kingambit,,MB465
MB464,ribe88's Ranked Season M-3 143rd Place Team,,ribe88,,,,Blastoisinite,,,Charizardite Y,,,Iron Ball,,,Focus Sash,,,Life Orb,,,Soft Sand,,https://pokepast.es/25d088679af3b47d,Yes,Extracted,✔,6WATCJ7UU5,10 Jul 2026,Ranked Season M-3,143rd,https://x.com/ribe88/status/2075417103637807332?s=46,https://note.com/safe_quince5476/n/n412ab68c0073,-,ribe88,,Blastoise-Mega,Charizard,Sneasler,Farigiraf,Kingambit,Garchomp,,MB464
MB463,pkmn_zoo's Ranked Season M-3 147th Place Team,,pkmn_zoo,,,,Malamarite,,,Mental Herb,,,Leftovers,,,Light Clay,,,Lum Berry,,,Wide Lens,,https://pokepast.es/30d465a381197f58,Yes,Extracted,✔,DSYBGGA27E,8 Jul 2026,Ranked Season M-3,147th,https://x.com/pkmn_zoo/status/2074681808944550106?s=46,-,-,pkmn_zoo,,Malamar-Mega,Audino,Overqwil,Whimsicott,Chandelure,Dragapult,,MB463
MB462,chaguma_poke90's Ranked Season M-3 150th Place Team,,chaguma_poke90,,,,Delphoxite,,,Scolipite,,,Leftovers,,,Focus Sash,,,Sitrus Berry,,,Black Glasses,,https://pokepast.es/74337bf9bd81c3d6,Yes,Extracted,X,None,9 Jul 2026,Ranked Season M-3,150th,https://x.com/chaguma_poke90/status/2075160312215642392?s=46,https://note.com/chaguma_poke90/n/n1a29b76cdcbf?sub_rt=share_b,-,chaguma_poke90,,Delphox-Mega,Scolipede-Mega,Incineroar,Sneasler,Sinistcha,Kingambit,,MB462
MB461,yakan_sv's Ranked Season M-3 163rd Place Team,,yakan_sv,,,,Froslassite,,,Mawilite,,,Sitrus Berry,,,Focus Sash,,,Choice Scarf,,,Leftovers,,https://pokepast.es/3e9e6f899f54a0df,Yes,Extracted,✔,EN9YJP4WW2,8 Jul 2026,Ranked Season M-3,163rd,https://x.com/yakan_sv/status/2074813228815876218?s=20,https://note.com/yakan_sv/n/n77779b43cfa9,-,yakan_sv,,Froslass-Mega,Mawile-Mega,Incineroar,Sneasler,Gholdengo,Dragonite,,MB461
MB460,hakushu_t's Ranked Season M-3 181st Place Team,,hakushu_t,,,,Metagrossite,,,Damp Rock,,,Focus Sash,,,Chople Berry,,,Leftovers,,,Muscle Band,,https://pokepast.es/de95a03e10a5e80d,Yes,Extracted,X,None,14 Jul 2026,Ranked Season M-3,181st,https://x.com/hakushu_t/status/2076869045975130117?s=46,-,-,hakushu_t,,Metagross-Mega,Pelipper,Sneasler,Kingambit,Archaludon,Dragonite,,MB460
MB459,soramitu's Ranked Season M-3 186th Place Team,,Yasuharu Shimizu,,,,Gardevoirite,,,Sharp Beak,,,Choice Scarf,,,Focus Sash,,,Black Glasses,,,Life Orb,,https://pokepast.es/8eaa6c943c31955a,Yes,Extracted,✔,6P3JMCAU2K,8 Jul 2026,Ranked Season M-3,186th,https://x.com/soramitu0322/status/2074745902867312843?s=46,-,-,soramitu0322,,Gardevoir-Mega,Talonflame,Basculegion,Maushold-Four,Kingambit,Garchomp,,MB459
MB458,poke_sasso's Ranked Season M-3 189th Place Team,,poke_sasso,,,,Froslassite,,,Greninjite,,,Focus Sash,,,White Herb,,,Choice Scarf,,,Life Orb,,https://pokepast.es/10813e1e2f3a11d8,Yes,Extracted,✔,BP6BRYQVYG,8 Jul 2026,Ranked Season M-3,189th,https://x.com/poke_sasso/status/2074750572734173598?s=20,https://note.com/poke_sasso1010/n/n65d3b7dd3814,-,poke_sasso,,Froslass-Mega,Greninja-Mega,Excadrill,Sneasler,Tyranitar,Kommo-o,,MB458
MB457,Alta's Ranked Season M-3 202nd Place Team,,Kota Higashino,,,,Aerodactylite,,,Gengarite,,,Passho Berry,,,Sitrus Berry,,,Focus Sash,,,Leftovers,,https://pokepast.es/b3a4c9bf727fac0b,Yes,Extracted,✔,6XJWKMXTD2,8 Jul 2026,Ranked Season M-3,202nd,https://x.com/alta10888/status/2074739386340782284?s=46,-,-,alta10888,,Aerodactyl-Mega,Gengar-Mega,Incineroar,Politoed,Kingambit,Archaludon,,MB457
MB456,kametto_lr's Ranked Season M-3 221st Place Team,,kametto_lr,,,,Mawilite,,,Focus Sash,,,Roseli Berry,,,Never-Melt Ice,,,Wide Lens,,,Life Orb,,https://pokepast.es/65cd786b87527e67,Yes,Extracted,✔,JTNVDKQ5T4,9 Jul 2026,Ranked Season M-3,221st,https://x.com/kametto_lr/status/2075154871515533753?s=46,https://kamesuke1120.hatenablog.com/entry/2026/07/09/184350,-,kametto_lr,,Mawile-Mega,Basculegion,Malamar,Mr. Rime,Maushold-Four,Kommo-o,,MB456
MB455,could_do28's Ranked Season M-3 236th Place Team,,could_do28,,,,Malamarite,,,Choice Scarf,,,Mental Herb,,,Leftovers,,,Life Orb,,,Bright Powder,,https://pokepast.es/463768738188197a,Yes,Extracted,✔,864YM69V5D,8 Jul 2026,Ranked Season M-3,236th,https://x.com/could_do28/status/2074690828040282148?s=46,https://pamusan-28.hatenablog.com/entry/2026/07/08/120305,-,could_do28,,Malamar-Mega,Zoroark-Hisui,Audino,Overqwil,Whimsicott,Chandelure,,MB455
MB454,aggronist's Ranked Season M-3 240th Place Team,,Kotaro Okada,,,,Floettite,,,Metagrossite,,,Mystic Water,,,Sitrus Berry,,,Focus Sash,,,Black Glasses,,https://pokepast.es/3981c840ecf3c1ea,Yes,Extracted,✔,4YCYS9ETPX,8 Jul 2026,Ranked Season M-3,240th,https://x.com/hurakuta/status/2074646168219648276?s=46,-,-,hurakuta,,Floette-Eternal-Mega,Metagross-Mega,Basculegion,Pelipper,Sneasler,Grimmsnarl,,MB454
MB453,mikan_n_kanzume's Ranked Season M-3 260th Place Team,,mikan_n_kanzume,,,,Skarmorite,,,Staraptite,,,Choice Scarf,,,Focus Sash,,,Fairy Feather,,,Life Orb,,https://pokepast.es/13845f1b966630e0,Yes,Extracted,✔,CUBPRXMSEX,8 Jul 2026,Ranked Season M-3,260th,https://x.com/mikan_n_kanzume/status/2074776770914697579?s=46,https://note.com/mikan_n_kanzume/n/n850e14523d3a,-,mikan_n_kanzume,,Skarmory-Mega,Staraptor-Mega,Basculegion,Whimsicott,Sylveon,Garchomp,,MB453
MB452,shinysopheon's Ranked Season M-3 285th Place Team,,shinysopheon,,,,Mawilite,,,Life Orb,,,Charcoal,,,Iron Ball,,,Focus Sash,,,Sitrus Berry,,https://pokepast.es/4ffd852f16400a5c,Yes,Owner's,✔,8E1D4HBGNK,8 Jul 2026,Ranked Season M-3,285th,https://x.com/shinysopheon/status/2074811636683010518?s=46&t=5fBZ-vUl0j8vZZUxO5MVfw,-,-,shinysopheon,,Mawile-Mega,Incineroar,Torkoal,Gallade,Vivillon,Farigiraf,,MB452
MB451,eteru's Ranked Season M-3 312th Place Team,,eteru,,,,Cameruptite,,,Kangaskhanite,,,Focus Sash,,,Life Orb,,,Colbur Berry,,,Iron Ball,,https://pokepast.es/bc75803192589eac,Yes,Extracted,✔,L906XG17QW,9 Jul 2026,Ranked Season M-3,312th,https://x.com/eteru_poke/status/2074904312258658454?s=46,https://eteru-blog.hatenablog.com/entry/2026/07/12/001322,-,eteru_poke,,Camerupt-Mega,Kangaskhan-Mega,Basculegion,Absol,Farigiraf,Mimikyu,,MB451
MB450,Narsus' Ranked Season M-3 314th Place Team,,Yoshikazu Sawane,,,,Floettite,,,Charizardite Y,,,Life Orb,,,Focus Sash,,,Black Glasses,,,Sitrus Berry,,https://pokepast.es/3852c9127b5ed3b8,Yes,Extracted,✔,XPEGSAV71R,8 Jul 2026,Ranked Season M-3,314th,https://x.com/mel_555_dw/status/2074780062789071345?s=46,-,-,mel_555_dw,,Floette-Eternal-Mega,Charizard,Basculegion,Whimsicott,Kingambit,Garchomp,,MB450
MB449,dameningenyoyo's Ranked Season M-3 351st Place Team,,dameningenyoyo,,,,Froslassite,,,Kangaskhanite,,,Focus Sash,,,Choice Scarf,,,Leftovers,,,Black Glasses,,https://pokepast.es/c51c14e1b79cc4fb,Yes,Extracted,✔,N4SD7DL39B,10 Jul 2026,Ranked Season M-3,351st,https://x.com/dameningenyoyo/status/2075523443190370397?s=46,https://yoyopoke.hatenablog.com/entry/2026/07/10/191104,-,dameningenyoyo,,Froslass-Mega,Kangaskhan-Mega,Ceruledge,Annihilape,Aegislash,Kingambit,,MB449
MB448,1803gi's Ranked Season M-3 358th Place Team,,Tatsuya Watanuki,,,,Staraptite,,,Focus Sash,,,Life Orb,,,White Herb,,,Big Root,,,Sitrus Berry,,https://pokepast.es/d939efd71907fc1d,Yes,Extracted,✔,SHTH4B9SW1,8 Jul 2026,Ranked Season M-3,358th,https://x.com/1803gi/status/2074784640733438335?s=46,-,-,1803gi,,Staraptor-Mega,Houndoom,Feraligatr,Sceptile,Vileplume,Gholdengo,,MB448
MB447,wayziro_plumer's Ranked Season M-3 359th Place Team,,wayziro_plumer,,,,Floettite,,,Wide Lens,,,Mental Herb,,,Focus Sash,,,Chople Berry,,,Sitrus Berry,,https://pokepast.es/f452c8f7697fa1da,Yes,Extracted,✔,US6HAENY1Q,8 Jul 2026,Ranked Season M-3,359th,https://x.com/wayziro_plumer/status/2074738802544042333?s=46,https://pokesol.app/u/wayziro_doublebattle/articles/cf5c55795a5dd4d8,-,wayziro_plumer,,Floette-Eternal-Mega,Maushold-Four,Whimsicott,Chandelure,Kingambit,Garchomp,,MB447
MB446,Asuka's Ranked Season M-3 386th Place Team,,Asuka,,,,Delphoxite,,,Sitrus Berry,,,Focus Sash,,,Black Glasses,,,Choice Scarf,,,Life Orb,,https://pokepast.es/37a7f3d58e9b533e,Yes,Extracted,✔,105C2SRL3B,9 Jul 2026,Ranked Season M-3,386th,https://x.com/asuka_pkmn/status/2075163099771134461?s=46,https://note.com/masa_matsuri/n/neac25e3354d9,-,asuka_pkmn,,Delphox-Mega,Incineroar,Sneasler,Kingambit,Garchomp,Hydreigon,,MB446
MB445,homura_kurenai_'s Ranked Season M-3 388th Place Team,,homura_kurenai_,,,,Charizardite Y,,,Sitrus Berry,,,Leftovers,,,Life Orb,,,Focus Sash,,,Choice Scarf,,https://pokepast.es/21726db6426cf38c,Yes,Extracted,✔,DAWCU1D6KW,8 Jul 2026,Ranked Season M-3,388th,https://x.com/homura_kurenai_/status/2074805884178558983?s=46,-,-,homura_kurenai_,,Charizard,Incineroar,Toxapex,Venusaur,Annihilape,Garchomp,,MB445
MB444,Yunittoyuni's Ranked Season M-3 409th Place Team,,Yuma Suzuki,,,,Charizardite Y,,,Chople Berry,,,Sitrus Berry,,,Life Orb,,,Leftovers,,,Choice Scarf,,https://pokepast.es/6d7c8cc8fe5de9ec,Yes,Extracted,✔,KLWU8PGGHR,8 Jul 2026,Ranked Season M-3,409th,https://x.com/yunittoyuni/status/2074772181595382264?s=46,https://note.com/legit_hound869/n/n006b2261963c?sub_rt=share_pb,-,yunittoyuni,,Charizard,Incineroar,Pelipper,Venusaur,Archaludon,Hydreigon,,MB444
MB443,ntmgpoke's Ranked Season M-3 469th Place Team,,Megumi Natsu,,,,Aerodactylite,,,Charizardite Y,,,Sitrus Berry,,,Focus Sash,,,Fairy Feather,,,Life Orb,,https://pokepast.es/3fca28a8dcab073d,Yes,Extracted,X,None,8 Jul 2026,Ranked Season M-3,469th,https://x.com/ntmgpoke/status/2074743831254458627?s=46,-,-,ntmgpoke,,Aerodactyl-Mega,Charizard,Farigiraf,Kingambit,Sylveon,Garchomp,,MB443
MB442,Magnetman's Ranked Season M-3 498th Place Team,,Adryan Sutantoso,,,,Staraptite,,,Tyranitarite,,,Leftovers,,,Focus Sash,,,Sitrus Berry,,,Life Orb,,https://pokepast.es/b3ad141773a38c42,Yes,Extracted,✔,KQ87VY4KFT,8 Jul 2026,Ranked Season M-3,498th,https://x.com/MagnetmanVGC/status/2074776795728232876,-,-,MagnetmanVGC,,Staraptor-Mega,Tyranitar-Mega,Milotic,Excadrill,Sinistcha,Gholdengo,,MB442
MB441,clefablepoke's Ranked Season M-3 504th Place Team,,clefablepoke,,,,Delphoxite,,,Sablenite,,,Focus Sash,,,Leftovers,,,Colbur Berry,,,Sitrus Berry,,https://pokepast.es/6da9ca60859e0768,Yes,Extracted,✔,TBEEEBP2QJ,8 Jul 2026,Ranked Season M-3,504th,https://x.com/clefablepoke/status/2074785590395191792?s=46,-,-,clefablepoke,,Delphox-Mega,Sableye-Mega,Sneasler,Overqwil,Meowstic,Klefki,,MB441
MB440,mizuiro's Ranked Season M-3 526th Place Team,,mizuiro,,,,Malamarite,,,Mawilite,,,Life Orb,,,Wide Lens,,,Focus Sash,,,Colbur Berry,,https://pokepast.es/0057a303286c7bdf,Yes,Extracted,✔,X3VUFK0ECU,12 Jul 2026,Ranked Season M-3,526th,https://x.com/mizuiro32163216/status/2076004337814573531?s=46,https://mizuiropokemon.hatenablog.com/entry/2026/07/12/025731,-,mizuiro32163216,,Malamar-Mega,Mawile-Mega,Incineroar,Maushold-Four,Whimsicott,Sinistcha-Masterpiece,,MB440
MB439,iroha_1705's Ranked Season M-3 541st Place Team,,iroha_1705,,,,Gengarite,,,Sitrus Berry,,,Iron Ball,,,Black Glasses,,,Focus Sash,,,Leftovers,,https://pokepast.es/ddb16ac1ad94012f,Yes,Extracted,✔,R876L9RAC4,8 Jul 2026,Ranked Season M-3,541st,https://x.com/iroha_1705/status/2074739808937898273?s=46,-,-,iroha_1705,,Gengar-Mega,Blastoise,Primarina,Grimmsnarl,Tinkaton,Altaria,,MB439
MB438,moscate1oon's Ranked Season M-3 549th Place Team,,moscate1oon,,,,Mawilite,,,Charcoal,,,Life Orb,,,Focus Sash,,,Sitrus Berry,,,Leftovers,,https://pokepast.es/8432819f8a40220e,Yes,Extracted,✔,HBFWJSVS72,11 Jul 2026,Ranked Season M-3,549th,https://x.com/moscate1oon/status/2075927639643365684?s=46,https://note.com/moscate_1oon/n/n9ef561099120?sub_rt=share_pb,-,moscate1oon,,Mawile-Mega,Torkoal,Basculegion-F,Aerodactyl,Farigiraf,Kommo-o,,MB438
MB437,biribirilevel5's Ranked Season M-3 624th Place Team,,biribirilevel5,,,,Blastoisinite,,,Sablenite,,,Leftovers,,,Mental Herb,,,Life Orb,,,Sitrus Berry,,https://pokepast.es/fd906c74597a42de,Yes,Extracted,✔,KYMCTYB5A0,8 Jul 2026,Ranked Season M-3,624th,https://x.com/biribirilevel5/status/2074753604964262211?s=46,-,-,biribirilevel5,,Blastoise-Mega,Sableye-Mega,Overqwil,Meowstic,Grimmsnarl,Klefki,,MB437
MB436,Whitezero2000's Ranked Season M-3 698th Place Team,,Pai Yu-Ping,,,,Delphoxite,,,Tyranitarite,,,Focus Sash,,,Colbur Berry,,,Fairy Feather,,,Sitrus Berry,,https://pokepast.es/bdd521da0badc1f4,Yes,Extracted,✔,9XN6AKWK98,9 Jul 2026,Ranked Season M-3,698th,https://x.com/whitezero2000/status/2075149777147457800?s=46,-,-,whitezero2000,,Delphox-Mega,Tyranitar-Mega,Houndstone,Sinistcha-Masterpiece,Sylveon,Garchomp,,MB436
MB435,Lapras' Ranked Season M-3 774th Place Team,,Lapras,,,,Mawilite,,,Sitrus Berry,,,Life Orb,,,Focus Sash,,,Coba Berry,,,Leftovers,,https://pokepast.es/520319195bcbdfab,Yes,Extracted,X,None,9 Jul 2026,Ranked Season M-3,774th,https://x.com/laprass56131/status/2075209724447142024?s=46,https://laprass56131.hatenablog.com/entry/2026/07/09/220000,-,laprass56131,,Mawile-Mega,Pelipper,Samurott-Hisui,Aerodactyl,Sinistcha,Archaludon,,MB435
MB434,beebee10222's Ranked Season M-3 854th Place Team,,beebee10222,,,,Staraptite,,,Choice Scarf,,,Wacan Berry,,,Focus Sash,,,Sitrus Berry,,,Life Orb,,https://pokepast.es/0be56b2c1205282a,Yes,Extracted,✔,0AY3MX64G1,8 Jul 2026,Ranked Season M-3,854th,https://x.com/beebee10222/status/2074741332120363024?s=46,-,-,beebee10222,,Staraptor-Mega,Basculegion,Pelipper,Excadrill,Sinistcha,Sylveon,,MB434
MB433,Yamamun100's Ranked Season M-3 Team,,Yamamun100,,,,Mawilite,,,Charcoal,,,Focus Sash,,,Wide Lens,,,Choice Scarf,,,Iron Ball,,https://pokepast.es/f88d7c1162d2aa86,Yes,Extracted,X,None,8 Jul 2026,Ranked Season M-3,1361st,https://x.com/Yamamun100/status/2074797959448076747?s=20,-,-,Yamamun100,,Mawile-Mega,Torkoal,Meowscarada,Vileplume,Staraptor,Farigiraf,,MB433
MB432,Decopon's Ranked Season M-3 Team,,Decopon,,,,Scovillainite,,,Staraptite,,,Focus Sash,,,Sitrus Berry,,,Fairy Feather,,,Life Orb,,https://pokepast.es/01f536a7d4c5f0de,Yes,Extracted,✔,6AF5H05M6K,10 Jul 2026,Ranked Season M-3,1961st,https://x.com/decopon_poke/status/2075593058213929139?s=46,https://pokesol.app/u/decopon_poke/articles/15330a4c45baf233,-,decopon_poke,,Scovillain-Mega,Staraptor-Mega,Meowscarada,Cofagrigus,Sylveon,Dragapult,,MB432
MB431,inonoino_ch's Ranked Season M-3 Team,,inonoino_ch,,,,Garchompite,,,Charizardite Y,,,Charcoal,,,Choice Scarf,,,Focus Sash,,,Life Orb,,https://pokepast.es/d49684ca653abeb6,Yes,Extracted,✔,UMXPBKXUC0,8 Jul 2026,Ranked Season M-3,2150th,https://x.com/inonoino_ch/status/2074811368914776243?s=46,-,-,inonoino_ch,,Garchomp-Mega,Charizard,Torkoal,Staraptor,Whimsicott,Sylveon,,MB431
MB430,miyamae's Ranked Season M-3 Team,,miyamae,,,,Floettite,,,Charizardite Y,,,Life Orb,,,Focus Sash,,,Chople Berry,,,Sitrus Berry,,https://pokepast.es/1430b8b339512ebf,Yes,Extracted,X,None,8 Jul 2026,Ranked Season M-3,2299th,https://x.com/miyamae_games/status/2074800793413378237?s=46,-,-,miyamae_games,,Floette-Eternal-Mega,Charizard,Basculegion,Whimsicott,Kingambit,Garchomp,,MB430
MB429,surface_tremble's Ranked Season M-3 Team,,surface_tremble,,,,Blastoisinite,,,Kangaskhanite,,,Charcoal,,,Focus Sash,,,Sitrus Berry,,,Life Orb,,https://pokepast.es/356c14c4d2d80b49,Yes,Extracted,✔,79F39V3P79,8 Jul 2026,Ranked Season M-3,2731st,https://x.com/surface_tremble/status/2074771886148567088?s=46,-,-,surface_tremble,,Blastoise-Mega,Kangaskhan-Mega,Torkoal,Basculegion,Farigiraf,Sylveon,,MB429
MB428,eRennPokemon's Ranked Season M-3 Team,,eRennPokemon,,,,Blastoisinite,,,Mawilite,,,Charcoal,,,Iron Ball,,,Choice Scarf,,,Sitrus Berry,,https://pokepast.es/3c1a89203b8c9baa,Yes,Extracted,✔,6SU5GAQYVW,8 Jul 2026,Ranked Season M-3,,https://x.com/eRennPokemon/status/2074795631256989879?s=20,https://pokesol.app/u/eren_pokemon/articles/0680f702658facbf,-,eRennPokemon,,Blastoise-Mega,Mawile-Mega,Torkoal,Sneasler,Vivillon-Fancy,Farigiraf,,MB428
MB427,oh_oshiruko's Pyroar Aerodactyl Team,,oh_oshiruko,,,,Aerodactylite,,,Pyroarite,,,Charcoal,,,Life Orb,,,Sitrus Berry,,,Fairy Feather,,https://pokepast.es/4cfb8b413b418780,Yes,Extracted,✔,VQJQ3LT4WK,7 Jul 2026,-,,https://x.com/oh_oshiruko/status/2074520177946062935?s=46,-,-,oh_oshiruko,,Aerodactyl-Mega,Pyroar-Mega,Torkoal,Venusaur,Farigiraf,Sylveon,,MB427
MB426,trueburna's Delphox Floette Team,,trueburna,,,,Delphoxite,,,Floettite,,,Sitrus Berry,,,Focus Sash,,,Occa Berry,,,Black Glasses,,https://pokepast.es/2da399d30410a023,Yes,Extracted,✔,TCPHXGKYJQ,8 Jul 2026,-,,https://x.com/trueburna/status/2074588033957933293?s=46,-,-,trueburna,,Delphox-Mega,Floette-Eternal-Mega,Incineroar,Sneasler,Sinistcha,Kingambit,,MB426
MB425,duskullbf's Mawile Mr. Rime Team,,duskullbf,,,,Mawilite,,,Life Orb,,,Sitrus Berry,,,Iron Ball,,,Wide Lens,,,Twisted Spoon,,https://pokepast.es/f6abae37dcb0a6a5,Yes,Extracted,✔,C2DN5W0K76,8 Jul 2026,-,,https://x.com/duskullbf/status/2074569514063376765?s=46,-,-,duskullbf,,Mawile-Mega,Torkoal,Azumarill,Mr. Rime,Maushold-Four,Farigiraf,,MB425
MB424,DjSanders' Metagross Eelektross Team,,DjSanders,,,,Eelektrossite,,,Metagrossite,,,Sitrus Berry,,,Focus Sash,,,Life Orb,,,Choice Scarf,,https://pokepast.es/a18b6d1bfc9871fe,Yes,Extracted,✔,597FCT3PLS,8 Jul 2026,-,,Discord Submission,-,-,djsanders,,Eelektross-Mega,Metagross-Mega,Basculegion,Whimsicott,Garchomp,Hydreigon,,MB424
MB423,LordKraboss' Raichu-Y Tyranitar Team,,LordKraboss,,,,Raichunite Y,,,Tyranitarite,,,Life Orb,,,Focus Sash,,,Choice Scarf,,,White Herb,,https://pokepast.es/9e447be12c2fbc70,Yes,Owner's,✔,TY4G20W3PQ,8 Jul 2026,-,,https://x.com/LordKraboss/status/2074576249746264229,-,-,LordKraboss,,Raichu-Mega-Y,Tyranitar-Mega,Talonflame,Basculegion,Meowscarada,Kleavor,,MB423
MB422,victryena's Mawile Decidueye HTR Team,,victryena,,,,Mawilite,,,Charcoal,,,Life Orb,,,Silk Scarf,,,Focus Sash,,,Sitrus Berry,,https://pokepast.es/7f6c8e4b1e78dc5b,Yes,Extracted,✔,GAMEVJP996,7 Jul 2026,-,,https://x.com/victryena/status/2074513610609733970?s=46,-,-,victryena,,Mawile-Mega,Torkoal,Decidueye-Hisui,Kangaskhan,Maushold-Four,Farigiraf,,MB422
MB421,BattleRoom's Raichu-Y Gholdengo Team,,Collin Heier,,,,Raichunite Y,,,Sharp Beak,,,Focus Sash,,,White Herb,,,Life Orb,,,Fairy Feather,,https://pokepast.es/4acbefd0b90556cf,Yes,Extracted,✔,WTRPK58TAD,8 Jul 2026,Video,,https://www.youtube.com/watch?v=Yc_b7P_uyMA,-,-,BattleRoom,,Raichu-Mega-Y,Talonflame,Mamoswine,Sneasler,Gholdengo,Sylveon,,MB421
MB420,marcofiero's VR Champions Arena II Champion Team,,Marco Silva,,,,Charizardite Y,,,Charcoal,,,Focus Sash,,,Sitrus Berry,,,Fairy Feather,,,Life Orb,,https://pokepast.es/52b7c915b7ea1aab,No,Extracted,X,None,5 Jul 2026,VR Champions Arena II,Champion,https://x.com/marc0fier0/status/2073868947787567314,-,https://victoryroad.pro/vr-champions-arena-2/,marc0fier0,,Charizard,Incineroar,Aerodactyl,Farigiraf,Sylveon,Garchomp,,MB420
MB419,Dimsunlight's VR Champions Arena II Runner Up Team,,Toler Webb,,,,Floettite,,,Charizardite Y,,,Mystic Water,,,Focus Sash,,,Chople Berry,,,Life Orb,,https://pokepast.es/fc2acbd1494a3b8e,No,Extracted,X,None,5 Jul 2026,VR Champions Arena II,Runner Up,https://x.com/Dimsunlight/status/2073858700180124152,-,https://victoryroad.pro/vr-champions-arena-2/,Dimsunlight,,Floette-Eternal-Mega,Charizard,Basculegion,Whimsicott,Kingambit,Garchomp,,MB419
MB418,Tabu's VR Champions Arena II Top 4 Team,,Jorge Tabuyo,,,,Blastoisinite,,,Floettite,,,Sitrus Berry,,,Focus Sash,,,Occa Berry,,,Life Orb,,https://pokepast.es/307be1728b24f5f7,No,Extracted,X,None,5 Jul 2026,VR Champions Arena II,3rd,https://x.com/Tabu__24/status/2073849203118194930,-,https://victoryroad.pro/vr-champions-arena-2/,Tabu__24,,Blastoise-Mega,Floette-Eternal-Mega,Incineroar,Sneasler,Sinistcha,Kingambit,,MB418
MB417,NikolajHoej's VR Champions Arena II Top 4 Team,,Nikolaj Høj Nielsen,,,,Aerodactylite,,,Charizardite Y,,,Sitrus Berry,,,Focus Sash,,,Fairy Feather,,,Life Orb,,https://pokepast.es/cf96601b598cf9dc,Yes,Owner's,X,None,6 Jul 2026,VR Champions Arena II,4th,https://x.com/nikolajhoej/status/2073851394608488680?s=46,-,https://victoryroad.pro/vr-champions-arena-2/,nikolajhoej,,Aerodactyl-Mega,Charizard,Farigiraf,Kingambit,Sylveon,Garchomp,,MB417
MB416,MattieMoo's VR Champions Arena II Top 8 Team,,Mattie Morgan,,,,Floettite,,,Charizardite Y,,,Mystic Water,,,Focus Sash,,,Chople Berry,,,Life Orb,,https://pokepast.es/6f4b24415afcb1c7,No,Extracted,X,None,5 Jul 2026,VR Champions Arena II,5th,https://x.com/MattieMooVGC/status/2073888882194595866,-,https://victoryroad.pro/vr-champions-arena-2/,MattieMooVGC,,Floette-Eternal-Mega,Charizard,Basculegion,Whimsicott,Kingambit,Garchomp,,MB416
MB415,Francesco Pio Pero's VR Champions Arena II Top 8 Team,,Francesco Pio Pero,,,,Aerodactylite,,,Charizardite Y,,,Sitrus Berry,,,Focus Sash,,,Fairy Feather,,,Life Orb,,https://pokepast.es/48f55616062752e0,No,Extracted,X,None,5 Jul 2026,VR Champions Arena II,6th,https://x.com/frpio_pero/status/2073837639065653397,-,https://victoryroad.pro/vr-champions-arena-2/,frpio_pero,,Aerodactyl-Mega,Charizard,Farigiraf,Kingambit,Sylveon,Garchomp,,MB415
MB414,Juan Lucin's VR Champions Arena II Top 8 Team,,Juan Lucin,,,,Blastoisinite,,,Delphoxite,,,Sitrus Berry,,,Focus Sash,,,Occa Berry,,,Black Glasses,,https://pokepast.es/76a3d87869cf7fd7,No,Extracted,X,None,5 Jul 2026,VR Champions Arena II,7th,https://x.com/slucin03,-,https://victoryroad.pro/vr-champions-arena-2/,Manual Entry,,Blastoise-Mega,Delphox-Mega,Incineroar,Sneasler,Sinistcha,Kingambit,,MB414
MB413,Desu's VR Champions Arena II Top 8 Team,,Nico Davide Cognetta,,,,Blastoisinite,,,Delphoxite,,,Sitrus Berry,,,Focus Sash,,,Chople Berry,,,Kasib Berry,,https://pokepast.es/18296ccd2e5e15dc,Yes,Extracted,✔,G6SGUYALMY,6 Jul 2026,VR Champions Arena II,8th,https://x.com/desuvgc/status/2073854827294015552?s=46,-,https://victoryroad.pro/vr-champions-arena-2/,desuvgc,,Blastoise-Mega,Delphox-Mega,Incineroar,Sneasler,Maushold-Four,Sinistcha,,MB413
MB412,zeen's VR Champions Arena II Top 16 Team,,Shohei Kimura,,,,Charizardite Y,,,Sitrus Berry,,,Life Orb,,,Focus Sash,,,Fairy Feather,,,Choice Scarf,,https://pokepast.es/b0c3f6e49933b276,No,Extracted,X,None,5 Jul 2026,VR Champions Arena II,9th,https://x.com/zeen172M/status/2073816798366208373,-,https://victoryroad.pro/vr-champions-arena-2/,zeen172M,,Charizard,Incineroar,Venusaur,Mamoswine,Sylveon,Garchomp,,MB412
MB411,Akira Kimura's VR Champions Arena II Top 16 Team,,Akira Kimura,,,,Floettite,,,Sitrus Berry,,,Choice Scarf,,,Focus Sash,,,Life Orb,,,Leftovers,,https://pokepast.es/0771fbe649990ffd,No,Extracted,X,None,5 Jul 2026,VR Champions Arena II,10th,https://x.com/_PRPRnoAB_/status/2073863356273037348,-,https://victoryroad.pro/vr-champions-arena-2/,_PRPRnoAB_,,Floette-Eternal-Mega,Incineroar,Basculegion,Sneasler,Kingambit,Tinkaton,,MB411
MB410,Guilherme Queiroz's VR Champions Arena II Top 16 Team,,Guilherme Queiroz,,,,Floettite,,,Scovillainite,,,Life Orb,,,Sitrus Berry,,,Light Clay,,,Leftovers,,https://pokepast.es/b853818f23f44afa,No,Extracted,X,None,5 Jul 2026,VR Champions Arena II,11th,https://x.com/queirozeco/status/2073832745466311081,-,https://victoryroad.pro/vr-champions-arena-2/,queirozeco,,Floette-Eternal-Mega,Scovillain-Mega,Basculegion,Pelipper,Grimmsnarl,Archaludon,,MB410
MB409,Ren Kawakubo's VR Champions Arena II Top 16 Team,,Ren Kawakubo,,,,Metagrossite,,,Charizardite Y,,,Leftovers,,,Occa Berry,,,Roseli Berry,,,Sitrus Berry,,https://pokepast.es/078fe85a1c137c24,No,Extracted,X,None,5 Jul 2026,VR Champions Arena II,12th,https://x.com/R3nVGC/status/2074058318977679753,-,https://victoryroad.pro/vr-champions-arena-2/,R3nVGC,,Metagross-Mega,Charizard,Toxapex,Kingambit,Grimmsnarl,Garchomp,,MB409
MB408,Lorenzo Antognoni's VR Champions Arena II Top 16 Team,,Lorenzo Antognoni,,,,Blastoisinite,,,Delphoxite,,,Sitrus Berry,,,Focus Sash,,,Occa Berry,,,Black Glasses,,https://pokepast.es/a359ccdf7d53e5c1,No,Extracted,X,None,5 Jul 2026,VR Champions Arena II,13th,https://x.com/DubiousBulb1033/status/2073832922172240049,-,https://victoryroad.pro/vr-champions-arena-2/,DubiousBulb1033,,Blastoise-Mega,Delphox-Mega,Incineroar,Sneasler,Sinistcha,Kingambit,,MB408
MB407,José Francisco Gálvez's VR Champions Arena II Top 16 Team,,José Francisco Gálvez,,,,Aerodactylite,,,Charizardite Y,,,Sitrus Berry,,,Focus Sash,,,Fairy Feather,,,Life Orb,,https://pokepast.es/4df40e818abd90e2,No,Extracted,X,None,5 Jul 2026,VR Champions Arena II,14th,https://x.com/CerealesIsTaken/status/2073831063080542263,-,https://victoryroad.pro/vr-champions-arena-2/,CerealesIsTaken,,Aerodactyl-Mega,Charizard,Farigiraf,Kingambit,Sylveon,Garchomp,,MB407
MB406,KURO's VR Champions Arena II Top 16 Team,,Masayoshi Kuroo,,,,Blastoisinite,,,Delphoxite,,,Sitrus Berry,,,Focus Sash,,,Kasib Berry,,,Black Glasses,,https://pokepast.es/526060c8e33f1ea1,No,Extracted,X,None,5 Jul 2026,VR Champions Arena II,15th,https://x.com/f_kc56/status/2073824253334696015,-,https://victoryroad.pro/vr-champions-arena-2/,f_kc56,,Blastoise-Mega,Delphox-Mega,Incineroar,Sneasler,Sinistcha,Kingambit,,MB406
MB405,Théotime Massaut's VR Champions Arena II Top 16 Team,,Théotime Massaut,,,,Blastoisinite,,,Delphoxite,,,Sitrus Berry,,,Focus Sash,,,Occa Berry,,,Black Glasses,,https://pokepast.es/21524442c868f970,No,Extracted,X,None,5 Jul 2026,VR Champions Arena II,16th,https://x.com/DidiVGC/status/2073818542399480056,-,https://victoryroad.pro/vr-champions-arena-2/,DidiVGC,,Blastoise-Mega,Delphox-Mega,Incineroar,Sneasler,Sinistcha,Kingambit,,MB405
MB404,samuvgc_'s VR Champions Arena II Top 32 Team,,samuvgc_,,,,Floettite,,,Charizardite Y,,,Life Orb,,,Focus Sash,,,Black Glasses,,,Sitrus Berry,,https://pokepast.es/403dd2e8b7b1dd0f,Yes,Owner's,✔,RAS831FYEX,6 Jul 2026,VR Champions Arena II,21st,https://x.com/samuvgc_/status/2073848148775035178?s=46,-,https://victoryroad.pro/vr-champions-arena-2/,samuvgc_,,Floette-Eternal-Mega,Charizard,Basculegion,Whimsicott,Kingambit,Garchomp,,MB404
MB403,BravadoVGC's BBCI Top 8 Team,,Konnar Betts,,,,Mawilite,,,Pyroarite,,,Charcoal,,,Life Orb,,,Silk Scarf,,,Colbur Berry,,https://pokepast.es/6eb1815de4b3d61d,Yes,Owner's,✔,U79SNN8HSQ,6 Jul 2026,BlazyBard Creator Inferno,Top 8,https://x.com/That_Bravado/status/2073800707858448605?s=20,-,-,That_Bravado,,Mawile-Mega,Pyroar-Mega,Torkoal,Decidueye-Hisui,Kangaskhan,Farigiraf,,MB403
MB402,TalonMasterJ's BBCI Top 8 Team,,Joe Carlino,,,,Aerodactylite,,,Blazikenite,,,Leftovers,,,Sitrus Berry,,,Life Orb,,,Fairy Feather,,https://pokepast.es/b9853f27dd7eee85,Yes,Extracted,✔,K6DDXYYJV3,5 Jul 2026,BlazyBard Creator Inferno,Top 8,https://x.com/joecarlino14/status/2073787572078174497?s=46&t=iKljDNcQZPN0DbRs8wkXyQ,-,-,joecarlino14,,Aerodactyl-Mega,Blaziken-Mega,Torkoal,Basculegion,Kingambit,Sylveon,,MB402
MB401,jessditta's BBCI Top 8 Team,,jessditta,,,,Froslassite,,,Swampertite,,,Focus Sash,,,Choice Scarf,,,Kasib Berry,,,Leftovers,,https://pokepast.es/33adaa1e1cea3e7c,Yes,Extracted,✔,XK57JTPBTX,5 Jul 2026,BlazyBard Creator Inferno,Top 8,https://x.com/jessditta/status/2073465486566924346?s=46,-,-,jessditta,,Froslass-Mega,Swampert-Mega,Pelipper,Kleavor,Sinistcha,Archaludon,,MB401
MB400,aquamarinevgc's BBCI Top 16 Team,,aquamarinevgc,,,,Blazikenite,,,Froslassite,,,Leftovers,,,Silk Scarf,,,Miracle Seed,,,Never-Melt Ice,,https://pokepast.es/7fb20a7940d8b48a,Yes,Extracted,✔,KH7R07B4C2,10 Jul 2026,BlazyBard Creator Inferno,Top 16,https://x.com/aquamarinevgc/status/2075315612600180832?s=46,-,-,aquamarinevgc,,Blaziken-Mega,Froslass-Mega,Milotic,Kangaskhan,Sinistcha,Ninetales-Alola,,MB400
MB399,AlphaToronado's Khun's Champions Cup #2 Top 4 Team,,Enrico Comentan,,,,Charizardite Y,,,Choice Scarf,,,Quick Claw,,,Focus Sash,,,Leftovers,,,Life Orb,,https://pokepast.es/48dd1bb49c1e65d9,Yes,Extracted,✔,J3JLKQYSV6,6 Jul 2026,Khun's Champions Cup #2,3rd,https://x.com/alphatoronado/status/2073815911413510474?s=46,-,-,alphatoronado,,Charizard,Basculegion,Pelipper,Whimsicott,Archaludon,Garchomp,,MB399
MB398,Giancarlo's Khun's Champions Cup #2 Top 8 Team,,Giancarlo Abiera,,,,Aerodactylite,,,Charizardite Y,,,Colbur Berry,,,Black Glasses,,,Fairy Feather,,,Life Orb,,https://pokepast.es/3581716f5529ff84,Yes,Extracted,✔,PFUXP1KL7T,5 Jul 2026,Khun's Champions Cup #2,8th,https://x.com/giancarloabiera/status/2073764471735247295?s=46,-,-,giancarloabiera,,Aerodactyl-Mega,Charizard,Farigiraf,Kingambit,Sylveon,Garchomp,,MB398
MB397,dizvgc's KCJ Exchange Tour Team,,dizvgc,,,,Floettite,,,Charizardite Y,,,Life Orb,,,Focus Sash,,,Black Glasses,,,Sitrus Berry,,https://pokepast.es/1201a677ef0714fe,Yes,Extracted,✔,QBHN9HPTJM,6 Jul 2026,Korea-China-Japan Exchange Tour,,https://x.com/dizvgc/status/2073803035894259878?s=46,-,-,dizvgc,,Floette-Eternal-Mega,Charizard,Basculegion,Whimsicott,Kingambit,Garchomp,,MB397
MB396,yurineptcg's KCJ Exchange Tour Team,,yurineptcg,,,,Froslassite,,,Colbur Berry,,,Sitrus Berry,,,Leftovers,,,Focus Sash,,,Black Glasses,,https://pokepast.es/07db74d1511276f1,Yes,Extracted,✔,TS283AY23H,5 Jul 2026,Korea-China-Japan Exchange Tour,,https://x.com/yurineptcg/status/2073787284068143247?s=46,-,-,yurineptcg,,Froslass-Mega,Ceruledge,Incineroar,Milotic,Sneasler,Kingambit,,MB396
MB395,fireb7799's Chandelure Starmie Team,,fireb7799,,,,Chandelurite,,,Choice Scarf,,,Wide Lens,,,Focus Sash,,,Chople Berry,,,Life Orb,,https://pokepast.es/927bf041fa43db7c,Yes,Extracted,✔,LUBS8K9JCY,6 Jul 2026,-,,https://x.com/fireb7799/status/2069970514341433448?s=46,-,-,fireb7799,,Chandelure-Mega,Starmie,Tsareena,Whimsicott,Kingambit,Garchomp,,MB395
MB394,punihina1334's Charizard-Y Mawile Team,,punihina1334,,,,Mawilite,,,Charizardite Y,,,Passho Berry,,,Choice Scarf,,,Sitrus Berry,,,Life Orb,,https://pokepast.es/12d8c79608410e84,Yes,Extracted,✔,HNBXU3D6MK,7 Jul 2026,-,,https://x.com/punihina1334/status/2074334016644214915?s=46,-,-,punihina1334,,Mawile-Mega,Charizard,Incineroar,Basculegion,Farigiraf,Garchomp,,MB394
MB393,latethannever7's Delphox Floette Team,,latethannever7,,,,Delphoxite,,,Floettite,,,Life Orb,,,Focus Sash,,,Black Glasses,,,Sitrus Berry,,https://pokepast.es/30b363cd6f46f339,Yes,Extracted,✔,MX469KCW44,6 Jul 2026,-,,https://x.com/latethannever7/status/2074153467829170258?s=46,-,-,latethannever7,,Delphox-Mega,Floette-Eternal-Mega,Basculegion,Sneasler,Kingambit,Garchomp,,MB393
MB392,bomuburi's Charizard-Y Blastoise Team,,bomuburi,,,,Blastoisinite,,,Charizardite Y,,,Wide Lens,,,Choice Scarf,,,Focus Sash,,,Life Orb,,https://pokepast.es/ff355b2dadfd0881,Yes,Extracted,✔,9SRG04XB18,4 Jul 2026,-,,https://x.com/bomuburi/status/2073131031683813645?s=46,-,-,bomuburi,,Blastoise-Mega,Charizard,Maushold-Four,Vivillon,Whimsicott,Garchomp,,MB392
MB391,kayato_vgc's Metagross Typhlosion-Hisui Team,,kayato_vgc,,,,Metagrossite,,,Choice Scarf,,,Wacan Berry,,,White Herb,,,Focus Sash,,,Life Orb,,https://pokepast.es/ed9a1ba91a781507,Yes,Extracted,✔,TCA8MVKDDU,6 Jul 2026,-,,https://x.com/kayato_vgc/status/2074058851171873108?s=46,-,-,kayato_vgc,,Metagross-Mega,Typhlosion-Hisui,Gyarados,Sneasler,Whimsicott,Garchomp,,MB391
MB390,NikyuAlex's Raichu-Y Sinistcha Team,,Alessio Fuscà,,,,Delphoxite,,,Raichunite Y,,,Leftovers,,,Focus Sash,,,Occa Berry,,,Black Glasses,,https://pokepast.es/a468be948a6c864e,Yes,Owner's,✔,Q7G9GFVL9E,6 Jul 2026,Team Report,,https://x.com/NikyuAlex/status/2074083577503891690?s=20,https://metafy.gg/guides/view/im-a-healer-but-dot-dot-dot-a-new-way-to-p-jd6tiV26Du9,-,NikyuAlex,,Delphox-Mega,Raichu-Mega-Y,Milotic,Sneasler,Sinistcha,Kingambit,,MB390
MB389,takusako_seed's Recreation of ansena's Pyroar Scrafty Team,,takusako_seed,,,,Pyroarite,,,Scraftinite,,,Heat Rock,,,Life Orb,,,Focus Sash,,,Sitrus Berry,,https://pokepast.es/1be66327a8ac8e91,Yes,Extracted,✔,LHXAKH20NC,5 Jul 2026,-,,https://x.com/takusako_seed/status/2073603028641628621?s=20,-,-,takusako_seed,,Pyroar-Mega,Scrafty-Mega,Torkoal,Venusaur,Mamoswine,Farigiraf,,MB389
MB388,Viera's Raichu-Y Venusaur Team,,Shoma Honami,,,,Venusaurite,,,Sitrus Berry,,,Raichunite Y,,,Focus Sash,,,Light Clay,,,Leftovers,,https://pokepast.es/7ad363fa308674fd,Yes,Extracted,✔,QCM1XPQ1A4,5 Jul 2026,Video,,https://x.com/SHADEviera/status/2073784508198076635,https://www.youtube.com/watch?v=SHca1zFuv2E,-,SHADEviera,,Venusaur-Mega,Pelipper,Raichu-Mega-Y,Aerodactyl,Grimmsnarl,Archaludon,,MB388
MB387,JoeUX9's Sableye Overqwil Team,,Joseph Ugarte,,,,Delphoxite,,,Sablenite,,,Focus Sash,,,Leftovers,,,Bright Powder,,,Sitrus Berry,,https://pokepast.es/d2c63409b4145ad6,Yes,Extracted,✔,QAWUG0LW4U,3 Jul 2026,-,,https://www.patreon.com/joeux9/posts/free-team-of-162713455,-,-,joeux9,,Delphox-Mega,Sableye-Mega,Sneasler,Overqwil,Meowstic,Klefki,,MB387
MB386,abelpoke49r's Gardevoir Maushold Team,,abelpoke49r,,,,Gardevoirite,,,Sharp Beak,,,Chople Berry,,,Focus Sash,,,Roseli Berry,,,Choice Scarf,,https://pokepast.es/ec3f1186fd68b9ba,Yes,Extracted,✔,QPKV2X8HYX,5 Jul 2026,-,,https://x.com/abelpoke49r/status/2073719968974434488?s=46,-,-,abelpoke49r,,Gardevoir-Mega,Talonflame,Maushold-Four,Kingambit,Grimmsnarl,Garchomp,,MB386
MB385,mcampbell1008's Froslass Blaziken Team,,mcampbell1008,,,,Froslassite,,,Passho Berry,,,Charizardite Y,,,Leftovers,,,Focus Sash,,,Choice Scarf,,https://pokepast.es/b5b4a0c7a6185284,Yes,Extracted,✔,TJV03DT3AY,5 Jul 2026,-,,https://x.com/mcampbell1008/status/2073552704173973675?s=20,-,-,mcampbell1008,,Froslass-Mega,Blaziken,Charizard,Toxapex,Kingambit,Garchomp,,MB385
MB384,greyfox302's Mawile HTR Team,,greyfox302,,,,Mawilite,,,Charcoal,,,Leftovers,,,Focus Sash,,,Silk Scarf,,,Sitrus Berry,,https://pokepast.es/bd0c8a6669250b04,Yes,Extracted,✔,K38KSCF1JY,5 Jul 2026,-,,https://x.com/greyfox302/status/2073616834490769662?s=46,-,-,greyfox302,,Mawile-Mega,Torkoal,Milotic,Lycanroc-Dusk,Kangaskhan,Farigiraf,,MB384
MB383,Wolfey's Sitrus Series #64 Runner Up Team,,Wolfe Glick,,,,Floettite,,,Pyroarite,,,White Herb,,,Charcoal,,,Focus Sash,,,Sitrus Berry,,https://pokepast.es/e475bf46b1880293,Yes,Extracted,✔,A88CG8G3KT,4 Jul 2026,Sitrus Series #64,Runner Up,https://youtu.be/4ozQrSHlFWw?si=i2CECOuiDiiV7FRR,-,-,WolfeyGlick,,Floette-Eternal-Mega,Pyroar-Mega,Incineroar,Torkoal,Vileplume,Farigiraf,,MB383
MB382,anboxing's Kangaskhan Toxapex Team,,anboxing,,,,Kangaskhanite,,,Bright Powder,,,Leftovers,,,Focus Sash,,,Choice Scarf,,,Big Root,,https://pokepast.es/1cc7218362209428,Yes,Extracted,X,None,4 Jul 2026,-,,https://x.com/anboxing11/status/2073374102811730074?s=46&t=WmXEnVa3rTSw0P9A0n6S3Q,-,-,anboxing11,,Kangaskhan-Mega,Milotic,Toxapex,Sneasler,Ditto,Sinistcha,,MB382
MB381,evenushinata's Raichu-Y Scolipede Team,,evenushinata,,,,Scolipite,,,Colbur Berry,,,Leftovers,,,Raichunite Y,,,Focus Sash,,,Kasib Berry,,https://pokepast.es/a0ca11cb7fb461c0,Yes,Extracted,✔,N7JQ2QEM9N,4 Jul 2026,-,,https://x.com/evenushinata/status/2073298630367228214?s=46,-,-,evenushinata,,Scolipede-Mega,Ceruledge,Milotic,Raichu-Mega-Y,Weavile,Sinistcha,,MB381
MB380,ykoooow's Staraptor Volcarona Team,,ykoooow,,,,Staraptite,,,Choice Scarf,,,Focus Sash,,,Twisted Spoon,,,Coba Berry,,,Life Orb,,https://pokepast.es/685f6d537c4c127f,Yes,Extracted,✔,N9YBJQCY21,4 Jul 2026,-,,https://x.com/ykoooow/status/2073409970473996371?s=46,-,-,ykoooow,,Staraptor-Mega,Volcarona,Lycanroc-Dusk,Farigiraf,Sinistcha,Kingambit,,MB380
MB379,lix12_poke's Aerodactyl Sylveon Team,,lix12_poke,,,,Aerodactylite,,,Focus Sash,,,White Herb,,,Life Orb,,,Fairy Feather,,,Sitrus Berry,,https://pokepast.es/a0ac4ec799c2e3d1,Yes,Extracted,✔,0GUC219U4C,4 Jul 2026,-,,https://x.com/lix12_poke/status/2073401066260177155?s=46,-,-,lix12_poke,,Aerodactyl-Mega,Basculegion,Sneasler,Kingambit,Sylveon,Garchomp,,MB379
MB378,BTrickroomZ's Charizard-Y Raichu-Y Team,,Yuta Ishigaki,,,,Colbur Berry,,,Charizardite Y,,,Leftovers,,,Raichunite Y,,,Roseli Berry,,,Never-Melt Ice,,https://pokepast.es/93009d9d5a7040b1,Yes,Extracted,✔,XR0QSBTYPE,4 Jul 2026,-,,https://x.com/BTrickroomZ/status/2073345359427019184,-,-,BTrickroomZ,,Ceruledge,Charizard,Incineroar,Raichu-Mega-Y,Grimmsnarl,Ninetales-Alola,,MB378
MB377,DragonairJordan's Excadrill Altaria Team,,Elijah Gardner,,,,Excadrite,,,Venusaurite,,,Sitrus Berry,,,Leftovers,,,Light Clay,,,Roseli Berry,,https://pokepast.es/46565ca7769ff8d8,Yes,Extracted,✔,CLGWN8QUJJ,4 Jul 2026,-,,https://x.com/dragonairj/status/2073186170540859569?s=46,https://x.com/dragonairj/status/2073190899001995325?s=46,-,dragonairj,,Excadrill-Mega,Venusaur-Mega,Incineroar,Milotic,Grimmsnarl,Altaria,,MB377
MB376,Darts' Charizard-Y Floette Team,,Christopher H.,,,,Floettite,,,Charizardite Y,,,Mystic Water,,,Focus Sash,,,Black Glasses,,,Sitrus Berry,,https://pokepast.es/2052d47571441888,Yes,Owner's,✔,Q1E4BY75UK,4 Jul 2026,-,,https://x.com/dartsvg/status/2073156892168228988?s=46,-,-,dartsvg,,Floette-Eternal-Mega,Charizard,Basculegion,Whimsicott,Kingambit,Garchomp,,MB376
MB375,alcana's Charizard-Y Metagross Team,,Kiwamu Endo,,,,Metagrossite,,,Charizardite Y,,,Wide Lens,,,Focus Sash,,,Fairy Feather,,,Life Orb,,https://pokepast.es/e8a236cfa95dc439,Yes,Extracted,✔,HJJHY3VWKR,4 Jul 2026,-,,https://x.com/alcana_10906/status/2073136196256231689?s=46,-,-,alcana_10906,,Metagross-Mega,Charizard,Tsareena,Aerodactyl,Sylveon,Garchomp,,MB375
MB374,Gunge's Kangaskhan Chandelure Team,,Gunge,,,,Kangaskhanite,,,Sitrus Berry,,,Expert Belt,,,Focus Sash,,,Chople Berry,,,Life Orb,,https://pokepast.es/3ab9cf2579389c1b,Yes,Owner's,✔,CGTJPE4EAF,4 Jul 2026,Team Report,,https://teamsheet.gg/t/chandelure-trick-room-redux-champion-tier-nzu159,-,-,Gunge,,Kangaskhan-Mega,Basculegion,Gallade,Chandelure,Kingambit,Kommo-o,,MB374
MB373,Shunsuke's Charizard-Y Floette Team,,Shunsuke,,,,Floettite,,,Charizardite Y,,,Life Orb,,,Focus Sash,,,Black Glasses,,,Roseli Berry,,https://pokepast.es/6241b2d38c229e8c,Yes,Extracted,✔,54PXXA0JNM,3 Jul 2026,-,,https://x.com/shunsuke_2510/status/2073054798598009084?s=46,-,-,shunsuke_2510,,Floette-Eternal-Mega,Charizard,Basculegion,Whimsicott,Kingambit,Garchomp,,MB373
MB372,dodoriosiriru's Charizard-Y Raichu-Y Team,,Hijito Kihara,,,,Charizardite Y,,,Focus Sash,,,Raichunite Y,,,Sitrus Berry,,,Life Orb,,,Roseli Berry,,https://pokepast.es/4f481e6532d12b64,Yes,Extracted,✔,PTF1KG3JJL,3 Jul 2026,-,,https://x.com/dodoriosiriru/status/2072969996222009758?s=46,-,-,dodoriosiriru,,Charizard,Basculegion,Raichu-Mega-Y,Farigiraf,Gholdengo,Grimmsnarl,,MB372
MB371,sblazquezn's Charizard-Y Gholdengo Team,,sblazquezn,,,,Charizardite Y,,,Mystic Water,,,White Herb,,,Focus Sash,,,Metal Coat,,,Life Orb,,https://pokepast.es/e266826768fd155b,Yes,Extracted,✔,PVV44A0WCR,2 Jul 2026,-,,https://x.com/sblazquezn/status/2072670450484695473?s=46,-,-,sblazquezn,,Charizard,Basculegion,Sneasler,Whimsicott,Gholdengo,Garchomp,,MB371
MB370,rennyvgc's Mawile Gallade Team,,rennyvgc,,,,Mawilite,,,Life Orb,,,Charcoal,,,Expert Belt,,,Focus Sash,,,Sitrus Berry,,https://pokepast.es/d327b444316f19a0,Yes,Extracted,✔,2PBXB84UVE,2 Jul 2026,-,,https://x.com/rennyvgc/status/2072640620284518771?s=46,-,-,rennyvgc,,Mawile-Mega,Incineroar,Torkoal,Gallade,Vivillon,Farigiraf,,MB370
MB369,Davyd's Wartortles Wednesdays #64 Top 8 Team,,Davyd Pustovit,,,,Crabominite,,,Gardevoirite,,,Charcoal,,,Chople Berry,,,Focus Sash,,,Life Orb,,https://pokepast.es/f55c1311efce8e0d,Yes,Extracted,✔,NKKEP21YQL,2 Jul 2026,Wartortles Wednesdays #64,6th,https://x.com/davibayvgc/status/2072612600299352329?s=46,-,-,davibayvgc,,Crabominable-Mega,Gardevoir-Mega,Torkoal,Maushold-Four,Meowstic,Kingambit,,MB369
MB368,NoahGuyVGC's The Wide League Saturday Rumble #87 Runner Up Team,,Noah Smith,,,,Cameruptite,,,Pyroarite,,,Life Orb,,,Focus Sash,,,Silk Scarf,,,Colbur Berry,,https://pokepast.es/e8e8c94abcd9c821,Yes,Owner's,✔,QG0SFUDNJ4,3 Jul 2026,The Wide League Saturday Rumble #87,Runner Up,https://x.com/noahjamessmith/status/2073042255758148059?s=46,-,-,noahjamessmith,,Camerupt-Mega,Pyroar-Mega,Torkoal,Vileplume,Kangaskhan,Farigiraf,,MB368
MB367,WDMichael's The Wide League Saturday Rumble #87 Top 16 Team,,WDMichael,,,,Mawilite,,,Charcoal,,,Focus Sash,,,Silk Scarf,,,Mental Herb,,,Life Orb,,https://pokepast.es/7c969009a3ea27bb,Yes,Extracted,✔,PEGQ0KRAXV,2 Jul 2026,The Wide League Saturday Rumble #87,15th,https://x.com/its_wdmichael/status/2072526035799744572?s=46,-,-,its_wdmichael,,Mawile-Mega,Torkoal,Venusaur,Kangaskhan,Oranguru,Hatterene,,MB367
MB366,Sidi I. Haidala's PokéChampionsDestiny Top 4 Team,,Sidi I. Haidala,,,,Charizardite Y,,,Sitrus Berry,,,Choice Scarf,,,Focus Sash,,,Metal Coat,,,Life Orb,,https://pokepast.es/caef1bb145b86b9b,Yes,Extracted,✔,8XF9N4V3N6,2 Jul 2026,PokéChampionsDestiny Tour,Top 4,https://x.com/MrSidi5/status/2072358794504364474,-,-,MrSidi5,,Charizard,Incineroar,Basculegion,Whimsicott,Gholdengo,Garchomp,,MB366
MB365,Jese Delgado's PokéChampionsDestiny Top 8 Team,,Jese Delgado,,,,Delphoxite,,,Scraftinite,,,Focus Sash,,,Kasib Berry,,,Choice Scarf,,,Life Orb,,https://pokepast.es/5a47cc14b34aeb28,Yes,Extracted,X,None,2 Jul 2026,PokéChampionsDestiny Tour,Top 8,https://x.com/jesedelgadotime/status/2072363898729095504?s=46,-,-,jesedelgadotime,,Delphox-Mega,Scrafty-Mega,Aerodactyl,Sinistcha,Gholdengo,Garchomp,,MB365
MB364,spy_anya11's Charizard-Y Aerodactyl Team,,spy_anya11,,,,Aerodactylite,,,Charizardite Y,,,Sitrus Berry,,,Black Glasses,,,Fairy Feather,,,Life Orb,,https://pokepast.es/c8d80f8ffb1401b5,Yes,Extracted,✔,08L0GBSM6A,2 Jul 2026,-,,https://x.com/spy_anya11/status/2072511314996744366?s=46,-,-,spy_anya11,,Aerodactyl-Mega,Charizard,Farigiraf,Kingambit,Sylveon,Garchomp,,MB364
MB363,Ryoma's Metagross Dragonite Team,,Ryoma Okamoto,,,,Dragoninite,,,Metagrossite,,,Sitrus Berry,,,Focus Sash,,,Never-Melt Ice,,,Life Orb,,https://pokepast.es/9451331d25489c25,Yes,Extracted,✔,GF2TSW4KME,1 Jul 2026,-,,https://x.com/ryoma9901_poke/status/2072085555551322305?s=46,-,-,ryoma9901_poke,,Dragonite-Mega,Metagross-Mega,Sneasler,Kingambit,Ninetales-Alola,Garchomp,,MB363
MB362,LenVGC's Blastoise Delphox Team,,Alex Soto,,,,Blastoisinite,,,Delphoxite,,,Sitrus Berry,,,Focus Sash,,,Chople Berry,,,Kasib Berry,,https://pokepast.es/5ee27294335f12c7,Yes,Extracted,✔,UP2T9GK34Q,1 Jul 2026,-,,https://x.com/LenVGC/status/2072307573915541613?s=20,-,-,LenVGC,,Blastoise-Mega,Delphox-Mega,Incineroar,Sneasler,Maushold-Four,Sinistcha,,MB362
MB361,JoeUX9's Glimmora Mamoswine Team,,Joseph Ugarte,,,,Charizardite Y,,,Glimmoranite,,,Mystic Water,,,Life Orb,,,Focus Sash,,,Chople Berry,,https://pokepast.es/1fded81b8a80acc0,Yes,Extracted,✔,FAJ8VU84XH,30 Jun 2026,Video,,https://youtu.be/Swjz3trjz60?si=xOZg6gddeHaAMvEm,-,-,joeux9,,Charizard-Mega-Y,Glimmora-Mega,Basculegion,Mamoswine,Whimsicott,Kingambit,,MB361
MB360,JoeUX9's St. Jude VGC Charity Tournament Champion Team,,Joseph Ugarte,,,,Charizardite Y,,,Sitrus Berry,,,Focus Sash,,,Colbur Berry,,,Fairy Feather,,,Life Orb,,https://pokepast.es/e2a070c12f1be872,No,Extracted,X,None,28 Jun 2026,St. Jude Charity Tournament,Champion,https://x.com/joeux9/status/2071357984299487461?s=46&t=WmXEnVa3rTSw0P9A0n6S3Q,-,-,joeux9,,Charizard,Incineroar,Venusaur,Farigiraf,Sylveon,Garchomp,,MB360
MB359,bsmiffy's St. Jude VGC Charity Tournament Runner Up Team,,Brady Smith,,,,Floettite,,,Sitrus Berry,,,Focus Sash,,,Leftovers,,,Chople Berry,,,Lum Berry,,https://pokepast.es/eba152889b251832,No,Extracted,X,None,28 Jun 2026,St. Jude Charity Tournament,Runner Up,https://x.com/vgccorner/status/2071354961640747435?s=46&t=WmXEnVa3rTSw0P9A0n6S3Q,-,-,vgccorner,,Floette-Eternal-Mega,Incineroar,Sneasler,Sinistcha,Kingambit,Dragonite,,MB359
MB358,DDee's St. Jude VGC Charity Tournament Top 8 Team,,Michael Uko,,,,Charizardite Y,,,Sitrus Berry,,,Choice Scarf,,,Focus Sash,,,Spell Tag,,,Life Orb,,https://pokepast.es/a91e204cc76cea5f,Yes,Extracted,✔,QPTMURTFEL,28 Jun 2026,St. Jude Charity Tournament,6th,https://x.com/ddee_ssbu/status/2071325723655020671?s=46,-,-,ddee_ssbu,,Charizard,Incineroar,Basculegion,Whimsicott,Gholdengo,Garchomp,,MB358
MB357,EmbC's St. Jude VGC Charity Tournament Top 8 Team,,Eduardo Cunha,,,,Gengarite,,,Swampertite,,,Passho Berry,,,Sitrus Berry,,,Focus Sash,,,Leftovers,,https://pokepast.es/01895470a6602d7e,No,Extracted,X,None,28 Jun 2026,St. Jude Charity Tournament,7th,https://x.com/meninojardim/status/2071377813366600024?s=46&t=WmXEnVa3rTSw0P9A0n6S3Q,-,-,meninojardim,,Gengar-Mega,Swampert-Mega,Incineroar,Politoed,Vivillon,Archaludon,,MB357
MB356,AtrixMJ's St. Jude VGC Charity Tournament Top 16 Team,,Michael Rogers,,,,Garchompite,,,Charizardite Y,,,Passho Berry,,,Focus Sash,,,Twisted Spoon,,,Life Orb,,https://pokepast.es/fcd3271e0faa12ff,Yes,Owner's,✔,5CJBQFLFYX,30 Jun 2026,St. Jude Charity Tournament,10th,https://x.com/atrixmj/status/2071677361330794845?s=46,-,-,atrixmj,,Garchomp-Mega,Charizard,Incineroar,Aerodactyl,Farigiraf,Sylveon,,MB356
MB355,PokeReplaysVGC's St. Jude VGC Charity Tournament Top 16 Team,,Adam Wright,,,,Floettite,,,Charizardite Y,,,Mystic Water,,,Focus Sash,,,Black Glasses,,,Life Orb,,https://pokepast.es/cd3d3b91c38be1ca,Yes,Owner's,X,None,29 Jun 2026,St. Jude Charity Tournament,16th,https://x.com/pokereplaysvgc/status/2071579075240460675?s=46,-,-,pokereplaysvgc,,Floette-Eternal-Mega,Charizard,Basculegion,Whimsicott,Kingambit,Garchomp,,MB355
MB354,Santino's St. Jude VGC Charity Tournament Top 32 Team,,Santino Tarquinio,,,,Blastoisinite,,,Delphoxite,,,Passho Berry,,,White Herb,,,Focus Sash,,,Kasib Berry,,https://pokepast.es/124511a5e19b5e92,Yes,Extracted,✔,Q4TGK4BLVP,28 Jun 2026,St. Jude Charity Tournament,17th,https://x.com/supahsanti/status/2071352619499389110?s=46&t=WmXEnVa3rTSw0P9A0n6S3Q,-,-,supahsanti,,Blastoise-Mega,Delphox-Mega,Incineroar,Sneasler,Maushold,Sinistcha,,MB354
MB353,Torviv's St. Jude VGC Charity Tournament Top 32 Team,,Víctor Medina,,,,Beedrillite,,,Swampertite,,,Passho Berry,,,Life Orb,,,Sitrus Berry,,,Leftovers,,https://pokepast.es/ed31a43c2940d91f,Yes,Extracted,✔,L5KY6AM41V,28 Jun 2026,St. Jude Charity Tournament,21st,https://x.com/torvivvgc/status/2071298493365301663?s=46&t=WmXEnVa3rTSw0P9A0n6S3Q,-,-,torvivvgc,,Beedrill-Mega,Swampert-Mega,Incineroar,Pelipper,Farigiraf,Archaludon,,MB353
MB352,Fairteew's St. Jude VGC Charity Tournament Top 32 Team,,Fairteew,,,,Dragoninite,,,Metagrossite,,,Leftovers,,,Focus Sash,,,Sitrus Berry,,,Never-Melt Ice,,https://pokepast.es/537e48b28ba4f654,Yes,Owner's,✔,SBF1DPSUL7,28 Jun 2026,St. Jude Charity Tournament,31st,https://x.com/Fairteew/status/2071291569458524475?s=20,-,-,Fairteew,,Dragonite-Mega,Metagross-Mega,Toxapex,Sneasler,Snorlax,Ninetales-Alola,,MB352
MB351,miovgc's St. Jude VGC Charity Tournament Team,,miovgc,,,,Metagrossite,,,Venusaurite,,,Sharp Beak,,,Leftovers,,,Focus Sash,,,Haban Berry,,https://pokepast.es/f2a8ae80fc8d81d4,Yes,Extracted,X,None,27 Jun 2026,St. Jude Charity Tournament,,https://x.com/miovgc/status/2071017988648501351?s=46,-,-,miovgc,,Metagross-Mega,Venusaur-Mega,Talonflame,Milotic,Lycanroc-Dusk,Hydreigon,,MB351
MB350,hungrigekiwi's St. Jude VGC Charity Tournament Team,,hungrigekiwi,,,,Floettite,,,Mystic Water,,,Raichunite Y,,,Focus Sash,,,Life Orb,,,Sitrus Berry,,https://pokepast.es/5b1fda1a561f194f,Yes,Extracted,✔,TDKJG3LGM7,27 Jun 2026,St. Jude Charity Tournament,,https://x.com/hungrigekiwi/status/2070998910064111999?s=46,-,-,hungrigekiwi,,Floette-Eternal-Mega,Basculegion,Raichu-Mega-Y,Whimsicott,Gholdengo,Garchomp,,MB350
MB349,NatusPKMN's St. Jude VGC Charity Tournament Team,,Nate Innocenti,,,,Mawilite,,,Charcoal,,,Scope Lens,,,Choice Scarf,,,Life Orb,,,Sitrus Berry,,https://pokepast.es/e8f6afbab9784e09,Yes,Extracted,✔,NUSSK0Q8J2,27 Jun 2026,St. Jude Charity Tournament,,https://x.com/natuspkmn/status/2070997693522960700?s=46,-,-,natuspkmn,,Mawile-Mega,Torkoal,Decidueye-Hisui,Staraptor,Kangaskhan,Farigiraf,,MB349
MB348,mofumofunatsuhi's St. Jude VGC Charity Tournament Team,,mofumofunatsuhi,,,,Delphoxite,,,Staraptite,,,Life Orb,,,Sitrus Berry,,,Leftovers,,,Light Clay,,https://pokepast.es/af02713bf1e5db3f,Yes,Extracted,✔,0TQMMS1W4L,27 Jun 2026,St. Jude Charity Tournament,,https://x.com/mofumofunatsuhi/status/2071086076085911823?s=46,-,-,mofumofunatsuhi,,Delphox-Mega,Staraptor-Mega,Basculegion,Sinistcha,Gholdengo,Grimmsnarl,,MB348
MB347,yabeamatup_poke's Staraptor Delphox Team,,yabeamatup_poke,,,,Delphoxite,,,Staraptite,,,Occa Berry,,,Sitrus Berry,,,Roseli Berry,,,Choice Scarf,,https://pokepast.es/e738f290aecca2b1,Yes,Extracted,✔,45SL2U276S,1 Jul 2026,-,,https://x.com/yabeamatup_poke/status/2072257794095693888?s=46,-,-,yabeamatup_poke,,Delphox-Mega,Staraptor-Mega,Sinistcha,Kingambit,Grimmsnarl,Garchomp,,MB347
MB346,defiantvgc's Froslass Gholdengo Team,,defiantvgc,,,,Froslassite,,,Scovillainite,,,Passho Berry,,,Focus Sash,,,Leftovers,,,Dragon Fang,,https://pokepast.es/82e9a87af213bab7,Yes,Owner's,X,None,1 Jul 2026,-,,Discord Submission,-,-,defiantvgc,,Froslass-Mega,Scovillain-Mega,Incineroar,Lycanroc-Dusk,Gholdengo,Dragonite,,MB346
MB345,PsychoR&R's Charizard-Y Garchomp Team,,PsychoR&R,,,,Garchompite,,,Charizardite Y,,,Sitrus Berry,,,Life Orb,,,Colbur Berry,,,Fairy Feather,,https://pokepast.es/03f74fec574e9b97,Yes,Owner's,X,None,1 Jul 2026,-,,https://x.com/psyr_r/status/2072251589222596816?s=46,-,-,psyr_r,,Garchomp-Mega,Charizard,Incineroar,Venusaur,Farigiraf,Sylveon,,MB345
MB344,spy_anya11's Charizard-Y Floette Team,,spy_anya11,,,,Floettite,,,Charizardite Y,,,Mystic Water,,,Focus Sash,,,Black Glasses,,,Sitrus Berry,,https://pokepast.es/2be614ed0e42d903,Yes,Extracted,✔,YX9EM33Q0W,1 Jul 2026,-,,https://x.com/spy_anya11/status/2072237936519856460?s=46,-,-,spy_anya11,,Floette-Eternal-Mega,Charizard,Basculegion,Whimsicott,Kingambit,Garchomp,,MB344
MB343,tayopkmn's Metagross Blastoise Team,,tayopkmn,,,,Blastoisinite,,,Metagrossite,,,Leftovers,,,Sitrus Berry,,,Focus Sash,,,Kasib Berry,,https://pokepast.es/00666eabae641d50,Yes,Extracted,✔,JH1NXHU02J,1 Jul 2026,-,,https://x.com/tayopkmn/status/2072066616653996244?s=46,-,-,tayopkmn,,Blastoise-Mega,Metagross-Mega,Pelipper,Clefable,Weavile,Sinistcha,,MB343
MB342,Krebs' Scrafty Espathra Team,,Andrew Krebs,,,,Scovillainite,,,Scraftinite,,,Focus Sash,,,Sitrus Berry,,,Life Orb,,,Leftovers,,https://pokepast.es/cbfa286d0b4c0082,Yes,Extracted,✔,8GLNSTTYX5,1 Jul 2026,-,,https://x.com/krebsvgc/status/2072140840529436785?s=46,-,-,krebsvgc,,Scovillain-Mega,Scrafty-Mega,Politoed,Espathra,Gholdengo,Archaludon,,MB342
MB341,Betchman's Froslass Glaceon Team,,Betchman,,,,Froslassite,,,Sharp Beak,,,Never-Melt Ice,,,Focus Sash,,,Chople Berry,,,Life Orb,,https://pokepast.es/8154b0b8ee732c62,Yes,Extracted,✔,7CAS51TK7W,1 Jul 2026,-,,https://x.com/betchman22/status/2072033412244984146?s=46,-,-,betchman22,,Froslass-Mega,Talonflame,Glaceon,Sneasler,Kingambit,Garchomp,,MB341
MB340,sasisu's Delphox Blastoise Team,,Mao Harada,,,,Blastoisinite,,,Delphoxite,,,Sitrus Berry,,,Focus Sash,,,Kasib Berry,,,Black Glasses,,https://pokepast.es/57bcaea77dce77ec,Yes,Extracted,✔,41Y21B475G,1 Jul 2026,-,,https://x.com/sasisu_memo/status/2072078488744681576?s=46,-,-,sasisu_memo,,Blastoise-Mega,Delphox-Mega,Incineroar,Sneasler,Sinistcha,Kingambit,,MB340
MB339,Riopaser's Metagross Venusaur Team,,Eric Ríos,,,,Metagrossite,,,Venusaurite,,,Charcoal,,,Expert Belt,,,Focus Sash,,,Life Orb,,https://pokepast.es/9448438b1d5756cd,Yes,Extracted,✔,3C60R77WMR,1 Jul 2026,-,,https://x.com/riopaser/status/2072026335506039223?s=46,-,-,riopaser,,Metagross-Mega,Venusaur-Mega,Talonflame,Primarina,Lycanroc-Dusk,Hydreigon,,MB339
MB338,Kaguya's Mawile Dragonite Team,,Blake Falls,,,,Dragoninite,,,Mawilite,,,Passho Berry,,,Choice Scarf,,,Colbur Berry,,,Focus Sash,,https://pokepast.es/b3252d96a819c286,Yes,Owner's,✔,5HPHJVR8MF,1 Jul 2026,Video,,https://x.com/kaguyafalls/status/2072033579387834711?s=46,https://www.youtube.com/watch?v=tJzQbMmgrGw,-,kaguyafalls,,Dragonite-Mega,Mawile-Mega,Incineroar,Basculegion,Farigiraf,Ninetales-Alola,,MB338
MB337,tyronesmth's Floette Talonflame Team,,tyronesmth,,,,Floettite,,,Sitrus Berry,,,Sharp Beak,,,Focus Sash,,,Choice Scarf,,,Life Orb,,https://pokepast.es/b0e7111884bc9784,Yes,Owner's,✔,J5RGD2YFDV,30 Jun 2026,-,,https://x.com/tyronesmth/status/2071937271574433970?s=46,-,-,tyronesmth,,Floette-Mega,Incineroar,Talonflame,Basculegion,Gholdengo,Garchomp,,MB337
MB336,zeen's Charizard-Y Venusaur Team,,Shohei Kimura,,,,Charizardite Y,,,Sitrus Berry,,,Focus Sash,,,Colbur Berry,,,Fairy Feather,,,Life Orb,,https://pokepast.es/0747727da522ce49,Yes,Extracted,✔,SRF9YB2T6N,30 Jun 2026,-,,https://x.com/zeensub/status/2071950524338098216?s=46,-,-,zeen172M,,Charizard,Incineroar,Venusaur,Farigiraf,Sylveon,Garchomp,,MB336
MB335,daikousin's Delphox Blastoise Team,,daikousin,,,,Blastoisinite,,,Delphoxite,,,Sitrus Berry,,,Focus Sash,,,Kasib Berry,,,Black Glasses,,https://pokepast.es/7f34642df13e2bdf,Yes,Extracted,✔,FA8VG6KHES,30 Jun 2026,-,,https://x.com/daikousin45/status/2071913302939283491?s=46,-,-,daikousin45,,Blastoise-Mega,Delphox-Mega,Incineroar,Sneasler,Sinistcha,Kingambit,,MB335
MB334,Giancarlo's Local Tour Team,,Giancarlo Abiera,,,,Froslassite,,,Life Orb,,,Choice Scarf,,,White Herb,,,Coba Berry,,,Black Glasses,,https://pokepast.es/0bc2f0e7d612afc4,Yes,Extracted,✔,YULEPRGKHM,30 Jun 2026,-,,https://x.com/giancarloabiera/status/2071640884811350489?s=46,-,-,giancarloabiera,,Froslass-Mega,Arcanine-Hisui,Basculegion,Sneasler,Whimsicott,Kingambit,,MB334
MB333,azuf_azelf_1001's Pyroar Blastoise Team,,azuf_azelf_1001,,,,Blastoisinite,,,Pyroarite,,,Charcoal,,,Life Orb,,,Sitrus Berry,,,Fairy Feather,,https://pokepast.es/4488b90de17995c9,Yes,Extracted,✔,UY3N25S8R6,30 Jun 2026,-,,https://x.com/azuf_azelf_1001/status/2071838080571679063?s=46,-,-,azuf_azelf_1001,,Blastoise-Mega,Pyroar-Mega,Torkoal,Venusaur,Farigiraf,Sylveon,,MB333
MB332,elusivekimberly's Metagross Kommo-o Team,,elusivekimberly,,,,Metagrossite,,,Colbur Berry,,,Focus Sash,,,Never-Melt Ice,,,Choice Scarf,,,Sitrus Berry,,https://pokepast.es/12b558b963d116c3,Yes,Extracted,✔,30BXLF77HQ,29 Jun 2026,-,,https://x.com/elusivekimberly/status/2071619206177550383?s=46,-,-,elusivekimberly,,Metagross-Mega,Ceruledge,Whimsicott,Ninetales-Alola,Hydreigon,Kommo-o,,MB332
MB331,jawncy86's Malamar Florges Team,,jawncy86,,,,Malamarite,,,Expert Belt,,,Charcoal,,,Colbur Berry,,,Sitrus Berry,,,Life Orb,,https://pokepast.es/7685fe4dadde76a3,Yes,Extracted,✔,KMNP85W670,29 Jun 2026,-,,https://x.com/jawncy86/status/2071642303639523594?s=46,-,-,jawncy86,,Malamar-Mega,Incineroar,Torkoal,Farigiraf,Florges,Dragalge,,MB331
MB330,mumemo's Delphox Malamar Team,,mumemo,,,,Delphoxite,,,Malamarite,,,Leftovers,,,Life Orb,,,Chople Berry,,,Sitrus Berry,,https://pokepast.es/0ac50b7b95deebe4,Yes,Extracted,✔,EL42JHGB4L,29 Jun 2026,-,,https://x.com/mumemo168/status/2071602991199842511?s=46,-,-,mumemo168,,Delphox-Mega,Malamar-Mega,Incineroar,Basculegion,Maushold-Four,Sinistcha,,MB330
MB329,Andrew Picornell's Blaziken Ninetales-Alola Team,,Andrew Picornell,,,,Blazikenite,,,Life Orb,,,Focus Sash,,,Coba Berry,,,Black Glasses,,,Never-Melt Ice,,https://pokepast.es/31dfd0bad810f418,Yes,Extracted,✔,QW1GFM8RVN,28 Jun 2026,Video,,https://x.com/hera_dit_cation/status/2071315847725891690?s=46,https://youtu.be/QKL1fVLOxmQ?si=udiOZvct3r1pNryp,-,hera_dit_cation,,Blaziken-Mega,Basculegion,Sneasler,Sinistcha,Kingambit,Ninetales-Alola,,MB329
MB328,Misaka's Charizard-Y Raichu-Y Team,,Misaka,,,,Charizardite Y,,,Sitrus Berry,,,Raichunite Y,,,Focus Sash,,,Never-Melt Ice,,,Life Orb,,https://pokepast.es/2a022a9f69b3b55b,Yes,Extracted,✔,56JDNFXHF6,28 Jun 2026,-,,https://x.com/agmewtwo/status/2071477047181160790?s=46,-,-,agmewtwo,,Charizard,Incineroar,Raichu-Mega-Y,Whimsicott,Ninetales-Alola,Garchomp,,MB328
MB327,BattleRoom's Mimikyu Milotic Team,,Collin Heier,,,,Charizardite Y,,,Chople Berry,,,Leftovers,,,Focus Sash,,,Life Orb,,,Sitrus Berry,,https://pokepast.es/f6eca44de845eb59,Yes,Owner's,✔,8L412J0H8X,27 Jun 2026,Video,,https://youtu.be/Obu4nGIRDdU?si=bazZuOoD1zcw-Hys,-,-,BattleRoom,,Charizard,Incineroar,Milotic,Venusaur,Mimikyu,Garchomp,,MB327
MB326,PsychoR&R's Recreation of JoeUX9's St. Jude Champion Team,,PsychoR&R,,,,Charizardite Y,,,Sitrus Berry,,,Focus Sash,,,Colbur Berry,,,Fairy Feather,,,Life Orb,,https://pokepast.es/cdbd30e8545e0a99,Yes,Owner's,X,None,28 Jun 2026,-,,https://x.com/psyr_r/status/2071386089512992812?s=46,-,-,psyr_r,,Charizard,Incineroar,Venusaur,Farigiraf,Sylveon,Garchomp,,MB326
MB325,mj4318815's Gallade Clefable Team,,mj4318815,,,,Clefablite,,,Galladite,,,Choice Scarf,,,Leftovers,,,Roseli Berry,,,Coba Berry,,https://pokepast.es/fd08b7548fcabcc5,Yes,Extracted,✔,D86B7Q4S2W,27 Jun 2026,-,,https://x.com/mj4318815/status/2070880102934786518?s=46&t=WmXEnVa3rTSw0P9A0n6S3Q,-,-,mj4318815,,Clefable-Mega,Gallade-Mega,Basculegion,Overqwil,Sableye,Sinistcha,,MB325
MB324,PablitoNYA's Blaziken Palafin Team,,PablitoNYA,,,,Blazikenite,,,Floettite,,,Choice Scarf,,,Sitrus Berry,,,Focus Sash,,,Life Orb,,https://pokepast.es/261ffcda40c1ba94,Yes,Extracted,✔,A4AWGX10TU,27 Jun 2026,-,,https://x.com/PablitoNYA/status/2070913731639345459?s=20,-,-,PablitoNYA,,Blaziken-Mega,Floette-Eternal-Mega,Palafin,Tsareena,Whimsicott,Gholdengo,,MB324
MB323,barudoru's Meganium Swampert Team,,Ryota Otsubo,,,,Meganiumite,,,Swampertite,,,Focus Sash,,,Lum Berry,,,Wide Lens,,,Leftovers,,https://pokepast.es/1a3732450171d865,Yes,Extracted,✔,6P8SQ827DM,28 Jun 2026,-,,https://x.com/barudoru/status/2071242670928969763?s=20,-,-,barudoru,,Meganium-Mega,Swampert-Mega,Pelipper,Sneasler,Sableye,Archaludon,,MB323
MB322,FuiYnb's Pokegam Cup Champion Team,,FuiYnb,,,,Charizardite Y,,,Choice Scarf,,,Raichunite Y,,,Sitrus Berry,,,Occa Berry,,,Life Orb,,https://pokepast.es/f7b454940d1794c3,Yes,Extracted,✔,22SF5AG5R5,28 Jun 2026,Pokegam Cup,Champion,https://x.com/fuiynb/status/2071137977426956768?s=46,-,-,fuiynb,,Charizard,Basculegion,Raichu-Mega-Y,Whimsicott,Kingambit,Ninetales-Alola,,MB322
MB321,online's Pokegam Cup Team,,online,,,,Floettite,,,Charizardite Y,,,Life Orb,,,Focus Sash,,,Occa Berry,,,Roseli Berry,,https://pokepast.es/44303d93cef4005c,Yes,Extracted,✔,B172A9S52H,27 Jun 2026,Pokegam Cup,,https://x.com/online_poke/status/2071122889265573963?s=46,-,-,online_poke,,Floette-Eternal-Mega,Charizard,Basculegion,Whimsicott,Kingambit,Garchomp,,MB321
MB320,swcheong_vg's Garchomp Sun Team,,Suwoong Cheong,,,,Garchompite,,,Charizardite Y,,,Charcoal,,,Focus Sash,,,Sitrus Berry,,,Fairy Feather,,https://pokepast.es/bf101a517123194b,Yes,Extracted,✔,7JN6T97UGM,27 Jun 2026,-,,https://x.com/swcheong_vg/status/2071105656762036482?s=46,-,-,swcheong_vg,,Garchomp-Mega,Charizard,Incineroar,Aerodactyl,Farigiraf,Sylveon,,MB320
MB319,luixens' Lopunny Dragapult Team,,luixens,,,,Glimmoranite,,,Lopunnite,,,Leftovers,,,Choice Scarf,,,Fairy Feather,,,Dragon Fang,,https://pokepast.es/fe6df913a7a3bc47,Yes,Extracted,✔,JVS3B98J2B,27 Jun 2026,-,,https://x.com/luixens/status/2071121500405481884?s=46,-,-,luixens,,Glimmora-Mega,Lopunny-Mega,Volcarona,Ninetales-Alola,Sylveon,Dragapult,,MB319
MB318,punihina1334's Raichu-X Gholdengo Team,,punihina1334,,,,Sitrus Berry,,,Raichunite X,,,Focus Sash,,,Kasib Berry,,,Life Orb,,,Leftovers,,https://pokepast.es/6e3f6408bd5815ab,Yes,Extracted,✔,E3Q28DK75X,27 Jun 2026,-,,https://x.com/punihina1334/status/2070910083249172770?s=46,-,-,punihina1334,,Incineroar,Raichu-Mega-X,Whimsicott,Sinistcha,Gholdengo,Kommo-o,,MB318
MB317,usa_anrire's Raichu-Y Talonflame Team,,usa_anrire,,,,Floettite,,,Sharp Beak,,,Raichunite Y,,,White Herb,,,Life Orb,,,Never-Melt Ice,,https://pokepast.es/402672f34d9ae9a5,Yes,Extracted,✔,7EVAQY417N,27 Jun 2026,-,,https://x.com/usa_anrire/status/2070957058090996046?s=46,-,-,usa_anrire,,Floette-Eternal-Mega,Talonflame,Raichu-Mega-Y,Sneasler,Kingambit,Ninetales-Alola,,MB317
MB316,DjSanders' Delphox Eelektross Team,,DjSanders,,,,Delphoxite,,,Eelektrossite,,,Sitrus Berry,,,Focus Sash,,,Choice Scarf,,,Life Orb,,https://pokepast.es/f7a1833e26199241,Yes,Extracted,✔,SNKCMUPNRU,27 Jun 2026,-,,Discord Submission,-,-,djsanders,,Delphox-Mega,Eelektross-Mega,Incineroar,Whimsicott,Gardevoir,Garchomp,,MB316
MB315,homura_kurenai_'s Blaziken Floette Team,,homura_kurenai_,,,,Blazikenite,,,Floettite,,,Focus Sash,,,Occa Berry,,,Black Glasses,,,Roseli Berry,,https://pokepast.es/7f0aecbd380ef482,Yes,Extracted,✔,NUETYTEK6A,27 Jun 2026,-,,https://x.com/homura_kurenai_/status/2070860144657981649?s=46,-,-,homura_kurenai_,,Blaziken-Mega,Floette-Eternal-Mega,Basculegion,Sinistcha,Kingambit,Grimmsnarl,,MB315
MB314,frogapples_'s Blastoise Drampa Team,,frogapples_,,,,Blastoisinite,,,Charcoal,,,Sitrus Berry,,,Life Orb,,,Fairy Feather,,,Expert Belt,,https://pokepast.es/552b12ae1189f581,Yes,Extracted,✔,72EVY61UB5,27 Jun 2026,-,,https://x.com/frogapples_/status/2070891238258274637?s=46,-,-,frogapples_,,Blastoise-Mega,Incineroar,Farigiraf,Kingambit,Sylveon,Drampa,,MB314
MB313,MichaelderBeste's Champions Ladder Peak 1st Place Team,,Michael Kelsch,,,,Staraptite,,,Venusaurite,,,Magnet,,,Focus Sash,,,Sitrus Berry,,,Choice Scarf,,https://pokepast.es/991ceb588b8fe867,Yes,Owner's,✔,2UYVJBUN09,27 Jun 2026,-,,https://x.com/michaelderbeste/status/2070899752091136398?s=46,-,-,michaelderbeste,,Staraptor-Mega,Venusaur-Mega,Rotom-Wash,Excadrill,Houndstone,Tyranitar,,MB313
MB312,Panda's Raichu-X Ninetales-Alola Team,,Justin Tang,,,,Raichunite X,,,Charizardite Y,,,Choice Scarf,,,Focus Sash,,,Never-Melt Ice,,,Life Orb,,https://pokepast.es/748d6effb662f4e7,Yes,Owner's,✔,N2X80AR9J3,26 Jun 2026,Video,,https://youtu.be/8KG64vdFmE4?si=56CzoUfGnqcSvRFR,-,-,Unironicpanda,,Raichu-Mega-X,Charizard,Basculegion,Whimsicott,Ninetales-Alola,Garchomp,,MB312
MB311,James Baek's Raichu-Y Mamoswine Team,,James Baek,,,,Gyaradosite,,,Raichunite Y,,,Colbur Berry,,,Life Orb,,,Sitrus Berry,,,Focus Sash,,https://pokepast.es/e21041e0f9c8190b,Yes,Owner's,✔,AUHVVTKRSR,26 Jun 2026,Video,,https://youtu.be/J9xbdW6kvho?si=xVQrRbONEsDhkm-f,-,-,JamesWBaek,,Gyarados-Mega,Raichu-Mega-Y,Ceruledge,Mamoswine,Clefable,Kingambit,,MB311
MB310,Cybertron's Barbaracle Gholdengo Team,,Aaron Zheng,,,,Barbaracite,,,Sitrus Berry,,,Choice Scarf,,,Focus Sash,,,Colbur Berry,,,Life Orb,,https://pokepast.es/86d60437817bbb5c,Yes,Owner's,✔,KYRYPXVJDS,26 Jun 2026,Video,,https://youtu.be/yAXAAdHakiM?si=DlWa2sMSzk9XD9BX,-,-,cybertronvgc,,Barbaracle-Mega,Incineroar,Zoroark-Hisui,Weavile,Sinistcha,Gholdengo,,MB310
MB309,ParkerVGC's Barbaracle Zoroark-Hisui Team,,ParkerVGC,,,,Barbaracite,,,Floettite,,,Sitrus Berry,,,Choice Scarf,,,Focus Sash,,,Colbur Berry,,https://pokepast.es/35685b51f521342f,Yes,Extracted,✔,43ETTKLUWS,23 Jun 2026,Video,,https://youtu.be/8WLByXSB-qo?si=Qw961WyKfNparwF3,-,-,ParkerVGC,,Barbaracle-Mega,Floette-Eternal-Mega,Incineroar,Zoroark-Hisui,Weavile,Sinistcha,,MB309
MB308,Oupas' Venusaur Grimmsnarl Team,,Michael Chen,,,,Swampertite,,,Venusaurite,,,Choice Scarf,,,Sitrus Berry,,,Light Clay,,,Leftovers,,https://pokepast.es/7eb7c9cccdfb233e,Yes,Extracted,✔,DPHCCER15H,26 Jun 2026,-,,https://x.com/Oupas327/status/2070690505793646687?s=20,-,-,Oupas327,,Swampert-Mega,Venusaur-Mega,Basculegion,Pelipper,Grimmsnarl,Archaludon,,MB308
MB307,Xena's Crown Fight Tour 3rd Place Team,,Xena,,,,Delphoxite,,,Mawilite,,,Sitrus Berry,,,Kasib Berry,,,Choice Scarf,,,Life Orb,,https://pokepast.es/180c9919cae71f22,Yes,Extracted,✔,6PY5MFLFDN,27 Jun 2026,Crown Fight Tour,3rd,https://x.com/Xenagaming248/status/2070795833487036824?s=20,-,-,Xenagaming248,,Delphox-Mega,Mawile-Mega,Incineroar,Sinistcha,Garchomp,Hydreigon,,MB307
MB306,Riopaser's Gengar Scrafty Team,,Eric Ríos,,,,Gengarite,,,Scraftinite,,,Sitrus Berry,,,Leftovers,,,Focus Sash,,,Dragon Fang,,https://pokepast.es/0b47afe9cfe2391a,Yes,Extracted,✔,Q41F6FM1TN,27 Jun 2026,-,,https://x.com/riopaser/status/2070553988156600396,-,-,riopaser,,Gengar-Mega,Scrafty-Mega,Incineroar,Snorlax,Ninetales-Alola,Dragonite,,MB306
MB305,KKCWind's Staraptor Gholdengo Team,,Huang Yang-Jie,,,,Staraptite,,,Passho Berry,,,Focus Sash,,,Sitrus Berry,,,Leftovers,,,Life Orb,,https://pokepast.es/a6e9caed3f262ba1,Yes,Extracted,✔,77D1S6SYU9,27 Jun 2026,-,,https://x.com/asc5543/status/2070538850972414054?s=46,-,-,asc5543,,Staraptor-Mega,Incineroar,Raichu,Clefable,Gholdengo,Garchomp,,MB305
MB304,dunksvgc's Sceptile Floette Team,,dunksvgc,,,,Floettite,,,Sceptilite,,,Choice Scarf,,,Mystic Water,,,Focus Sash,,,Life Orb,,https://pokepast.es/8abc072fc15d54d6,Yes,Extracted,✔,2KRFNJCHBF,26 Jun 2026,-,,https://x.com/dunksvgc/status/2070347189163901137?s=46,-,-,dunksvgc,,Floette-Eternal-Mega,Sceptile-Mega,Rotom-Heat,Basculegion,Aerodactyl,Garchomp,,MB304
MB303,MichaelderBeste's Falinks Aerodactyl Team,,Michael Kelsch,,,,Aerodactylite,,,Falinksite,,,Sitrus Berry,,,Focus Sash,,,Fairy Feather,,,Life Orb,,https://pokepast.es/39946d70ce6b36f0,Yes,Owner's,✔,QQTBLYMXB2,26 Jun 2026,-,,https://x.com/michaelderbeste/status/2070522759348920557?s=46,-,-,michaelderbeste,,Aerodactyl-Mega,Falinks-Mega,Farigiraf,Kingambit,Sylveon,Dragalge,,MB303
MB302,soramitu's Charizard-Y Toxapex Team,,Yasuharu Shimizu,,,,Charizardite Y,,,Leftovers,,,Sitrus Berry,,,Colbur Berry,,,Roseli Berry,,,Choice Scarf,,https://pokepast.es/4260d5090460bc2e,Yes,Extracted,✔,D80DCA4NG2,26 Jun 2026,-,,https://x.com/soramitu0322/status/2070429014641291721?s=46,-,-,soramitu0322,,Charizard,Toxapex,Snorlax,Sinistcha,Grimmsnarl,Hydreigon,,MB302
MB301,kashiwagineru's Metagross Tyranitar Team,,kashiwagineru,,,,Metagrossite,,,Tyranitarite,,,Focus Sash,,,White Herb,,,Sitrus Berry,,,Roseli Berry,,https://pokepast.es/f9b1ae6f74019748,Yes,Extracted,✔,KRHAFGXXF2,26 Jun 2026,-,,https://x.com/kashiwagineru/status/2070435825939337250?s=46,-,-,kashiwagineru,,Metagross-Mega,Tyranitar-Mega,Excadrill,Sneasler,Sinistcha,Grimmsnarl,,MB301
MB300,junioichi's Raichu-Y Ninetales-Alola Team,,junioichi,,,,Life Orb,,,Raichunite Y,,,Focus Sash,,,Black Glasses,,,Never-Melt Ice,,,Sitrus Berry,,https://pokepast.es/7b256e7e2f3219ff,Yes,Extracted,✔,6Y4A2T0NWN,26 Jun 2026,-,,https://x.com/junioichi/status/2070343141337788920?s=46,-,-,junioichi,,Basculegion,Raichu-Mega-Y,Whimsicott,Kingambit,Ninetales-Alola,Garchomp,,MB300
MB299,kanato_poke_'s Gardevoir Venusaur Team,,kanato_poke_,,,,Gardevoirite,,,Venusaurite,,,Focus Sash,,,Life Orb,,,Colbur Berry,,,Leftovers,,https://pokepast.es/668673a79b004b01,Yes,Extracted,✔,0D28BNM3PY,26 Jun 2026,-,,https://x.com/kanato_poke_/status/2070388932232249442?s=46,-,-,kanato_poke_,,Gardevoir-Mega,Venusaur-Mega,Pelipper,Sneasler,Farigiraf,Archaludon,,MB299
MB298,kimyeongddiyp's Charizard-Y Gholdengo Team,,kimyeongddiyp,,,,Charizardite Y,,,Sitrus Berry,,,Choice Scarf,,,Focus Sash,,,Metal Coat,,,Life Orb,,https://pokepast.es/5d632f80f5c7ec96,Yes,Extracted,✔,VRGFQRHU0N,26 Jun 2026,-,,https://x.com/kimyeongddiyp/status/2070178951843233950?s=46,-,-,kimyeongddiyp,,Charizard,Incineroar,Basculegion,Whimsicott,Gholdengo,Garchomp,,MB298
MB297,argent__mj's Gengar Dragonite Team,,argent__mj,,,,Gengarite,,,Passho Berry,,,Chople Berry,,,Focus Sash,,,Dragon Fang,,,Sitrus Berry,,https://pokepast.es/55a033c2cca0070d,Yes,Extracted,✔,TGWU77DKV5,26 Jun 2026,-,,https://x.com/argent__mj/status/2070346077262475413?s=46,-,-,argent__mj,,Gengar-Mega,Incineroar,Kingambit,Ninetales-Alola,Dragonite,Garchomp,,MB297
MB296,bribri_tweets' Swampert Mawile Team,,bribri_tweets,,,,Mawilite,,,Swampertite,,,Life Orb,,,Sitrus Berry,,,Light Clay,,,Leftovers,,https://pokepast.es/7df9ba82a2669df3,Yes,Extracted,✔,M9GJ1S04E8,25 Jun 2026,-,,https://x.com/bribri_tweets/status/2070051497786954147?s=46,-,-,bribri_tweets,,Mawile-Mega,Swampert-Mega,Pelipper,Farigiraf,Grimmsnarl,Archaludon,,MB296
MB295,Riopaser's Eelektross Falinks Team,,Eric Ríos,,,,Eelektrossite,,,Falinksite,,,Charcoal,,,Wide Lens,,,Life Orb,,,Roseli Berry,,https://pokepast.es/4e4e2ed3c8a9d9a5,Yes,Extracted,✔,CFGBFFAWNR,26 Jun 2026,-,,https://x.com/riopaser/status/2070217586512470479?s=46,-,-,riopaser,,Eelektross-Mega,Falinks-Mega,Talonflame,Maushold-Four,Gholdengo,Garchomp,,MB295
MB294,Osada's Floette Maushold Annihilape Team,,Guntur Prabowo,,,,Floettite,,,Tyranitarite,,,Colbur Berry,,,Leftovers,,,Chople Berry,,,Sitrus Berry,,https://pokepast.es/b5c8f513244f237d,Yes,Extracted,✔,6HW1MPC1P6,25 Jun 2026,-,,https://x.com/gunturosada/status/2070173653262913645?s=46,-,-,gunturosada,,Floette-Eternal-Mega,Tyranitar-Mega,Ceruledge,Annihilape,Maushold-Four,Sinistcha,,MB294
MB293,v_ol3's Charizard-Y Floette Team,,v_ol3,,,,Floettite,,,Charizardite Y,,,Life Orb,,,Focus Sash,,,Chople Berry,,,Sitrus Berry,,https://pokepast.es/f644e8f0024c1955,Yes,Extracted,X,None,26 Jun 2026,-,,https://x.com/v_ol3/status/2070203528141025517?s=46,-,-,v_ol3,,Floette-Eternal-Mega,Charizard,Basculegion,Whimsicott,Kingambit,Garchomp,,MB293
MB292,brutetemp's Showdown Ladder Peak 1st Place Team,,brutetemp,,,,Glimmoranite,,,Staraptite,,,Babiri Berry,,,Black Glasses,,,Chople Berry,,,Focus Sash,,https://pokepast.es/d4e2f2167bd00f63,Yes,Owner's,X,None,25 Jun 2026,Showdown Ladder,Peak 1st,https://x.com/brutetemp/status/2070173617422557313?s=46,-,-,brutetemp,,Glimmora-Mega,Staraptor-Mega,Araquanid,Kingambit,Alcremie,Dragapult,,MB292
MB291,Electhor94's Staraptor Floette Team,,Matthieu Barbe,,,,Floettite,,,Staraptite,,,Choice Scarf,,,Focus Sash,,,Sitrus Berry,,,Chople Berry,,https://pokepast.es/7ace5b5e465cee56,Yes,Owner's,✔,BY32K88BSC,26 Jun 2026,-,,https://x.com/electhor94/status/2070250604186779966?s=46,-,-,electhor94,,Floette-Eternal-Mega,Staraptor-Mega,Typhlosion-Hisui,Whimsicott,Farigiraf,Kingambit,,MB291
MB290,rennyvgc's Local Tour Runner Up Team,,rennyvgc,,,,Mawilite,,,Charcoal,,,Wide Lens,,,Choice Scarf,,,Life Orb,,,Sitrus Berry,,https://pokepast.es/80db1a9d56777994,Yes,Extracted,✔,M3SJTRGNV1,25 Jun 2026,Local Tour,Runner Up,https://x.com/rennyvgc/status/2070058394430717980?s=46,-,-,rennyvgc,,Mawile-Mega,Torkoal,Vileplume,Staraptor,Scrafty,Farigiraf,,MB290
MB289,robstar029's Blaziken Grimmsnarl Team,,robstar029,,,,Blazikenite,,,Leftovers,,,Life Orb,,,Sitrus Berry,,,Focus Sash,,,Light Clay,,https://pokepast.es/d835a8e53644e817,Yes,Extracted,✔,FUTTMMNQK3,26 Jun 2026,-,,https://x.com/robstar029/status/2070221039380857265?s=46,-,-,robstar029,,Blaziken-Mega,Torkoal,Venusaur,Farigiraf,Kingambit,Grimmsnarl,,MB289
MB288,Elise's Raichu-Y Floette Team,,Naoyuki Matsuhashi,,,,Floettite,,,Sharp Beak,,,Raichunite Y,,,White Herb,,,Life Orb,,,Never-Melt Ice,,https://pokepast.es/736bfd13a1dae07c,Yes,Extracted,✔,7EVAQY417N,25 Jun 2026,Video,,https://x.com/eripompudding/status/2070100189226893563?s=46,https://www.youtube.com/watch?v=EqD7PAy6Ue8,-,eripompudding,,Floette-Eternal-Mega,Talonflame,Raichu-Mega-Y,Sneasler,Kingambit,Ninetales-Alola,,MB288
MB287,Itachi's Charizard-Y Mawile Team,,Itachi,,,,Mawilite,,,Charizardite Y,,,Sitrus Berry,,,Choice Scarf,,,Focus Sash,,,Colbur Berry,,https://pokepast.es/f49ea1aa107c5afd,Yes,Extracted,✔,7NR7V0V06R,25 Jun 2026,-,,https://x.com/itachivgc/status/2070154464644751507?s=46,-,-,itachivgc,,Mawile-Mega,Charizard,Incineroar,Basculegion,Whimsicott,Farigiraf,,MB287
MB286,WestGleen's Raichu-Y Scrafty Team,,WestGleen,,,,Scraftinite,,,Colbur Berry,,,Leftovers,,,Raichunite Y,,,Life Orb,,,Coba Berry,,https://pokepast.es/386f5a421f274c26,Yes,Extracted,✔,XCTT0FF24X,25 Jun 2026,-,,https://x.com/westgleen/status/2070149492729659799?s=46,-,-,westgleen,,Scrafty-Mega,Ceruledge,Milotic,Raichu-Mega-Y,Sneasler,Sinistcha,,MB286
MB285,JoeUX9's Swampert Overqwil Team,,Joseph Ugarte,,,,Swampertite,,,Life Orb,,,Focus Sash,,,Kasib Berry,,,Light Clay,,,Leftovers,,https://pokepast.es/a47468fd73539fec,Yes,Extracted,X,None,25 Jun 2026,Video,,https://www.youtube.com/watch?v=O2ztJmkPHdk,-,-,JoeuX9,,Swampert-Mega,Pelipper,Overqwil,Sinistcha,Grimmsnarl,Archaludon,,MB285
MB284,soramitu's Gardevoir Maushold Team,,Yasuharu Shimizu,,,,Gardevoirite,,,Sharp Beak,,,Choice Scarf,,,Focus Sash,,,Black Glasses,,,Life Orb,,https://pokepast.es/e09055066efb3644,Yes,Extracted,✔,YEXEDUDA7E,25 Jun 2026,-,,https://x.com/soramitu0322/status/2070117465301078095?s=46,-,-,soramitu0322,,Gardevoir-Mega,Talonflame,Basculegion,Maushold-Four,Kingambit,Garchomp,,MB284
MB283,Xena's Charizard-Y Mawile Team,,Xena,,,,Mawilite,,,Charizardite Y,,,Leftovers,,,Focus Sash,,,Sitrus Berry,,,Life Orb,,https://pokepast.es/dd3926b9ed4f2068,Yes,Extracted,✔,MP91XNQFT8,25 Jun 2026,-,,https://x.com/xenagaming248/status/2070115138771063236?s=46,-,-,xenagaming248,,Mawile-Mega,Charizard,Incineroar,Aerodactyl,Farigiraf,Garchomp,,MB283
MB282,SwapDogVGC's Swampert Dragalge Team,,SwapDogVGC,,,,Dragalgite,,,Swampertite,,,Focus Sash,,,Sitrus Berry,,,Light Clay,,,Leftovers,,https://pokepast.es/cd99dd8c3cc461ec,Yes,Extracted,✔,JMGCS3Y7U1,25 Jun 2026,-,,https://x.com/swapdogvgc/status/2069980863534927955?s=46,-,-,swapdogvgc,,Dragalge-Mega,Swampert-Mega,Pelipper,Sinistcha,Grimmsnarl,Archaludon,,MB282
MB281,MichaelderBeste's Pyroar Sceptile Team,,Michael Kelsch,,,,Pyroarite,,,Sceptilite,,,Life Orb,,,Focus Sash,,,Fairy Feather,,,Choice Scarf,,https://pokepast.es/55c9a9f619e4df33,Yes,Owner's,✔,CTGNQ4EQSC,25 Jun 2026,-,,https://x.com/michaelderbeste/status/2070160114879701116?s=46,-,-,michaelderbeste,,Pyroar-Mega,Sceptile-Mega,Basculegion,Glimmora,Whimsicott,Lucario,,MB281
MB280,sbeve100's Sceptile Rotom-Wash Team,,sbeve100,,,,Sceptilite,,,Quick Claw,,,Choice Scarf,,,Focus Sash,,,Fairy Feather,,,Sitrus Berry,,https://pokepast.es/63e27b789716ec10,Yes,Extracted,✔,5XJCR9WQ06,24 Jun 2026,-,,https://x.com/sbeve100/status/2069704403334975542?s=46,-,-,sbeve100,,Sceptile-Mega,Incineroar,Rotom-Wash,Raichu,Sylveon,Garchomp,,MB280
MB279,abelpoke49r's Gardevoir Grimmsnarl Team,,abelpoke49r,,,,Gardevoirite,,,Life Orb,,,Chople Berry,,,Sitrus Berry,,,Roseli Berry,,,Choice Scarf,,https://pokepast.es/6ca6a16d1feaadd3,Yes,Extracted,✔,0RJQKFESSA,25 Jun 2026,-,,https://x.com/abelpoke49r/status/2069886243371094423?s=46,-,-,abelpoke49r,,Gardevoir-Mega,Incineroar,Maushold-Four,Sinistcha,Grimmsnarl,Garchomp,,MB279
MB278,nl0u2aalww3fh0e's Staraptor Whimsicott Team,,nl0u2aalww3fh0e,,,,Staraptite,,,Focus Sash,,,Choice Scarf,,,Chople Berry,,,Light Clay,,,Soft Sand,,https://pokepast.es/3a4f3fd1bd7592bc,Yes,Extracted,✔,7VL51RLF2S,24 Jun 2026,-,,https://x.com/nl0u2aalww3fh0e/status/2069776909781942503?s=46,-,-,nl0u2aalww3fh0e,,Staraptor-Mega,Whimsicott,Gholdengo,Kingambit,Grimmsnarl,Garchomp,,MB278
MB277,downtowntojun's Mawile Abomasnow HTR Team,,downtowntojun,,,,Abomasite,,,Mawilite,,,Charcoal,,,Life Orb,,,Choice Scarf,,,Sitrus Berry,,https://pokepast.es/49a7038c53e19930,Yes,Extracted,✔,JG6QL74NE9,24 Jun 2026,-,,https://x.com/downtowntojun/status/2069745956363637033?s=46,-,-,downtowntojun,,Abomasnow-Mega,Mawile-Mega,Torkoal,Mudsdale,Staraptor,Farigiraf,,MB277
MB276,teppen11's Swampert Gengar Team,,teppen11,,,,Gengarite,,,Swampertite,,,Sitrus Berry,,,Choice Scarf,,,Damp Rock,,,Leftovers,,https://pokepast.es/42d3f73c1a0ef200,Yes,Extracted,X,None,24 Jun 2026,-,,https://x.com/teppen11/status/2069793306272514065?s=46,-,-,teppen11,,Gengar-Mega,Swampert-Mega,Incineroar,Basculegion,Politoed,Archaludon,,MB276
MB275,alcana's Swampert Venusaur Team,,Kiwamu Endo,,,,Swampertite,,,Venusaurite,,,Choice Scarf,,,Life Orb,,,Light Clay,,,Leftovers,,https://pokepast.es/f0105fa1d0cc8b64,Yes,Extracted,✔,7QPLGHVFGV,25 Jun 2026,Video,,https://x.com/alcana_10906/status/2069854129909010498?s=46,https://www.youtube.com/watch?v=_zsjCRyEfWM,-,alcana_10906,,Swampert-Mega,Venusaur-Mega,Basculegion,Pelipper,Grimmsnarl,Archaludon,,MB275
MB274,Rizaya's Floette Palafin Team,,Panyawut Noijan,,,,Floettite,,,Sitrus Berry,,,Leftovers,,,Focus Sash,,,Roseli Berry,,,Life Orb,,https://pokepast.es/bc670a373de42fbb,Yes,Extracted,✔,5XQMPD234T,24 Jun 2026,-,,https://x.com/rizaya_c/status/2069776887346524244?s=46,-,-,rizaya_c,,Floette-Eternal-Mega,Incineroar,Palafin,Gholdengo,Altaria,Garchomp,,MB274
MB273,morton_aj's Charizard-X Floette Team,,morton_aj,,,,Floettite,,,Charizardite X,,,Chople Berry,,,Focus Sash,,,Sitrus Berry,,,Black Glasses,,https://pokepast.es/73b10f321bb443d3,Yes,Owner's,X,None,24 Jun 2026,-,,https://x.com/morton_aj/status/2069775866666659928?s=46,-,-,morton_aj,,Floette-Eternal-Mega,Charizard,Incineroar,Sneasler,Sinistcha,Kingambit,,MB273
MB272,MichaelderBeste's Eelektross Offense Team,,Michael Kelsch,,,,Eelektrossite,,,Sharp Beak,,,Occa Berry,,,Life Orb,,,Focus Sash,,,Sitrus Berry,,https://pokepast.es/5470e8f74ef6a8c6,Yes,Owner's,✔,R6N28Y13TS,24 Jun 2026,-,,https://x.com/michaelderbeste/status/2069797733578297487?s=46,-,-,michaelderbeste,,Eelektross-Mega,Talonflame,Tsareena,Gholdengo,Ninetales-Alola,Garchomp,,MB272
MB271,BTrickroomZ's Scovillain Gholdengo Team,,Yuta Ishigaki,,,,Scovillainite,,,Sitrus Berry,,,Leftovers,,,Kasib Berry,,,Light Clay,,,Choice Scarf,,https://pokepast.es/398de5019cb67d50,Yes,Extracted,✔,P1LJBDKRQ7,24 Jun 2026,Video,,https://x.com/btrickroomz/status/2069773460604399618?s=46,https://www.youtube.com/live/2uAV4uRmwrI?si=zgLO1GLTN5QtnTUP,-,btrickroomz,,Scovillain-Mega,Politoed,Toxapex,Gholdengo,Grimmsnarl,Hydreigon,,MB271
MB270,24kun315's Scrafty Aerodactyl Team,,24kun315,,,,Aerodactylite,,,Scraftinite,,,Choice Scarf,,,Focus Sash,,,Fairy Feather,,,Life Orb,,https://pokepast.es/3f706c2e0047d2b4,Yes,Extracted,✔,9FF8PEJE8X,24 Jun 2026,-,,https://x.com/24kun315/status/2069770587405430967?s=46,-,-,24kun315,,Aerodactyl-Mega,Scrafty-Mega,Ninetales,Venusaur,Sylveon,Dragonite,,MB270
MB269,totsuwaki_coal's Camerupt Abomasnow Team,,totsuwaki_coal,,,,Abomasite,,,Cameruptite,,,White Herb,,,Choice Scarf,,,Focus Sash,,,Life Orb,,https://pokepast.es/a00dd5a292ef981d,Yes,Extracted,X,None,24 Jun 2026,-,,https://x.com/totsuwaki_coal/status/2069695784577298897?s=20,-,-,totsuwaki_coal,,Abomasnow-Mega,Camerupt-Mega,Sneasler,Staraptor,Farigiraf,Kingambit,,MB269
MB268,UB_SLOW's Ruler of Origin Tour (Doubles) 2nd Place Team,,Kaito Arii,,,,Metagrossite,,,Charizardite Y,,,Leftovers,,,Roseli Berry,,,Sitrus Berry,,,Choice Scarf,,https://pokepast.es/1a8b272fb8685a21,Yes,Extracted,✔,AH78GPXVR0,21 Jun 2026,Ruler of Origin Tour (Doubles),2nd,https://x.com/ub_slow/status/2068723105342869795?s=46,-,-,ub_slow,,Metagross-Mega,Charizard,Toxapex,Grimmsnarl,Garchomp,Hydreigon,,MB268
MB267,infinity_ju's Ruler of Origin Tour (Doubles) 6th Place Team,,infinity_ju,,,,Blastoisinite,,,Gengarite,,,Sitrus Berry,,,Rindo Berry,,,Kasib Berry,,,Leftovers,,https://pokepast.es/892a4b8172418a85,No,Extracted,X,None,22 Jun 2026,Ruler of Origin Tour (Doubles),6th,https://x.com/Infinity_Ju/status/2069249060654248219,-,-,Infinity_Ju,,Blastoise-Mega,Gengar-Mega,Pelipper,Swampert,Sinistcha,Archaludon,,MB267
MB266,lix12_poke's Ruler of Origin Tour (Doubles) 7th Place Team,,lix12_poke,,,,Floettite,,,Charizardite Y,,,Life Orb,,,Focus Sash,,,Black Glasses,,,Roseli Berry,,https://pokepast.es/e63f3cbd94b85986,Yes,Extracted,✔,HHV3X5XQWT,21 Jun 2026,Ruler of Origin Tour (Doubles),7th,https://x.com/lix12_poke/status/2068669051703071134?s=46,-,-,lix12_poke,,Floette-Eternal-Mega,Charizard,Basculegion,Whimsicott,Kingambit,Garchomp,,MB266
MB265,Wataru's Ruler of Origin Tour (Doubles) 16th Place Team,,Wataru Arai,,,,Floettite,,,Charizardite Y,,,Mystic Water,,,Focus Sash,,,Chople Berry,,,Life Orb,,https://pokepast.es/878deb3373b7497f,Yes,Extracted,✔,YW9JU715U8,23 Jun 2026,Ruler of Origin Tour (Doubles),16th,https://x.com/kou_111111/status/2069370860935459311?s=20,-,-,kou_111111,,Floette-Eternal-Mega,Charizard,Basculegion,Whimsicott,Kingambit,Garchomp,,MB265
MB264,yupororo1113's Ruler of Origin Tour (Doubles) 18th Place Team,,yupororo1113,,,,Dragoninite,,,Focus Sash,,,Choice Scarf,,,Expert Belt,,,Sitrus Berry,,,Life Orb,,https://pokepast.es/c60720b67c5e5266,Yes,Extracted,✔,7M11G7UQP9,26 Jun 2026,Ruler of Origin Tour (Doubles),18th,https://x.com/yupororo1113/status/2070754993645527469?s=20,https://note.com/yupororo1113/n/ndc79c5b8be49?sub_rt=share_pw,-,yupororo1113,,Dragonite-Mega,Ceruledge,Basculegion,Sneasler,Farigiraf,Hydreigon,,MB264
MB263,Tsuyu's Ruler of Origin Tour (Doubles) 26th Place Team,,Seowon Kim,,,,Metagrossite,,,Swampertite,,,Passho Berry,,,Sitrus Berry,,,Focus Sash,,,Leftovers,,https://pokepast.es/96aad3f0fd32999a,Yes,Extracted,✔,H6X5EBP026,2 Jul 2026,Ruler of Origin Tour (Doubles),26th,https://x.com/tsuyuvgc/status/2072660333999833389?s=46,https://liberty-note.com/2026/07/02/poke_times_cup-double-26th/,-,tsuyuvgc,,Metagross-Mega,Swampert-Mega,Incineroar,Pelipper,Sneasler,Archaludon,,MB263
MB262,frozen3times' Ruler of Origin Tour (Doubles) 33rd Place Team,,frozen3times,,,,Blazikenite,,,Dragoninite,,,Life Orb,,,Choice Scarf,,,Chople Berry,,,Light Clay,,https://pokepast.es/711c62a5f1970266,Yes,Extracted,✔,KXTUXMYXVP,23 Jun 2026,Ruler of Origin Tour (Doubles),33rd,https://x.com/frozen3times/status/2069377533339140217?s=20,-,-,frozen3times,,Blaziken-Mega,Dragonite-Mega,Basculegion,Vanilluxe,Kingambit,Ninetales-Alola,,MB262
MB261,Yanagi's Ruler of Origin Tour (Doubles) 42nd Place Team,,Yosuke Takayanagi,,,,Floettite,,,Metagrossite,,,Charcoal,,,Iron Ball,,,Silk Scarf,,,Sitrus Berry,,https://pokepast.es/868616f74e2373bb,Yes,Extracted,✔,R2W4TSDHJ5,22 Jun 2026,Ruler of Origin Tour (Doubles),42nd,https://x.com/yanagit_poke/status/2069036189852852280?s=46,https://www.youtube.com/watch?v=Y9EoXTlk6mM,-,yanagit_poke,,Floette-Eternal-Mega,Metagross-Mega,Torkoal,Sneasler,Kangaskhan,Farigiraf,,MB261
MB260,yukao_pokemon's Ruler of Origin Tour (Doubles) 67th Place Team,,yukao_pokemon,,,,Delphoxite,,,Staraptite,,,Leftovers,,,Chople Berry,,,Focus Sash,,,Coba Berry,,https://pokepast.es/0a136a5de6376a04,Yes,Extracted,X,None,22 Jun 2026,Ruler of Origin Tour (Doubles),67th,https://x.com/yukao_pokemon/status/2068688443593625677?s=46,-,-,yukao_pokemon,,Delphox-Mega,Staraptor-Mega,Annihilape,Maushold-Four,Whimsicott,Sinistcha,,MB260
MB259,salmon102's Ruler of Origin Tour (Doubles) 72nd Place Team,,salmon102,,,,Barbaracite,,,Charcoal,,,Choice Scarf,,,Mental Herb,,,Life Orb,,,Fairy Feather,,https://pokepast.es/eb30a196bec16a0a,Yes,Extracted,✔,6G2PRCDXUB,1 Jul 2026,Ruler of Origin Tour (Doubles),72nd,https://x.com/salmon102/status/2072156562391712188?s=46,https://darmarkol.hatenadiary.jp/entry/2026/07/01/120815,-,salmon102,,Barbaracle-Mega,Torkoal,Staraptor,Farigiraf,Sinistcha,Sylveon,,MB259
MB258,FuuSh2006's Ruler of Origin Tour (Doubles) 75th Place Team,,FuuSh2006,,,,Mawilite,,,Staraptite,,,Sitrus Berry,,,Coba Berry,,,Light Clay,,,Leftovers,,https://pokepast.es/27a98e4c07e1b25f,Yes,Extracted,✔,6S4J976V3W,23 Jun 2026,Ruler of Origin Tour (Doubles),75th,https://x.com/FuuSh2006/status/2069431794718642336,-,-,FuuSh2006,,Mawile-Mega,Staraptor-Mega,Politoed,Sinistcha,Grimmsnarl,Archaludon,,MB258
MB257,Yuki's Ruler of Origin Tour (Doubles) 80th Place Team,,Yuki Shimizu,,,,Blastoisinite,,,Gengarite,,,Chople Berry,,,Focus Sash,,,Coba Berry,,,Sitrus Berry,,https://pokepast.es/c252488fdd44c277,No,Extracted,X,None,23 Jun 2026,Ruler of Origin Tour (Doubles),80th,https://x.com/yuki_rotom/status/2069381869133857141,-,-,yuki_rotom,,Blastoise-Mega,Gengar-Mega,Incineroar,Maushold-Four,Sinistcha,Kommo-o,,MB257
MB256,r_oyoyo's Ruler of Origin Tour (Doubles) Team,,r_oyoyo,,,,Mawilite,,,Swampertite,,,Focus Sash,,,Light Clay,,,Coba Berry,,,Leftovers,,https://pokepast.es/b83978cc199ad4ab,Yes,Extracted,✔,C23WAHSP4G,22 Jun 2026,Ruler of Origin Tour (Doubles),121st,https://x.com/r_oyoyo/status/2068881649887277418?s=46,-,-,r_oyoyo,,Mawile-Mega,Swampert-Mega,Pelipper,Sableye,Sinistcha,Archaludon,,MB256
MB255,masapoke0716's Ruler of Origin Tour (Doubles) Team,,masapoke0716,,,,Charizardite Y,,,Focus Sash,,,Magnet,,,Light Clay,,,Fairy Feather,,,Life Orb,,https://pokepast.es/270173d4cbb96696,Yes,Extracted,X,None,27 Jun 2026,Ruler of Origin Tour (Doubles),140th,https://x.com/masapoke0716/status/2070804614820311128?s=46,https://note.com/zearth_228/n/naea6d365cca2?app_launch=false,-,masapoke0716,,Charizard,Basculegion,Bellibolt,Sableye,Sylveon,Garchomp,,MB255
MB254,mikan_n_kanzume's Ruler of Origin Tour (Doubles) Team,,mikan_n_kanzume,,,,Mawilite,,,Charcoal,,,Choice Scarf,,,Colbur Berry,,,Sitrus Berry,,,Babiri Berry,,https://pokepast.es/ba3260df2bb2d69f,Yes,Extracted,✔,RE479A4BGW,23 Jun 2026,Ruler of Origin Tour (Doubles),169th,https://x.com/mikan_n_kanzume/status/2069271749410382246?s=46,-,-,mikan_n_kanzume,,Mawile-Mega,Torkoal,Staraptor,Farigiraf,Sinistcha,Grimmsnarl,,MB254
MB253,erennpokemon's Ruler of Origin Tour (Doubles) Team,,erennpokemon,,,,Meganiumite,,,Mystic Water,,,Focus Sash,,,Sitrus Berry,,,Raichunite Y,,,Leftovers,,https://pokepast.es/6aac77f2c7ba1b27,Yes,Extracted,✔,VLJPBDD1CF,22 Jun 2026,Ruler of Origin Tour (Doubles),213rd,https://x.com/erennpokemon/status/2069064279534546992?s=46,-,-,erennpokemon,,Meganium-Mega,Basculegion,Greninja,Pelipper,Raichu-Mega-Y,Archaludon,,MB253
MB252,shikabane_chann's Ruler of Origin Tour (Doubles) Team,,shikabane,,,,Metagrossite,,,Leftovers,,,Focus Sash,,,Kasib Berry,,,Sitrus Berry,,,Roseli Berry,,https://pokepast.es/8a738d5f62a1b2e9,Yes,Extracted,✔,VM8R43VHYU,21 Jun 2026,Ruler of Origin Tour (Doubles),230th,https://x.com/shikabane_chann/status/2068621542674886976?s=46,-,-,shikabane_chann,,Metagross-Mega,Primarina,Sneasler,Sinistcha,Altaria,Garchomp,,MB252
MB251,yuki_pkmon's Ruler of Origin Tour (Doubles) Team,,yuki_pkmon,,,,Floettite,,,Swampertite,,,Focus Sash,,,Light Clay,,,Coba Berry,,,Leftovers,,https://pokepast.es/7fafc1eecd7ca016,Yes,Extracted,✔,FK371V4GKM,21 Jun 2026,Ruler of Origin Tour (Doubles),299th,https://x.com/yuki_pkmon/status/2068596823720431649?s=46,-,-,yuki_pkmon,,Floette-Eternal-Mega,Swampert-Mega,Pelipper,Sableye,Sinistcha,Archaludon,,MB251
MB250,starfish0206's Ruler of Origin Tour (Doubles) Team,,starfish0206,,,,Delphoxite,,,Staraptite,,,Chople Berry,,,Coba Berry,,,Life Orb,,,Choice Scarf,,https://pokepast.es/03a7e566b9120155,Yes,Extracted,✔,4F5BBPJRB8,21 Jun 2026,Ruler of Origin Tour (Doubles),935th,https://x.com/starfish0206/status/2068652036040929546?s=46,-,-,starfish0206,,Delphox-Mega,Staraptor-Mega,Maushold-Four,Whimsicott,Gholdengo,Garchomp,,MB250
MB249,SwapDogVGC's Ruler of Origin Tour (Doubles) Team,,SwapDogVGC,,,,Metagrossite,,,Life Orb,,,Sitrus Berry,,,Raichunite Y,,,Focus Sash,,,Fairy Feather,,https://pokepast.es/ab77a8ebf30a4c1d,Yes,Extracted,✔,99GFGF2RNJ,21 Jun 2026,Ruler of Origin Tour (Doubles),,https://x.com/SwapDogVGC/status/2068586314535157990?s=20,-,-,SwapDogVGC,,Metagross-Mega,Basculegion,Tsareena,Raichu-Mega-Y,Whimsicott,Sylveon,,MB249
MB248,o_rensummer's Ruler of Origin Tour (Doubles) Team,,o_rensummer,,,,Delphoxite,,,Floettite,,,Life Orb,,,Focus Sash,,,Occa Berry,,,Sitrus Berry,,https://pokepast.es/cc2989200e959351,Yes,Extracted,X,None,22 Jun 2026,Ruler of Origin Tour (Doubles),,https://x.com/o_rensummer/status/2068770496813162992?s=46,-,-,o_rensummer,,Delphox-Mega,Floette-Eternal-Mega,Basculegion,Whimsicott,Kingambit,Garchomp,,MB248
MB247,Wowyang's Ruler of Origin Tour (Doubles) Team,,Fang Yu-Yang,,,,Pyroarite,,,Staraptite,,,Chople Berry,,,Charcoal,,,Sitrus Berry,,,Light Clay,,https://pokepast.es/99039478c14cc5a4,Yes,Extracted,✔,74AHMYJH18,22 Jun 2026,Ruler of Origin Tour (Doubles),,https://x.com/wowyang4/status/2068923497615884536?s=46,-,-,wowyang4,,Pyroar-Mega,Staraptor-Mega,Incineroar,Torkoal,Sinistcha,Grimmsnarl,,MB247
MB246,uobqwqxcs8mp5td's Ruler of Origin Tour (Doubles) Team,,uobqwqxcs8mp5td,,,,Metagrossite,,,Sitrus Berry,,,Choice Scarf,,,Raichunite Y,,,Never-Melt Ice,,,Life Orb,,https://pokepast.es/a626d9eaa79ece8c,Yes,Extracted,✔,KY0N6YV67X,21 Jun 2026,Ruler of Origin Tour (Doubles),,https://x.com/uobqwqxcs8mp5td/status/2068655279177371921?s=46,-,-,uobqwqxcs8mp5td,,Metagross-Mega,Incineroar,Basculegion,Raichu-Mega-Y,Ninetales-Alola,Garchomp,,MB246
MB245,hutanagi's Ruler of Origin Tour (Doubles) Team,,hutanagi,,,,Staraptite,,,Swampertite,,,Chople Berry,,,Sitrus Berry,,,Focus Sash,,,Leftovers,,https://pokepast.es/106326577b92fba2,Yes,Extracted,X,None,21 Jun 2026,Ruler of Origin Tour (Doubles),,https://x.com/hutanagi/status/2068633930979594424?s=20,-,-,hutanagi,,Staraptor-Mega,Swampert-Mega,Incineroar,Pelipper,Whimsicott,Archaludon,,MB245
MB244,gravity030's Ruler of Origin Tour (Doubles) Team,,gravity030,,,,Blazikenite,,,Froslassite,,,Choice Scarf,,,Focus Sash,,,Kasib Berry,,,Life Orb,,https://pokepast.es/23538a4ad7d20e6b,Yes,Extracted,✔,A1J6JFXQYU,21 Jun 2026,Ruler of Origin Tour (Doubles),,https://x.com/gravity030/status/2068604071133798907?s=46,-,-,gravity030,,Blaziken-Mega,Froslass-Mega,Basculegion,Sneasler,Sinistcha,Kingambit,,MB244
MB243,RevZardVGC's Charizard-Y Metagross Team,,RevZardVGC,,,,Charizardite Y,,,Metagrossite,,,Life Orb,,,Sitrus Berry,,,Light Clay,,,Colbur Berry,,https://pokepast.es/42a7064b57fcdb12,Yes,Owner's,✔,9VC65QV465,24 Jun 2026,-,,Discord Submission,-,-,RevZardVGC,,Charizard-Mega-Y,Metagross-Mega,Venusaur,Clefable,Sableye,Farigiraf,,MB243
MB242,pooble_'s Floette Gholdengo Team,,pooble_,,,,Aerodactylite,,,Floettite,,,Sitrus Berry,,,Wide Lens,,,Life Orb,,,Dragon Fang,,https://pokepast.es/1c38add552743f69,Yes,Owner's,✔,QSBM6SGP11,24 Jun 2026,-,,https://x.com/pooble_/status/2069715785795223848?s=46,-,-,pooble_,,Aerodactyl-Mega,Floette-Mega,Incineroar,Tsareena,Gholdengo,Kommo-o,,MB242
MB241,yabeamatup_poke's Staraptor Pyroar Team,,yabeamatup_poke,,,,Pyroarite,,,Staraptite,,,Choice Scarf,,,Focus Sash,,,Light Clay,,,Sitrus Berry,,https://pokepast.es/ac9b3de594d876db,Yes,Extracted,✔,LWVFWL7UY1,24 Jun 2026,-,,https://x.com/yabeamatup_poke/status/2069714398294446457?s=46,-,-,yabeamatup_poke,,Pyroar-Mega,Staraptor-Mega,Ninetales,Venusaur,Grimmsnarl,Sylveon,,MB241
MB240,spy_anya11's Pyroar Scrafty Team,,spy_anya11,,,,Pyroarite,,,Scraftinite,,,Leftovers,,,Life Orb,,,Sitrus Berry,,,Focus Sash,,https://pokepast.es/29f89e65f303112b,Yes,Extracted,✔,UN7HMTBS0X,24 Jun 2026,-,,https://x.com/spy_anya11/status/2069703970675888505?s=46,-,-,spy_anya11,,Pyroar-Mega,Scrafty-Mega,Torkoal,Sneasler,Farigiraf,Kingambit,,MB240
MB239,Fortree21's Mawile Scrafty HTR Team,,Fortree21,,,,Mawilite,,,Scraftinite,,,Shuca Berry,,,Charcoal,,,Sitrus Berry,,,Life Orb,,https://pokepast.es/415f445085a5b2a5,Yes,Extracted,✔,PH0KDQR5VE,24 Jun 2026,Video,,https://youtu.be/6Tgwg8-yLmU?si=ZNvOeIiBo3XBGkP9,-,-,Fortree21,,Mawile-Mega,Scrafty-Mega,Incineroar,Torkoal,Farigiraf,Hatterene,,MB239
MB238,salmon102's Barbaracle Sylveon Team,,salmon102,,,,Barbaracite,,,Charcoal,,,Choice Scarf,,,Mental Herb,,,Life Orb,,,Fairy Feather,,https://pokepast.es/3acf95e13bcd4943,Yes,Extracted,✔,6G2PRCDXUB,23 Jun 2026,-,,https://x.com/salmon102/status/2069442351320453163?s=46,-,-,salmon102,,Barbaracle-Mega,Torkoal,Staraptor,Farigiraf,Sinistcha,Sylveon,,MB238
MB237,kashiwagineru's Swampert Venusaur Team,,kashiwagineru,,,,Swampertite,,,Venusaurite,,,Focus Sash,,,Roseli Berry,,,Black Glasses,,,Leftovers,,https://pokepast.es/ae0f8b3c320d7f73,Yes,Extracted,✔,MLXS20J35F,24 Jun 2026,-,,https://x.com/kashiwagineru/status/2069690518024659360?s=46,-,-,kashiwagineru,,Swampert-Mega,Venusaur-Mega,Pelipper,Sableye,Kingambit,Archaludon,,MB237
MB236,kunisada00eikan's Pyroar Whimsicott Team,,kunisada00eikan,,,,Pyroarite,,,Charcoal,,,Choice Scarf,,,Focus Sash,,,Fairy Feather,,,Life Orb,,https://pokepast.es/439f55b2e015170e,Yes,Extracted,✔,VWMM6KN404,23 Jun 2026,-,,https://x.com/kunisada00eikan/status/2069395384406098043?s=46,-,-,kunisada00eikan,,Pyroar-Mega,Torkoal,Staraptor,Whimsicott,Sylveon,Garchomp,,MB236
MB235,Misaka's Mawile HTR Team,,Misaka,,,,Mawilite,,,Charcoal,,,Choice Scarf,,,Silk Scarf,,,Focus Sash,,,Sitrus Berry,,https://pokepast.es/5d9021e5d4ca36cd,Yes,Extracted,✔,U5DDGTHR8J,24 Jun 2026,-,,https://x.com/agmewtwo/status/2069675162723824097?s=46,-,-,agmewtwo,,Mawile-Mega,Torkoal,Staraptor,Kangaskhan,Vivillon,Farigiraf,,MB235
MB234,AndyBakes' Scovillain Aerodactyl Team,,AndyBakes,,,,Aerodactylite,,,Scovillainite,,,Wide Lens,,,Focus Sash,,,Fairy Feather,,,Leftovers,,https://pokepast.es/c41ef5bc72c2eb7d,Yes,Extracted,✔,3DXBQ7DWPJ,24 Jun 2026,-,,https://x.com/andybakesyt/status/2069689832939635195?s=46,https://x.com/AndyBakesYT/status/2069662814890016804,-,andybakesyt,,Aerodactyl-Mega,Scovillain-Mega,Maushold-Four,Kingambit,Sylveon,Archaludon,,MB234
MB233,victryena's Incineroar Torkoal HTR Team,,victryena,,,,Life Orb,,,Charcoal,,,White Herb,,,Focus Sash,,,Sitrus Berry,,,Fairy Feather,,https://pokepast.es/ce09121b71342bc3,Yes,Extracted,X,None,24 Jun 2026,-,,https://x.com/victryena/status/2069620088437899354?s=46&t=WmXEnVa3rTSw0P9A0n6S3Q,-,-,victryena,,Incineroar,Torkoal,Gallade,Vivillon,Farigiraf,Hatterene,,MB233
MB232,Gworf's Floette Overqwil Team,,Zach Knight,,,,Floettite,,,Metagrossite,,,Life Orb,,,Focus Sash,,,Black Glasses,,,Choice Scarf,,https://pokepast.es/f95a1ab7ccdf90b4,Yes,Extracted,✔,7Q0SMXUX3X,23 Jun 2026,-,,https://x.com/gworfvgc/status/2069505241549246584?s=46,-,-,gworfvgc,,Floette-Eternal-Mega,Metagross-Mega,Palafin,Pelipper,Overqwil,Hydreigon,,MB232
MB231,PsychoR&R's Staraptor Delphox Team,,PsychoR&R,,,,Delphoxite,,,Staraptite,,,Sitrus Berry,,,Focus Sash,,,Kasib Berry,,,Roseli Berry,,https://pokepast.es/bbc9065517bd818c,Yes,Owner's,X,None,23 Jun 2026,-,,https://x.com/psyr_r/status/2069486865233899646?s=46,-,-,psyr_r,,Delphox-Mega,Staraptor-Mega,Incineroar,Maushold,Sinistcha,Grimmsnarl,,MB231
MB230,TitanoPigro3's Intimidators Ladder Tour Champion Team,,Lorenzo Rizzi,,,,Lopunnite,,,Swampertite,,,Life Orb,,,Focus Sash,,,Chople Berry,,,Leftovers,,https://pokepast.es/ec43f2aa919c3909,Yes,Owner's,✔,BD4QGBT8DW,23 Jun 2026,Intimidators Ladder Tour,Champion,https://x.com/TitanoPigro3/status/2069540601305899182,-,-,TitanoPigro3,,Lopunny-Mega,Swampert-Mega,Basculegion,Pelipper,Maushold,Archaludon,,MB230
MB229,coo_sleep_talk's Metagross Charizard-Y Venusaur Team,,coo_sleep_talk,,,,Metagrossite,,,Venusaurite,,,Charizardite Y,,,Life Orb,,,Focus Sash,,,Choice Scarf,,https://pokepast.es/ee2867fdba88a1c8,Yes,Extracted,X,None,23 Jun 2026,-,,https://x.com/coo_sleep_talk/status/2069351826961703419?s=46,-,-,coo_sleep_talk,,Metagross-Mega,Venusaur-Mega,Charizard,Mimikyu,Ninetales-Alola,Hydreigon,,MB229
MB228,Teriso241's Dragalge Staraptor Team,,Teriso241,,,,Dragalgite,,,Staraptite,,,Charcoal,,,Focus Sash,,,Sitrus Berry,,,Metal Coat,,https://pokepast.es/e15d08803a7e0c19,Yes,Owner's,X,None,23 Jun 2026,-,,https://x.com/Teriso241,-,-,Manual Entry,,Dragalge-Mega,Staraptor-Mega,Incineroar,Whimsicott,Farigiraf,Gholdengo,,MB228
MB227,Ale's Mawile Rain Team,,Ale,,,,Mawilite,,,Swampertite,,,Life Orb,,,Focus Sash,,,Sitrus Berry,,,Leftovers,,https://pokepast.es/8e3f57c7e8cb878a,Yes,Extracted,✔,A61LY04YRT,23 Jun 2026,-,,https://x.com/alerr16/status/2069381624790241378?s=46,-,-,alerr16,,Mawile-Mega,Swampert-Mega,Pelipper,Sneasler,Farigiraf,Archaludon,,MB227
MB226,SewrathVGC's Metagross Eelektross Team,,SewrathVGC,,,,Eelektrossite,,,Metagrossite,,,Leftovers,,,Wide Lens,,,Choice Scarf,,,Light Clay,,https://pokepast.es/a59649aed97d6771,Yes,Extracted,✔,Q65GRYACV3,23 Jun 2026,-,,https://x.com/sewrathvgc/status/2069337289952530883?s=46&t=WmXEnVa3rTSw0P9A0n6S3Q,-,-,sewrathvgc,,Eelektross-Mega,Metagross-Mega,Annihilape,Maushold-Four,Gardevoir,Grimmsnarl,,MB226
MB225,MichaelderBeste's Raichu-Y Mawile Team,,Michael Kelsch,,,,Mawilite,,,Colbur Berry,,,Sitrus Berry,,,Leftovers,,,Raichunite Y,,,Kasib Berry,,https://pokepast.es/3e611d345246f8a9,Yes,Owner's,✔,YCQ48V3NMG,23 Jun 2026,-,,https://x.com/michaelderbeste/status/2069435362418553223?s=46,-,-,michaelderbeste,,Mawile-Mega,Ceruledge,Incineroar,Milotic,Raichu-Mega-Y,Sinistcha,,MB225
MB224,Xena's Charizard-Y Mawile Team,,Xena,,,,Mawilite,,,Charizardite Y,,,Sitrus Berry,,,Life Orb,,,Focus Sash,,,Roseli Berry,,https://pokepast.es/754effbd568ea1b9,Yes,Extracted,✔,GESXQDU396,23 Jun 2026,-,,https://x.com/Xenagaming248/status/2069345804415094939?s=20,-,-,Xenagaming248,,Mawile-Mega,Charizard,Incineroar,Basculegion,Whimsicott,Garchomp,,MB224
MB223,spy_anya11's Eelektross Floette Team,,spy_anya11,,,,Eelektrossite,,,Floettite,,,Leftovers,,,Kasib Berry,,,Focus Sash,,,Roseli Berry,,https://pokepast.es/333e417364b82ade,Yes,Extracted,✔,W9TS63W2R3,23 Jun 2026,-,,https://x.com/spy_anya11/status/2069320462287671508?s=46,-,-,spy_anya11,,Eelektross-Mega,Floette-Eternal-Mega,Incineroar,Sinistcha,Gholdengo,Grimmsnarl,,MB223
MB222,arcana's Raichu-Y Blaziken Team,,arcana,,,,Blazikenite,,,Raichunite Y,,,Sitrus Berry,,,Occa Berry,,,Focus Sash,,,Choice Scarf,,https://pokepast.es/19d14fcf7a869a69,Yes,Extracted,✔,FXXRENNATF,23 Jun 2026,-,,Discord Submission,-,-,arcana,,Blaziken-Mega,Raichu-Mega-Y,Farigiraf,Corviknight,Ninetales-Alola,Hydreigon,,MB222
MB221,James Baek's Sceptile Rotom-Heat Team,,James Baek,,,,Sceptilite,,,Choice Scarf,,,Life Orb,,,Focus Sash,,,Sitrus Berry,,,Chople Berry,,https://pokepast.es/1be0b949768646e8,Yes,Extracted,✔,EH4KMQW7FE,23 Jun 2026,Video,,https://www.youtube.com/watch?v=WdfIX5-SgAs,-,-,JamesWBaek,,Sceptile-Mega,Rotom-Heat,Basculegion,Aerodactyl,Clefable,Kingambit,,MB221
MB220,lucariojr's Blaziken Clefable Team,,lucariojr,,,,Blazikenite,,,Clefablite,,,Wide Lens,,,Sitrus Berry,,,Black Glasses,,,Life Orb,,https://pokepast.es/f432f7508a527cce,Yes,Extracted,✔,QKHVYWFSPP,23 Jun 2026,-,,https://x.com/lucariojr/status/2069165200129904959?s=46,-,-,lucariojr,,Blaziken-Mega,Clefable-Mega,Tsareena,Corviknight,Kingambit,Garchomp,,MB220
MB219,Sportaholic's Floette Armarouge Team,,Long Nguyễn,,,,Floettite,,,Shuca Berry,,,Mystic Water,,,Focus Sash,,,Chople Berry,,,Black Glasses,,https://pokepast.es/c0f0710463111d29,Yes,Extracted,✔,LU3YHD7QWB,23 Jun 2026,-,,https://x.com/sportaholic_21/status/2069218669113315605?s=46,-,-,sportaholic_21,,Floette-Eternal-Mega,Armarouge,Basculegion,Pelipper,Maushold-Four,Kingambit,,MB219
MB218,bryan_coffeebun's Staraptor Sableye Team,,bryan_coffeebun,,,,Staraptite,,,Leftovers,,,Focus Sash,,,White Herb,,,Light Clay,,,Chople Berry,,https://pokepast.es/6afdc5f102b1b421,Yes,Extracted,✔,7B6BKMTRHG,23 Jun 2026,-,,https://x.com/Bryan_CoffeeBun/status/2069418871745044621,-,-,Bryan_CoffeeBun,,Staraptor-Mega,Milotic,Raichu,Sneasler,Sableye,Hydreigon,,MB218
MB217,poke_sky39's Venusaur Froslass Team,,poke_sky39,,,,Froslassite,,,Venusaurite,,,Passho Berry,,,Sitrus Berry,,,Leftovers,,,Life Orb,,https://pokepast.es/fa235b96673b56ed,Yes,Extracted,✔,5C01H8PTYE,23 Jun 2026,-,,https://x.com/poke_sky39/status/2069227478816825538?s=46,-,-,poke_sky39,,Froslass-Mega,Venusaur-Mega,Incineroar,Clefable,Archaludon,Garchomp,,MB217
MB216,_oishikute's Swampert Floette Team,,_oishikute,,,,Floettite,,,Swampertite,,,Choice Scarf,,,Mystic Water,,,Coba Berry,,,Leftovers,,https://pokepast.es/de1d784d6b57e034,Yes,Extracted,✔,KPWTACK35G,23 Jun 2026,-,,https://x.com/_oishikute/status/2069112694540820616?s=46,-,-,_oishikute,,Floette-Eternal-Mega,Swampert-Mega,Pelipper,Politoed,Sinistcha,Archaludon,,MB216
MB215,weedcops' Delphox Whimsicott Team,,weedcops,,,,Delphoxite,,,Leftovers,,,Wide Lens,,,Focus Sash,,,Mental Herb,,,Sitrus Berry,,https://pokepast.es/79a8705f3f004f0c,Yes,Extracted,✔,DN3UBLATKT,23 Jun 2026,-,,https://x.com/weedcops/status/2069235305291681972?s=46,-,-,weedcops,,Delphox-Mega,Milotic,Tsareena,Glimmora,Whimsicott,Tinkaton,,MB215
MB214,Krebs' Charizard-Y Eelektross Team,,Andrew Krebs,,,,Eelektrossite,,,Charizardite Y,,,Mystic Water,,,Focus Sash,,,Life Orb,,,Roseli Berry,,https://pokepast.es/2f40cba33ece61f9,Yes,Extracted,✔,J701T18G8C,23 Jun 2026,-,,https://x.com/krebsvgc/status/2069243661053813026?s=46,-,-,krebsvgc,,Eelektross-Mega,Charizard,Basculegion,Whimsicott,Gholdengo,Garchomp,,MB214
MB213,gabsricd's Charizard-Y Metagross Team,,gabsricd,,,,Metagrossite,,,Charizardite Y,,,Black Glasses,,,Focus Sash,,,Fairy Feather,,,Life Orb,,https://pokepast.es/0d7d836f5788720f,Yes,Extracted,X,None,22 Jun 2026,-,,https://x.com/gabsricd/status/2068923466535874865?s=46,-,-,gabsricd,,Metagross-Mega,Charizard,Samurott-Hisui,Aerodactyl,Sylveon,Garchomp,,MB213
MB212,pablitonya's Staraptor Eelektross Team,,pablitonya,,,,Eelektrossite,,,Staraptite,,,Choice Scarf,,,Focus Sash,,,Black Glasses,,,Life Orb,,https://pokepast.es/c2b19f8502a49fa9,Yes,Extracted,✔,3SJRR8JLJV,23 Jun 2026,-,,https://x.com/pablitonya/status/2069118793419264275?s=46,-,-,pablitonya,,Eelektross-Mega,Staraptor-Mega,Basculegion,Whimsicott,Kingambit,Garchomp,,MB212
MB211,sectoniaservant's Raichu-Y Scrafty Team,,sectoniaservant,,,,Scraftinite,,,Chople Berry,,,Raichunite Y,,,Focus Sash,,,Sitrus Berry,,,Life Orb,,https://pokepast.es/7a72a2632b005d03,Yes,Extracted,✔,6SR14DM4Y1,23 Jun 2026,-,,https://x.com/sectoniaservant/status/2069172038887973011?s=46,-,-,sectoniaservant,,Scrafty-Mega,Incineroar,Raichu-Mega-Y,Aerodactyl,Farigiraf,Gholdengo,,MB211
MB210,ege's Palafin Pals Jet Punch Series #2 Champion Team,,Shuji ENDO,,,,Froslassite,,,Scovillainite,,,Sitrus Berry,,,Focus Sash,,,White Herb,,,Black Glasses,,https://pokepast.es/9a08df9d69cc892f,Yes,Extracted,✔,PERANU2QH7,23 Jun 2026,Palafin Pals Jet Punch Series #2,Champion,https://x.com/cycleshop_i/status/2069198224406229262?s=46,-,-,cycleshop_i,,Froslass-Mega,Scovillain-Mega,Basculegion,Lycanroc-Dusk,Sneasler,Kingambit,,MB210
MB209,Xeminan's Swampert Sylveon Team,,Joe Brown,,,,Swampertite,,,Focus Sash,,,Roseli Berry,,,Sitrus Berry,,,Fairy Feather,,,Leftovers,,https://pokepast.es/0a501c23d9ee894d,Yes,Extracted,✔,LQL8F7H15L,23 Jun 2026,Video,,https://x.com/xeminan/status/2069127922489667800?s=46,https://www.youtube.com/watch?v=oJgf7m8G0iQ,-,xeminan,,Swampert-Mega,Pelipper,Sableye,Sinistcha,Sylveon,Archaludon,,MB209
MB208,Riopaser's Raichu-X Venusaur Team,,Eric Ríos,,,,Venusaurite,,,Choice Scarf,,,Sitrus Berry,,,Raichunite X,,,Light Clay,,,Leftovers,,https://pokepast.es/2d443b9a510b1faf,Yes,Extracted,✔,973LM0TDMV,23 Jun 2026,-,,https://x.com/riopaser/status/2069111020371558743?s=46,-,-,riopaser,,Venusaur-Mega,Basculegion,Pelipper,Raichu-Mega-X,Grimmsnarl,Archaludon,,MB208
MB207,Lexicon's Scrafty SunRoom Team,,Alex Underhill,,,,Scraftinite,,,Charcoal,,,Focus Sash,,,Choice Scarf,,,Sitrus Berry,,,Fairy Feather,,https://pokepast.es/28ec05af7c296f89,Yes,Extracted,✔,0LFD3YHB7A,23 Jun 2026,-,,https://x.com/lexiconvgc/status/2069189290471707089?s=46,-,-,lexiconvgc,,Scrafty-Mega,Torkoal,Vileplume,Staraptor,Farigiraf,Sylveon,,MB207
MB206,Shunsuke's Swampert Mawile Team,,Shunsuke,,,,Mawilite,,,Swampertite,,,Sitrus Berry,,,Bright Powder,,,Light Clay,,,Leftovers,,https://pokepast.es/94adee6dd7d9b5a4,Yes,Extracted,✔,WU9D80W8XH,22 Jun 2026,-,,https://x.com/shunsuke_2510/status/2069022245620699443?s=46,-,-,shunsuke_2510,,Mawile-Mega,Swampert-Mega,Pelipper,Sinistcha,Grimmsnarl,Archaludon,,MB206
MB205,LenVGC's Kangaskhan SunRoom Team,,Alex Soto,,,,Kangaskhanite,,,Charcoal,,,Focus Sash,,,White Herb,,,Choice Scarf,,,Sitrus Berry,,https://pokepast.es/3f4796cc94fd2d0a,Yes,Extracted,✔,YYWLYJKPEY,23 Jun 2026,-,,https://x.com/lenvgc/status/2069090354083611056?s=46,-,-,lenvgc,,Kangaskhan-Mega,Torkoal,Vileplume,Sneasler,Staraptor,Farigiraf,,MB205
MB204,DjSanders' Floette Dragalge Team,,DjSanders,,,,Dragalgite,,,Floettite,,,Sitrus Berry,,,Leftovers,,,Life Orb,,,Choice Scarf,,https://pokepast.es/fb6c2b6b9c525fa9,Yes,Extracted,✔,2XVF8A7KYT,23 Jun 2026,-,,Discord Submission,-,-,djsanders,,Dragalge-Mega,Floette-Eternal-Mega,Incineroar,Reuniclus,Garchomp,Hydreigon,,MB204
MB203,DjSanders' Dragalge Froslass Team,,DjSanders,,,,Dragalgite,,,Froslassite,,,Sitrus Berry,,,Leftovers,,,Life Orb,,,Choice Scarf,,https://pokepast.es/c86fcdccbabf324b,Yes,Extracted,✔,1EM4BLFLRG,23 Jun 2026,-,,Discord Submission,-,-,DjSanders,,Dragalge-Mega,Froslass-Mega,Incineroar,Reuniclus,Garchomp,Hydreigon,,MB203
MB202,Louis' VR June Challenge #2 Champion Team,,Louis Markl,,,,Floettite,,,Sitrus Berry,,,Choice Scarf,,,White Herb,,,Focus Sash,,,Black Glasses,,https://pokepast.es/f6c0b377d2ac4717,No,Extracted,X,None,21 Jun 2026,VR June Challenge #2,Champion,https://x.com/Louisvgc/status/2068670550659027006,-,https://victoryroad.pro/vr-jun26-2/,Louisvgc,,Floette-Eternal-Mega,Incineroar,Basculegion,Sneasler,Sinistcha,Kingambit,,MB202
MB201,Genius' VR June Challenge #2 Runner Up Team,,Giovanni Piscitelli,,,,Floettite,,,Charizardite Y,,,Sitrus Berry,,,Mystic Water,,,Focus Sash,,,Life Orb,,https://pokepast.es/2884260edfe02d17,No,Extracted,X,None,21 Jun 2026,VR June Challenge #2,Runner Up,https://x.com/GeniusVGC/status/2068642155736748511,-,https://victoryroad.pro/vr-jun26-2/,GeniusVGC,,Floette-Eternal-Mega,Charizard,Incineroar,Basculegion,Whimsicott,Garchomp,,MB201
MB200,Crystal's VR June Challenge #2 Top 4 Team,,Jeongso Lee,,,,Metagrossite,,,Swampertite,,,Sitrus Berry,,,Coba Berry,,,Light Clay,,,Leftovers,,https://pokepast.es/48ca91ab5c767b46,Yes,Extracted,✔,R1037TX51R,21 Jun 2026,VR June Challenge #2,3rd,https://x.com/crystal_0302/status/2068651398271758715?s=46,-,https://victoryroad.pro/vr-jun26-2/,crystal_0302,,Metagross-Mega,Swampert-Mega,Pelipper,Sinistcha,Grimmsnarl,Archaludon,,MB200
MB199,Shai Rabà's VR June Challenge #2 Top 4 Team,,Shai Giuseppe Rabà,,,,Kangaskhanite,,,Charizardite Y,,,Sitrus Berry,,,Focus Sash,,,Spell Tag,,,Life Orb,,https://pokepast.es/6b9eceeb14a873a4,No,Extracted,X,None,21 Jun 2026,VR June Challenge #2,4th,https://x.com/shairaba,-,https://victoryroad.pro/vr-jun26-2/,shairaba,,Kangaskhan-Mega,Charizard,Incineroar,Whimsicott,Gholdengo,Garchomp,,MB199
MB198,arubega's VR June Challenge #2 Top 8 Team,,Hiroto Hayasaki,,,,Floettite,,,Swampertite,,,Focus Sash,,,Life Orb,,,Coba Berry,,,Leftovers,,https://pokepast.es/126c2dd2034d9908,Yes,Extracted,✔,EUDBSDQL02,21 Jun 2026,VR June Challenge #2,5th,https://x.com/arubega_poke/status/2068629598422860079?s=46,-,https://victoryroad.pro/vr-jun26-2/,arubega_poke,,Floette-Eternal-Mega,Swampert-Mega,Basculegion,Pelipper,Whimsicott,Archaludon,,MB198
MB197,Nils von Lengerke's VR June Challenge #2 Top 8 Team,,Nils von Lengerke,,,,Mawilite,,,Charizardite Y,,,Mystic Water,,,Focus Sash,,,Sitrus Berry,,,Life Orb,,https://pokepast.es/0c1c111a9a83ff01,No,Extracted,X,None,21 Jun 2026,VR June Challenge #2,6th,https://x.com/Nils2078,-,https://victoryroad.pro/vr-jun26-2/,Nils2078,,Mawile-Mega,Charizard,Basculegion,Whimsicott,Farigiraf,Garchomp,,MB197
MB196,Luca Gesualdo's VR June Challenge #2 Top 8 Team,,Luca Gesualdo,,,,Floettite,,,Charizardite Y,,,Mystic Water,,,Focus Sash,,,Chople Berry,,,Life Orb,,https://pokepast.es/ed943d25acb07961,No,Extracted,X,None,21 Jun 2026,VR June Challenge #2,7th,https://x.com/VGCLuca/status/2068638245836001578,-,https://victoryroad.pro/vr-jun26-2/,VGCLuca,,Floette-Eternal-Mega,Charizard,Basculegion,Whimsicott,Kingambit,Garchomp,,MB196
MB195,Nama's VR June Challenge #2 Top 8 Team,,Yuya Hashiba,,,,Metagrossite,,,Venusaurite,,,Sitrus Berry,,,Leftovers,,,Light Clay,,,Life Orb,,https://pokepast.es/5bcdce59f2507374,No,Extracted,X,None,21 Jun 2026,VR June Challenge #2,8th,https://x.com/namak_po/status/2068622536724873534,-,https://victoryroad.pro/vr-jun26-2/,namak_po,,Metagross-Mega,Venusaur-Mega,Incineroar,Milotic,Grimmsnarl,Garchomp,,MB195
MB194,sharuku's VR June Challenge #2 Top 32 Team,,Kazuki Kobayashi,,,,Froslassite,,,Focus Sash,,,Sitrus Berry,,,Mystic Water,,,Life Orb,,,Black Glasses,,https://pokepast.es/89807d8bc9072b1d,Yes,Extracted,✔,9JRT0QC3ER,21 Jun 2026,VR June Challenge #2,17th,https://x.com/sharuku_6242/status/2068618445714026707?s=46,-,https://victoryroad.pro/vr-jun26-2/,sharuku_6242,,Froslass-Mega,Arcanine-Hisui,Incineroar,Basculegion,Gholdengo,Kingambit,,MB194
MB193,MichaelderBeste's Smogon Major Top 8 Team,,Michael Kelsch,,,,Floettite,,,Colbur Berry,,,Sitrus Berry,,,Leftovers,,,Raichunite Y,,,Kasib Berry,,https://pokepast.es/5d52aaf2a42f26e8,Yes,Owner's,X,None,22 Jun 2026,Smogon Major,6th,https://x.com/michaelderbeste/status/2068754558499627452?s=46,-,https://play.limitlesstcg.com/tournament/6a131fa78c163b8097996550/standings,michaelderbeste,,Floette-Mega,Ceruledge,Incineroar,Milotic,Raichu-Mega-Y,Sinistcha,,MB193
MB192,KMMULLER2020's Smogon Major Top 8 Team,,KMMULLER2020,,,,Froslassite,,,Expert Belt,,,Focus Sash,,,Fairy Feather,,,Black Glasses,,,Life Orb,,https://pokepast.es/d4d57eb7d2cc08be,Yes,Extracted,X,None,29 Jun 2026,Smogon Major,7th,Discord Submission,-,https://play.limitlesstcg.com/tournament/6a131fa78c163b8097996550/standings,thee_kaeden,,Froslass-Mega,Gyarados,Glimmora,Whimsicott,Kingambit,Garchomp,,MB192
MB191,Erizabeth's Smogon Major Top 32 Team,,Erizabeth,,,,Floettite,,,Pyroarite,,,Choice Scarf,,,Life Orb,,,Focus Sash,,,Sitrus Berry,,https://pokepast.es/db771fa2e809e3e2,Yes,Owner's,X,None,21 Jun 2026,Smogon Major,20th,https://x.com/rizabeth373/status/2068746789516419210?s=20,-,https://play.limitlesstcg.com/tournament/6a131fa78c163b8097996550/standings,rizabeth373,,Floette-Eternal-Mega,Pyroar-Mega,Ninetales,Basculegion,Whimsicott,Farigiraf,,MB191
MB190,Young Nova's Smogon Major Top 32 Team,,Francesco Iozzia,,,,Blazikenite,,,Dragoninite,,,Sitrus Berry,,,Choice Scarf,,,Occa Berry,,,Focus Sash,,https://pokepast.es/e40bf32b6fd96809,Yes,Owner's,X,None,22 Jun 2026,Smogon Major,29th,https://x.com/youngniva/status/2068787109796647111?s=46,-,https://play.limitlesstcg.com/tournament/6a131fa78c163b8097996550/standings,youngniva,,Blaziken-Mega,Dragonite-Mega,Basculegion,Gholdengo,Kingambit,Ninetales-Alola,,MB190
MB189,maggie57alt's Smogon Major Top 64 Team,,maggie57alt,,,,Charizardite Y,,,Choice Scarf,,,Raichunite Y,,,Focus Sash,,,Black Glasses,,,Life Orb,,https://pokepast.es/8d0d22124bbf01e4,Yes,Owner's,X,None,21 Jun 2026,Smogon Major,43rd,https://x.com/maggie57alt/status/2068730136703521090?s=46,-,https://play.limitlesstcg.com/tournament/6a131fa78c163b8097996550/standings,maggie57alt,,Charizard,Basculegion,Raichu-Mega-Y,Whimsicott,Kingambit,Garchomp,,MB189
MB188,iiFWM's Smogon Major Top 64 Team,,iiFWM,,,,Metagrossite,,,Swampertite,,,Sitrus Berry,,,Coba Berry,,,Leftovers,,,Choice Scarf,,https://pokepast.es/6163ed4553860686,Yes,Extracted,✔,KS3VT6Y208,22 Jun 2026,Smogon Major,46th,https://x.com/devileyescome/status/2068774268494553412?s=46,-,https://play.limitlesstcg.com/tournament/6a131fa78c163b8097996550/standings,devileyescome,,Metagross-Mega,Swampert-Mega,Pelipper,Sinistcha,Archaludon,Hydreigon,,MB188
MB187,darth_aaronvgc's Smogon Major Top 64 Team,,darth_aaronvgc,,,,Floettite,,,Charcoal,,,Focus Sash,,,Fairy Feather,,,Colbur Berry,,,Life Orb,,https://pokepast.es/aef9b9811538653c,Yes,Owner's,✔,AE6HAKEY4Y,2 Jul 2026,Smogon Major,61st,https://x.com/darth_aaronvgc/status/2072632226332987445?s=46,-,https://play.limitlesstcg.com/tournament/6a131fa78c163b8097996550/standings,darth_aaronvgc,,Floette-Eternal-Mega,Incineroar,Basculegion,Whimsicott,Farigiraf,Garchomp,,MB187
MB186,kidturtlevgc's Smogon Major Top 64 Team,,kidturtlevgc,,,,Floettite,,,Charizardite Y,,,Mystic Water,,,Focus Sash,,,Black Glasses,,,Life Orb,,https://pokepast.es/46d44d220b81bcb3,Yes,Owner's,X,None,21 Jun 2026,Smogon Major,64th,https://x.com/kidturtlevgc/status/2068733658937147735?s=46,-,https://play.limitlesstcg.com/tournament/6a131fa78c163b8097996550/standings,kidturtlevgc,,Floette-Eternal-Mega,Charizard,Basculegion,Whimsicott,Kingambit,Garchomp,,MB186
MB185,2thyfor's Smogon Major Top 128 Team,,Gerald Hoard,,,,Floettite,,,Charizardite Y,,,Mystic Water,,,Focus Sash,,,Black Glasses,,,Life Orb,,https://pokepast.es/9e8dcd2528e23701,Yes,Owner's,X,None,21 Jun 2026,Smogon Major,110th,https://x.com/2thyfor/status/2068718687364825361?s=46,-,https://play.limitlesstcg.com/tournament/6a131fa78c163b8097996550/standings,2thyfor,,Floette-Eternal-Mega,Charizard,Basculegion,Whimsicott,Kingambit,Garchomp,,MB185
MB184,Latsu7's Smogon Major Team,,Lauri Halonen,,,,Blastoisinite,,,Charcoal,,,Choice Scarf,,,Focus Sash,,,Colbur Berry,,,Black Glasses,,https://pokepast.es/85aab68bd177985d,Yes,Owner's,X,None,20 Jun 2026,Smogon Major,179th,https://x.com/latsu7/status/2068446141679653016?s=46,-,https://play.limitlesstcg.com/tournament/6a131fa78c163b8097996550/standings,latsu7,,Blastoise-Mega,Torkoal,Staraptor,Vivillon,Farigiraf,Kingambit,,MB184
MB183,Sidi I. Haidala's Chacho Cup #1 Top 4 Team,,Sidi I. Haidala,,,,Floettite,,,Mystic Water,,,White Herb,,,Focus Sash,,,Life Orb,,,Choice Scarf,,https://pokepast.es/7d544ca4586ae118,Yes,Extracted,✔,8CLX1R05SR,22 Jun 2026,Chacho Cup #1,3rd,https://x.com/mrsidi5/status/2068770925277802515?s=46,-,-,mrsidi5,,Floette-Eternal-Mega,Basculegion,Sneasler,Whimsicott,Gholdengo,Hydreigon,,MB183
MB182,pokemon_8989's U22 Double Summit Champion Team,,pokemon_8989,,,,Charizardite Y,,,Sitrus Berry,,,Life Orb,,,Occa Berry,,,Focus Sash,,,Roseli Berry,,https://pokepast.es/8569c194faf3fb8e,Yes,Extracted,✔,326VP5R52C,21 Jun 2026,U22 Double Summit,Champion,https://x.com/pokemon_8989/status/2068706927862071620?s=46,-,-,pokemon_8989,,Charizard,Incineroar,Basculegion,Venusaur,Whimsicott,Garchomp,,MB182
MB181,Elfun_is_kawaii's U22 Double Summit Runner Up Team,,Elfun_is_kawaii,,,,Charizardite Y,,,Choice Scarf,,,Wide Lens,,,Focus Sash,,,Life Orb,,,Lum Berry,,https://pokepast.es/9b4fdfbeb7d7f0b0,Yes,Extracted,✔,937BUR80HR,21 Jun 2026,U22 Double Summit,Runner Up,https://x.com/elfun_is_kawaii/status/2068652107251773702?s=46,-,-,elfun_is_kawaii,,Charizard,Basculegion,Maushold-Four,Whimsicott,Gholdengo,Garchomp,,MB181
MB180,coo_sleep_talk's Recreation of Nama's VR June Challenge #2 Top 8 Team,,coo_sleep_talk,,,,Metagrossite,,,Venusaurite,,,Sitrus Berry,,,Leftovers,,,Light Clay,,,Life Orb,,https://pokepast.es/2c76e1700bb8e31d,Yes,Owner's,X,None,22 Jun 2026,-,,https://x.com/coo_sleep_talk/status/2068982647527985299?s=46,https://coo-st.hatenablog.com/entry/2026/06/22/180011,-,coo_sleep_talk,,Metagross-Mega,Venusaur-Mega,Incineroar,Milotic,Grimmsnarl,Garchomp,,MB180
MB179,cloudjgr0424's Pyroar Floette Team,,cloudjgr0424,,,,Floettite,,,Pyroarite,,,Mystic Water,,,Life Orb,,,Focus Sash,,,Black Glasses,,https://pokepast.es/348035f0c7dd9b14,Yes,Owner's,X,None,22 Jun 2026,-,,https://x.com/cloudjgr0424/status/2068991659908661290?s=46,-,-,cloudjgr0424,,Floette-Eternal-Mega,Pyroar-Mega,Basculegion,Mamoswine,Whimsicott,Kingambit,,MB179
MB178,Magnetman's Staraptor Eelektross Team,,Adryan Sutantoso,,,,Eelektrossite,,,Staraptite,,,Mystic Water,,,Focus Sash,,,Choice Scarf,,,Life Orb,,https://pokepast.es/71282213603f4df1,Yes,Extracted,✔,A6BWM0V4R5,22 Jun 2026,-,,https://x.com/MagnetmanVGC/status/2069077833218187757,-,-,MagnetmanVGC,,Eelektross-Mega,Staraptor-Mega,Basculegion,Whimsicott,Gholdengo,Garchomp,,MB178
MB177,MichaelderBeste's Charizard-Y Scrafty Team,,Michael Kelsch,,,,Scraftinite,,,Charizardite Y,,,Leftovers,,,Focus Sash,,,Metal Coat,,,Dragon Fang,,https://pokepast.es/f95a7690e615c781,Yes,Owner's,✔,8DGPPSR232,22 Jun 2026,-,,https://x.com/MichaelderBeste/status/2069073140034981895?s=20,-,-,MichaelderBeste,,Scrafty-Mega,Charizard,Toxapex,Mamoswine,Metagross,Dragonite,,MB177
MB176,mjpp24o's Raichu-Y Archaludon Team,,mjpp24o,,,,Choice Scarf,,,Focus Sash,,,Raichunite Y,,,Chople Berry,,,Wide Lens,,,Leftovers,,https://pokepast.es/017e336a756cb777,Yes,Extracted,✔,3968S984UG,22 Jun 2026,-,,https://x.com/mjpp24o/status/2068986920013848904?s=46,-,-,mjpp24o,,Pelipper,Meowscarada,Raichu-Mega-Y,Kingambit,Mimikyu,Archaludon,,MB176
MB175,toshiniki's Raichu-Y Basculegion Team,,toshiniki,,,,Life Orb,,,Raichunite Y,,,Focus Sash,,,Occa Berry,,,Fairy Feather,,,Roseli Berry,,https://pokepast.es/3e78b926995a3708,Yes,Extracted,✔,P4WERYNVLY,22 Jun 2026,-,,https://x.com/toshi_kyogre/status/2068995533033894364?s=46,-,-,toshi_kyogre,,Basculegion,Raichu-Mega-Y,Whimsicott,Kingambit,Sylveon,Garchomp,,MB175
MB174,Fortree21's Scolipede Grimmsnarl Team,,Fortree21,,,,Scolipite,,,Focus Sash,,,Chople Berry,,,Sitrus Berry,,,Black Glasses,,,Light Clay,,https://pokepast.es/6c3a06838c142186,Yes,Extracted,✔,ET47KK7DXH,23 Jun 2026,Video,,https://www.youtube.com/watch?v=Fzvil0WiM64,-,-,Fortree21,,Scolipede-Mega,Sneasler,Tyranitar,Sinistcha,Kingambit,Grimmsnarl,,MB174
MB173,Fortree21's Staraptor Whimsicott Team,,Fortree21,,,,Staraptite,,,Sitrus Berry,,,Focus Sash,,,Fairy Feather,,,Kasib Berry,,,Choice Scarf,,https://pokepast.es/fabee3c42beb5c34,Yes,Extracted,✔,PB9L0A17C9,22 Jun 2026,Video,,https://www.youtube.com/watch?v=Vf4wdNueshE,-,-,Fortree21,,Staraptor-Mega,Incineroar,Glimmora,Whimsicott,Sinistcha,Garchomp,,MB173
MB172,Fortree21's Raichu-X Archaludon Team,,Fortree21,,,,Mystic Water,,,Raichunite X,,,Focus Sash,,,Roseli Berry,,,Sitrus Berry,,,Leftovers,,https://pokepast.es/9a42d22f29f0faa6,Yes,Extracted,✔,BBBW2PHS61,22 Jun 2026,Video,,https://www.youtube.com/watch?v=TFckJOEHQG4,-,-,Fortree21,,Pelipper,Raichu-Mega-X,Sneasler,Sableye,Sinistcha,Archaludon,,MB172
MB171,Fortree21's Eelektross Garchomp Team,,Fortree21,,,,Eelektrossite,,,Mystic Water,,,Focus Sash,,,Fairy Feather,,,Sitrus Berry,,,Life Orb,,https://pokepast.es/407eef26d7044807,Yes,Extracted,✔,C2KMA0HVSY,22 Jun 2026,Video,,https://www.youtube.com/watch?v=sO7NOYU_EX4,-,-,Fortree21,,Eelektross-Mega,Basculegion,Glimmora,Whimsicott,Farigiraf,Garchomp,,MB171
MB170,ash's Raichu-Y Simisear Team,,Ashley Stelzer,,,,Staraptite,,,Charcoal,,,Raichunite Y,,,Twisted Spoon,,,Occa Berry,,,Life Orb,,https://pokepast.es/adba8a95e3ee1224,Yes,Extracted,✔,BUUBE989P2,22 Jun 2026,-,,https://x.com/assprinvgc/status/2068942654759649595?s=46,-,-,assprinvgc,,Staraptor-Mega,Simisear,Raichu-Mega-Y,Farigiraf,Sinistcha,Garchomp,,MB170
MB169,castillo11vgc's Showdown Ladder Peak 1st Place Team,,castillo11vgc,,,,Blastoisinite,,,Delphoxite,,,Sitrus Berry,,,Focus Sash,,,Kasib Berry,,,Black Glasses,,https://pokepast.es/4d77186dcc0146e4,Yes,Owner's,X,None,22 Jun 2026,Showdown Ladder,Peak 1st,https://x.com/castillo11vgc/status/2068892468636975492?s=46&t=WmXEnVa3rTSw0P9A0n6S3Q,-,-,castillo11vgc,,Blastoise-Mega,Delphox-Mega,Incineroar,Sneasler,Sinistcha,Kingambit,,MB169
MB168,punihina1334's Local Tour Champion Team,,punihina1334,,,,Froslassite,,,Raichunite X,,,White Herb,,,Sitrus Berry,,,Black Glasses,,,Life Orb,,https://pokepast.es/3b4dc0c1bad2bff4,Yes,Extracted,✔,3N1MA4AGNT,22 Jun 2026,Local Tour,Champion,https://x.com/punihina1334/status/2068916182946545776?s=46,-,-,punihina1334,,Froslass-Mega,Raichu-Mega-X,Sneasler,Clefable,Kingambit,Garchomp,,MB168
MB167,megamaphoo's Eelektross Floette Team,,megamaphoo,,,,Eelektrossite,,,Floettite,,,Mystic Water,,,Focus Sash,,,Life Orb,,,Sitrus Berry,,https://pokepast.es/3f6c82a8607e82c6,Yes,Extracted,✔,954MLWTN1B,22 Jun 2026,-,,https://x.com/megamaphoo/status/2068879452638253401?s=46,-,-,megamaphoo,,Eelektross-Mega,Floette-Eternal-Mega,Basculegion,Whimsicott,Gholdengo,Garchomp,,MB167
MB166,og_albina's Local Tour Champion Team,,og_albina,,,,Floettite,,,Swampertite,,,Focus Sash,,,Sitrus Berry,,,Light Clay,,,Leftovers,,https://pokepast.es/d7a41e1b2dc484d5,Yes,Extracted,✔,PFEK0XUFQ6,22 Jun 2026,Local Tour,Champion,https://x.com/og_albina/status/2068866196422979659?s=46,-,-,og_albina,,Floette-Eternal-Mega,Swampert-Mega,Pelipper,Sinistcha,Grimmsnarl,Archaludon,,MB166
MB165,yomasi99's Mawile Vileplume Team,,yomasi99,,,,Mawilite,,,Charcoal,,,Focus Sash,,,Choice Scarf,,,Sitrus Berry,,,Chople Berry,,https://pokepast.es/e3ad2a49f55630f4,Yes,Extracted,✔,HRXJ4R0KCT,22 Jun 2026,-,,https://x.com/yomasi99/status/2068843994088423624?s=46,-,-,yomasi99,,Mawile-Mega,Torkoal,Vileplume,Staraptor,Farigiraf,Kingambit,,MB165
MB164,Cybertron's Eelektross Raichu Team,,Aaron Zheng,,,,Eelektrossite,,,Choice Scarf,,,Focus Sash,,,Sitrus Berry,,,Light Clay,,,Life Orb,,https://pokepast.es/073faac2d873cf1b,Yes,Owner's,✔,V49EWELWR6,22 Jun 2026,Video,,https://www.youtube.com/watch?v=NWbeosiGkac,https://youtu.be/NWbeosiGkac?si=x1xywBEPOPEOIJuH,-,cybertronvgc,,Eelektross-Mega,Pelipper,Raichu,Sinistcha,Grimmsnarl,Garchomp,,MB164
MB163,yesmess72837's Raichu-X Gholdengo Team,,yesmess72837,,,,Raichunite X,,,Sitrus Berry,,,Focus Sash,,,Kasib Berry,,,Life Orb,,,Leftovers,,https://pokepast.es/e27d5141de9b68ab,Yes,Owner's,✔,9H4WBGV21Y,22 Jun 2026,Video,,https://x.com/yesmess72837/status/2068826807533498823?s=46,https://youtu.be/RLWM8QLJPA4?si=3A85rmZ2dLs32423,-,yesmess72837,,Raichu-Mega-X,Incineroar,Whimsicott,Sinistcha,Gholdengo,Kommo-o,,MB163
MB162,echofirefly_'s Swampert Metagross Team,,echofirefly_,,,,Metagrossite,,,Swampertite,,,Damp Rock,,,Sitrus Berry,,,Light Clay,,,Leftovers,,https://pokepast.es/83bde6d8377f7aff,Yes,Extracted,✔,PFF9RHY5CC,22 Jun 2026,-,,https://x.com/echofirefly_/status/2068719874914836731?s=46,-,-,echofirefly_,,Metagross-Mega,Swampert-Mega,Pelipper,Sinistcha,Grimmsnarl,Archaludon,,MB162
MB161,akkizeme's Blaziken Sylveon Team,,akkizeme,,,,Blazikenite,,,Life Orb,,,Focus Sash,,,Occa Berry,,,Fairy Feather,,,Roseli Berry,,https://pokepast.es/63ddb37d3041b9c3,Yes,Extracted,✔,F9K2SNRXLY,22 Jun 2026,-,,https://x.com/akkizeme/status/2068790174394298806?s=46,-,-,akkizeme,,Blaziken-Mega,Basculegion,Whimsicott,Kingambit,Sylveon,Garchomp,,MB161
MB160,Young Nova's Local Tour Team,,Francesco Iozzia,,,,Blazikenite,,,Dragoninite,,,Life Orb,,,Choice Scarf,,,Occa Berry,,,Focus Sash,,https://pokepast.es/c3ff5196ffefb27c,Yes,Owner's,✔,8U88MWXWLF,22 Jun 2026,Local Tour,,https://x.com/youngniva/status/2068787109796647111?s=46,-,-,youngniva,,Blaziken-Mega,Dragonite-Mega,Basculegion,Gholdengo,Kingambit,Ninetales-Alola,,MB160
MB159,huanyu1229's Pyroar Sylveon Team,,huanyu1229,,,,Kangaskhanite,,,Pyroarite,,,Charcoal,,,Coba Berry,,,Sitrus Berry,,,Life Orb,,https://pokepast.es/19655f9a5b0488df,Yes,Extracted,✔,U0LC21WKLT,21 Jun 2026,-,,https://x.com/huanyu1229/status/2068601101818216939?s=46,-,-,huanyu1229,,Kangaskhan-Mega,Pyroar-Mega,Torkoal,Vileplume,Farigiraf,Sylveon,,MB159
MB158,fairteew's Showdown Ladder Peak 1st Place Team,,fairteew,,,,Blazikenite,,,Gengarite,,,Passho Berry,,,Focus Sash,,,Life Orb,,,Never-Melt Ice,,https://pokepast.es/8027d57ca28fd5b7,Yes,Owner's,✔,BS93GNQ6CS,21 Jun 2026,Showdown Ladder,Peak 1st,https://x.com/fairteew/status/2068742356329742381?s=46,-,-,fairteew,,Blaziken-Mega,Gengar-Mega,Incineroar,Basculegion,Kingambit,Ninetales-Alola,,MB158
MB157,jessditta's Swampert Overqwil Team,,jessditta,,,,Metagrossite,,,Swampertite,,,Damp Rock,,,Life Orb,,,Light Clay,,,Leftovers,,https://pokepast.es/4b1b4bb573667a5b,Yes,Extracted,✔,K416KB7ENQ,21 Jun 2026,-,,https://x.com/jessditta/status/2068649279682736234?s=46,-,-,jessditta,,Metagross-Mega,Swampert-Mega,Pelipper,Overqwil,Sableye,Archaludon,,MB157
MB156,Sitinho6Y's Pyroar Gholdengo Team,,Sitinho6Y,,,,Pyroarite,,,Heat Rock,,,Sitrus Berry,,,Focus Sash,,,Colbur Berry,,,Life Orb,,https://pokepast.es/7c9131bb4713794c,Yes,Extracted,✔,0DLDKSWJY8,21 Jun 2026,-,,https://x.com/Sitinho6Y/status/2068649485962494445?s=20,-,-,Sitinho6Y,,Pyroar-Mega,Torkoal,Gyarados,Whimsicott,Farigiraf,Gholdengo,,MB156
MB155,hugoo_0503's Local Tour Runner Up Team,,hugoo_0503,,,,Floettite,,,Gengarite,,,Sitrus Berry,,,Focus Sash,,,Chople Berry,,,Life Orb,,https://pokepast.es/cf72f1171971b484,Yes,Extracted,✔,QMTY37S7T3,21 Jun 2026,Local Tour,Runner Up,https://x.com/hugoo_0503/status/2068684939390812235?s=20,-,-,hugoo_0503,,Floette-Eternal-Mega,Gengar-Mega,Incineroar,Whimsicott,Kingambit,Garchomp,,MB155
MB154,charge_poke's Mawile Gengar Team,,charge_poke,,,,Gengarite,,,Mawilite,,,Choice Scarf,,,Light Clay,,,Sitrus Berry,,,Leftovers,,https://pokepast.es/cdd60591b7b0f671,Yes,Extracted,✔,98H0J2BTUG,21 Jun 2026,-,,https://x.com/charge_poke/status/2067255394096009269?s=46,-,-,charge_poke,,Gengar-Mega,Mawile-Mega,Basculegion,Sableye,Sinistcha,Kommo-o,,MB154
MB153,kemuknight's Swampert Staraptor Team,,kemuknight,,,,Staraptite,,,Swampertite,,,Focus Sash,,,Light Clay,,,Leftovers,,,Choice Scarf,,https://pokepast.es/8db60e8e3f992c1f,Yes,Extracted,✔,CMP6H9CMHC,21 Jun 2026,-,,https://x.com/kemuknight/status/2068668994647900364?s=46,-,-,kemuknight,,Staraptor-Mega,Swampert-Mega,Pelipper,Grimmsnarl,Archaludon,Garchomp,,MB153
MB152,Apex__Dragon's Mawile TailRoom Team,,Apex__Dragon,,,,Mawilite,,,Leftovers,,,Focus Sash,,,Sitrus Berry,,,Life Orb,,,Fairy Feather,,https://pokepast.es/a1cc9af0e21595e6,Yes,Extracted,✔,AU6PFJXAJ4,21 Jun 2026,-,,https://x.com/apex__dragon/status/2068666496046465185?s=46,-,-,apex__dragon,,Mawile-Mega,Incineroar,Aerodactyl,Farigiraf,Kingambit,Sylveon,,MB152
MB151,tycaniest's Mawile Staraptor Team,,tycaniest,,,,Mawilite,,,Staraptite,,,Sitrus Berry,,,Charcoal,,,Wide Lens,,,Colbur Berry,,https://pokepast.es/11951ec7d6755d23,Yes,Owner's,✔,PQV5Q16AW4,21 Jun 2026,-,,https://x.com/tycaniest/status/2068551343770353859?s=46,-,-,tycaniest,,Mawile-Mega,Staraptor-Mega,Incineroar,Torkoal,Maushold,Farigiraf,,MB151
MB150,tycaniest's Swampert Floette Team,,tycaniest,,,,Floettite,,,Swampertite,,,Focus Sash,,,Leftovers,,,Sitrus Berry,,,Chople Berry,,https://pokepast.es/5d7b6f67171e1c26,Yes,Owner's,✔,X1A5M8JM7S,21 Jun 2026,-,,https://x.com/tycaniest/status/2068551343770353859?s=46,-,-,tycaniest,,Floette-Eternal-Mega,Swampert-Mega,Pelipper,Annihilape,Maushold,Archaludon,,MB150
MB149,1024usedrecover's Malamar Floette Team,,1024usedrecover,,,,Floettite,,,Malamarite,,,Charcoal,,,Life Orb,,,Focus Sash,,,Coba Berry,,https://pokepast.es/2e1cdc47d09f7389,Yes,Extracted,✔,H8DEWB0JDX,21 Jun 2026,-,,https://x.com/1024usedrecover/status/2068494794071085076?s=46,-,-,1024usedrecover,,Floette-Eternal-Mega,Malamar-Mega,Torkoal,Basculegion,Glimmora,Whimsicott,,MB149
MB148,slyx183's Staraptor Delphox Team,,slyx183,,,,Delphoxite,,,Staraptite,,,Life Orb,,,Chople Berry,,,Sitrus Berry,,,Roseli Berry,,https://pokepast.es/cb9178bba3667e26,Yes,Extracted,✔,XRE1YGM6KL,21 Jun 2026,-,,https://x.com/slyx183/status/2068596261947834685?s=46,-,-,slyx183,,Delphox-Mega,Staraptor-Mega,Sneasler,Maushold-Four,Sinistcha,Grimmsnarl,,MB148
MB147,PokeAlex's Metagross Hydreigon Team,,Alex Gómez,,,,Floettite,,,Metagrossite,,,Passho Berry,,,Focus Sash,,,White Herb,,,Choice Scarf,,https://pokepast.es/0a5ea2793b7f3f28,Yes,Extracted,✔,MTBTXK32MD,19 Jun 2026,Video,,No Tweet,https://youtu.be/nCeO4RuyqY0?si=QLT3gDRemEBcnWA1,-,PokeAlex_,,Floette-Eternal-Mega,Metagross-Mega,Incineroar,Aerodactyl,Sneasler,Hydreigon,,MB147
MB146,eiei432586eiei's Raichu Y Garchomp Team,,eiei432586eiei,,,,Charizardite Y,,,Choice Scarf,,,Raichunite Y,,,Focus Sash,,,Chople Berry,,,Life Orb,,https://pokepast.es/1f04878860fc5fde,Yes,Extracted,✔,L891KEJPF8,20 Jun 2026,-,,https://x.com/eiei432586eiei/status/2068401142791586099?s=46,-,-,eiei432586eiei,,Charizard,Basculegion,Raichu-Mega-Y,Whimsicott,Kingambit,Garchomp,,MB146
MB145,abelpoke49r's Staraptor Gardevoir Team,,abelpoke49r,,,,Gardevoirite,,,Staraptite,,,Leftovers,,,Chople Berry,,,Sitrus Berry,,,Roseli Berry,,https://pokepast.es/6bfef77a68d9aaa7,Yes,Extracted,✔,HV5CQESRX4,20 Jun 2026,-,,https://x.com/abelpoke49r/status/2068509187253092409?s=46,-,-,abelpoke49r,,Gardevoir-Mega,Staraptor-Mega,Incineroar,Maushold-Four,Sinistcha,Grimmsnarl,,MB145
MB144,glaceon__rei's Swampert Mawile Team,,glaceon__rei,,,,Mawilite,,,Swampertite,,,Focus Sash,,,Light Clay,,,Sitrus Berry,,,Leftovers,,https://pokepast.es/1122373d2e47351e,Yes,Extracted,✔,J2DBWPHN37,20 Jun 2026,-,,https://x.com/glaceon__rei/status/2068475246123135395?s=46,-,-,glaceon__rei,,Mawile-Mega,Swampert-Mega,Pelipper,Sableye,Farigiraf,Archaludon,,MB144
MB143,kazeno_shion's Pyroar Ninetales Team,,kazeno_shion,,,,Floettite,,,Pyroarite,,,Choice Scarf,,,Life Orb,,,Focus Sash,,,Sitrus Berry,,https://pokepast.es/3742e74668e0d8c6,Yes,Extracted,✔,G5QEE9V4M8,20 Jun 2026,-,,https://x.com/kazeno_shion/status/2068517857085034909?s=46,-,-,kazeno_shion,,Floette-Eternal-Mega,Pyroar-Mega,Ninetales,Basculegion,Whimsicott,Farigiraf,,MB143
MB142,Ryoma's Metagross Dragonite Team,,Ryoma Okamoto,,,,Dragoninite,,,Metagrossite,,,White Herb,,,Occa Berry,,,Focus Sash,,,Life Orb,,https://pokepast.es/fe091d570792318b,Yes,Extracted,✔,HQEKBCH292,20 Jun 2026,-,,https://x.com/ryoma9901_poke/status/2068525669701833004?s=46,-,-,ryoma9901_poke,,Dragonite-Mega,Metagross-Mega,Sneasler,Kingambit,Ninetales-Alola,Garchomp,,MB142
MB141,dodoriosiriru's Charizard-Y Grimmsnarl Team,,Hijito Kihara,,,,Charizardite Y,,,Focus Sash,,,Raichunite Y,,,Sitrus Berry,,,Life Orb,,,Roseli Berry,,https://pokepast.es/2d320c92ae2c43b7,Yes,Extracted,✔,PTF1KG3JJL,20 Jun 2026,-,,https://x.com/dodoriosiriru/status/2068504939199128014?s=46,-,-,dodoriosiriru,,Charizard,Basculegion,Raichu-Mega-Y,Farigiraf,Gholdengo,Grimmsnarl,,MB141
MB140,Ashton's Dragalge Annihilape Team,,Ashton Cox,,,,Dragalgite,,,Floettite,,,Sitrus Berry,,,Spell Tag,,,Wide Lens,,,Occa Berry,,https://pokepast.es/1e8c8cf58d0e5109,Yes,Extracted,X,None,20 Jun 2026,-,,https://x.com/ashtoncoxgaz/status/2068389726118187233?s=46,-,-,ashtoncoxgaz,,Dragalge-Mega,Floette-Eternal-Mega,Incineroar,Annihilape,Maushold-Four,Sinistcha,,MB140
MB139,waifuwarrior64's Scolipede Eelektross Team,,waifuwarrior64,,,,Eelektrossite,,,Scolipite,,,Sitrus Berry,,,Colbur Berry,,,Light Clay,,,Life Orb,,https://pokepast.es/b8a02f5042037c18,Yes,Extracted,X,None,20 Jun 2026,-,,https://x.com/waifuwarrior64/status/2068317234506969238?s=46,-,-,waifuwarrior64,,Eelektross-Mega,Scolipede-Mega,Incineroar,Sinistcha,Ninetales-Alola,Garchomp,,MB139
MB138,mcpootiscakes' Swampert Floette Team,,mcpootiscakes,,,,Floettite,,,Swampertite,,,Sitrus Berry,,,Coba Berry,,,Light Clay,,,Leftovers,,https://pokepast.es/2a7897afe00459e8,Yes,Extracted,✔,CQFP1CUYLE,20 Jun 2026,-,,https://x.com/mcpootiscakes/status/2068366907485438278?s=46,-,-,mcpootiscakes,,Floette-Eternal-Mega,Swampert-Mega,Pelipper,Sinistcha,Grimmsnarl,Archaludon,,MB138
MB137,BHelixB's Froslass Kingambit Team,,BHelixB,,,,Froslassite,,,Focus Sash,,,White Herb,,,Occa Berry,,,Black Glasses,,,Life Orb,,https://pokepast.es/32b2672eda3bd8c5,Yes,Owner's,✔,X61FUUCWBY,20 Jun 2026,-,,https://x.com/BHelixB/status/2068506577544343790,-,-,BHelixB,,Froslass-Mega,Arcanine-Hisui,Sneasler,Whimsicott,Kingambit,Garchomp,,MB137
MB136,xjeffyyy's Swampert Mawile Team,,xjeffyyy,,,,Mawilite,,,Swampertite,,,Life Orb,,,Sitrus Berry,,,Kasib Berry,,,Leftovers,,https://pokepast.es/df2b83a09a9c6f37,Yes,Extracted,✔,6T87YPR686,20 Jun 2026,-,,https://x.com/xjeffyyy/status/2068472575621988824?s=20,-,-,xjeffyyy,,Mawile-Mega,Swampert-Mega,Pelipper,Farigiraf,Sinistcha,Archaludon,,MB136
MB135,MatheusPerion's Scrafty Toxapex Team,,MatheusPerion,,,,Scraftinite,,,Leftovers,,,Passho Berry,,,Light Clay,,,Sitrus Berry,,,Occa Berry,,https://pokepast.es/923458d53d1b753e,Yes,Extracted,✔,QGM0R1M6JR,20 Jun 2026,-,,https://x.com/MatheusPerion/status/2068446706014855623?s=20,-,-,MatheusPerion,,Scrafty-Mega,Toxapex,Hippowdon,Sableye,Sinistcha,Corviknight,,MB135
MB134,BeeBee10222's Pyroar Sylveon Team,,BeeBee10222,,,,Pyroarite,,,Passho Berry,,,Choice Scarf,,,Focus Sash,,,Sitrus Berry,,,Life Orb,,https://pokepast.es/864fc26f6b7bdd3e,Yes,Extracted,✔,F8R525FSSE,20 Jun 2026,-,,https://x.com/BeeBee10222/status/2068357832714703175?s=20,-,-,BeeBee10222,,Pyroar-Mega,Incineroar,Basculegion,Whimsicott,Sinistcha,Sylveon,,MB134
MB133,GworfVGC's Metagross Overqwil Team,,Zach Knight,,,,Floettite,,,Metagrossite,,,Life Orb,,,Focus Sash,,,Black Glasses,,,Choice Scarf,,https://pokepast.es/898e84b73676b696,Yes,Extracted,✔,28H9UEMM2W,20 Jun 2026,-,,https://x.com/GworfVGC/status/2068398509582331971?s=20,-,-,GworfVGC,,Floette-Eternal-Mega,Metagross-Mega,Palafin,Pelipper,Overqwil,Hydreigon,,MB133
MB132,oscaaulait's Mawile Sun Team,,oscaaulait,,,,Mawilite,,,Charizardite Y,,,Charcoal,,,Wide Lens,,,Colbur Berry,,,Life Orb,,https://pokepast.es/ffa56b85a328b544,Yes,Owner's,✔,YSURGANQ3Q,20 Jun 2026,-,,Discord Submission,-,-,Manual Entry,,Mawile-Mega,Charizard,Torkoal,Vileplume,Farigiraf,Garchomp,,MB132
MB131,GodmasterBun's Raichu Y Grimmsnarl Team,,GodmasterBun,,,,Staraptite,,,Raichunite Y,,,Leftovers,,,Chople Berry,,,Light Clay,,,Life Orb,,https://pokepast.es/a2ce24d0e8cb36e8,Yes,Extracted,✔,8V7YWEHD4L,17 Jun 2026,-,,https://x.com/GodmasterBun/status/2067467234688065910,-,-,GodmasterBun,,Staraptor-Mega,Raichu-Mega-Y,Sinistcha,Kingambit,Grimmsnarl,Garchomp,,MB131
MB130,Viera's Pyroar Sun Team,,Shoma Honami,,,,Pyroarite,,,Passho Berry,,,Charcoal,,,Miracle Seed,,,Sitrus Berry,,,Fairy Feather,,https://pokepast.es/61186d6e6d3f892a,Yes,Extracted,✔,8M95J0B2UQ,20 Jun 2026,Video,,https://x.com/SHADEviera/status/2068360604759589287?s=20,https://youtu.be/mmZYez4ahws?si=70H0tvksw-vKeG58,-,SHADEviera,,Pyroar-Mega,Incineroar,Torkoal,Venusaur,Farigiraf,Sylveon,,MB130
MB129,Snorlaxpikachu1's r/VGC Regulation M-B Kickoff Cup Champion Team,,Snorlaxpikachu1,,,,Floettite,,,Pyroarite,,,Choice Scarf,,,Life Orb,,,Focus Sash,,,Sitrus Berry,,https://pokepast.es/10a37f301c6e583f,Yes,Owner's,✔,69PKNEEC91,20 Jun 2026,r/VGC Regulation M-B Kickoff Cup,Champion,https://youtu.be/rDd7eWD44Vw?si=B5FylTJ9KnDe3Z9P,-,-,Snorlaxpikachu1,,Floette-Mega,Pyroar-Mega,Ninetales,Basculegion,Whimsicott,Farigiraf,,MB129
MB128,hirseknabe's r/VGC Regulation M-B Kickoff Cup Runner Up Team,,hirseknabe,,,,Kangaskhanite,,,Charcoal,,,Choice Scarf,,,Focus Sash,,,Colbur Berry,,,Haban Berry,,https://pokepast.es/b94b2877b5dd4f7d,Yes,Owner's,✔,H4S1K5J6NA,19 Jun 2026,r/VGC Regulation M-B Kickoff Cup,Runner Up,https://x.com/hirseknabe/status/2067943611639976259?s=46,https://teamsheet.gg/t/wait-is-vileplume-good-2nd-place-at-the-largest-regulation-m-0as5d6,-,hirseknabe,,Kangaskhan-Mega,Torkoal,Basculegion,Vileplume,Farigiraf,Kommo-o,,MB128
MB127,Wolfey's r/VGC Regulation M-B Kickoff Cup Top 16 Team,,Wolfe Glick,,,,Floettite,,,Mystic Water,,,Raichunite Y,,,Focus Sash,,,Life Orb,,,Sitrus Berry,,https://pokepast.es/7d0d8f36a4fc312b,Yes,Extracted,✔,SR77A5DKC3,20 Jun 2026,r/VGC Regulation M-B Kickoff Cup,9th,https://www.youtube.com/watch?v=oytYBnWu5DA,-,-,WolfeyGlick,,Floette-Eternal-Mega,Basculegion,Raichu-Mega-Y,Whimsicott,Gholdengo,Garchomp,,MB127
MB126,ansena's Tera Square Offline #2 Champion Team,,ansena,,,,Pyroarite,,,Scraftinite,,,Heat Rock,,,Life Orb,,,Focus Sash,,,Sitrus Berry,,https://pokepast.es/f1137c3c585ed29c,Yes,Extracted,✔,6AS3XFULSE,20 Jun 2026,Tera Square Offline #2,Champion,https://x.com/iruto_ansena/status/2068264226922307847?s=20,-,-,iruto_ansena,,Pyroar-Mega,Scrafty-Mega,Torkoal,Venusaur,Mamoswine,Farigiraf,,MB126
MB125,Toranseru's Blaziken Mimikyu Team,,Toranseru,,,,Blazikenite,,,Sitrus Berry,,,Never-Melt Ice,,,Focus Sash,,,Life Orb,,,Choice Scarf,,https://pokepast.es/2f924471bc2bcbaa,Yes,Extracted,✔,E2D318EH5J,20 Jun 2026,-,,https://x.com/toranseru_poke/status/2068319802796679534?s=46,-,-,toranseru_poke,,Blaziken-Mega,Basculegion,Vanilluxe,Kingambit,Mimikyu,Hydreigon,,MB125
MB124,_ghira_'s Mawile Ampharos Team,,_ghira_,,,,Ampharosite,,,Mawilite,,,Charcoal,,,Focus Sash,,,Choice Scarf,,,Sitrus Berry,,https://pokepast.es/cb5685c96f86ac69,Yes,Extracted,✔,6TWVQHF36N,20 Jun 2026,-,,https://x.com/_ghira_/status/2068290442240627169?s=46,-,-,_ghira_,,Ampharos-Mega,Mawile-Mega,Incineroar,Basculegion,Staraptor,Farigiraf,,MB124
MB123,nl0u2aalww3fh0e's Staraptor Basculegion Team,,nl0u2aalww3fh0e,,,,Staraptite,,,Choice Scarf,,,Focus Sash,,,Chople Berry,,,White Herb,,,Dragon Fang,,https://pokepast.es/1eb8d74cc8e743ab,Yes,Extracted,✔,AFKAA4N5DG,20 Jun 2026,-,,https://x.com/nl0u2aalww3fh0e/status/2068279286973551091?s=46,-,-,nl0u2aalww3fh0e,,Staraptor-Mega,Basculegion-F,Whimsicott,Kingambit,Archaludon,Garchomp,,MB123
MB122,KURO's Charizard-Y Sylveon Team,,Masayoshi Kuroo,,,,Charizardite Y,,,Choice Scarf,,,Focus Sash,,,Chople Berry,,,Fairy Feather,,,Sitrus Berry,,https://pokepast.es/b17ef2d3883cd3e7,Yes,Extracted,✔,KE7D5EK4DB,20 Jun 2026,-,,https://x.com/f_kc56/status/2068307180760215826?s=20,-,-,f_kc56,,Charizard,Staraptor,Whimsicott,Kingambit,Sylveon,Garchomp,,MB122
MB121,David's Barbaracle Floette Team,,David Partington,,,,Barbaracite,,,Floettite,,,Chople Berry,,,Sitrus Berry,,,Focus Sash,,,Coba Berry,,https://pokepast.es/3477a04e5925fd8c,Yes,Extracted,✔,LW92T1DF2C,20 Jun 2026,-,,https://x.com/davidpartvgc/status/2068293743153741857?s=46,https://www.youtube.com/watch?v=IDmHhE1vK9c,-,davidpartvgc,,Barbaracle-Mega,Floette-Eternal-Mega,Incineroar,Milotic,Weavile,Sinistcha,,MB121
MB120,umikonou's Charizard-Y Pyroar Team,,umikonou,,,,Pyroarite,,,Sitrus Berry,,,Focus Sash,,,Charizardite Y,,,Heat Rock,,,Choice Scarf,,https://pokepast.es/acc7a36308616721,Yes,Extracted,✔,B1NRCK7S6U,20 Jun 2026,-,,https://x.com/umikonou/status/2068210764301946974?s=46,-,-,umikonou,,Pyroar-Mega,Blaziken,Ceruledge,Charizard,Torkoal,Meowscarada,,MB120
MB119,yukiya's Scovillain Grimmsnarl Team,,yukiya,,,,Scovillainite,,,Life Orb,,,Focus Sash,,,Roseli Berry,,,Sitrus Berry,,,Leftovers,,https://pokepast.es/3a8307130ab57279,Yes,Extracted,✔,HJQ0X8LUKD,20 Jun 2026,-,,https://x.com/pmyukiya/status/2068289914966581730?s=46,-,-,pmyukiya,,Scovillain-Mega,Basculegion,Pelipper,Grimmsnarl,Sylveon,Archaludon,,MB119
MB118,Hamstermania's Staraptor Maushold Team,,David Koutesh,,,,Staraptite,,,Choice Scarf,,,Focus Sash,,,Wide Lens,,,Occa Berry,,,Life Orb,,https://pokepast.es/931fd9ab58690716,Yes,Owner's,X,None,20 Jun 2026,-,,https://x.com/hamstermaniavgc/status/2068287480831398389?s=46,-,-,hamstermaniavgc,,Staraptor-Mega,Basculegion,Annihilape,Maushold,Whimsicott,Gholdengo,,MB118
MB117,robstar029's Blaziken Aerodactyl Team,,robstar029,,,,Aerodactylite,,,Blazikenite,,,Leftovers,,,Kasib Berry,,,Life Orb,,,Light Ball,,https://pokepast.es/8e43844c469fd740,Yes,Owner's,✔,W9TCAQB84S,20 Jun 2026,Team Report,,https://x.com/robstar029/status/2068074931523350532?s=46,https://teamsheet.gg/t/mega-blaziken-v2-13-win-streak-in-master-ball-xbv71x,-,robstar029,,Aerodactyl-Mega,Blaziken-Mega,Milotic,Sinistcha,Gholdengo,Grimmsnarl,,MB117
MB116,ShiningStAr359's Mawile Basculegion Team,,ShiningStAr359,,,,Mawilite,,,Shuca Berry,,,Life Orb,,,Choice Scarf,,,Sitrus Berry,,,Leftovers,,https://pokepast.es/8eb46e18d0531fd9,Yes,Extracted,✔,FHJJ4LBT8J,20 Jun 2026,-,,https://x.com/ShiningStAr359/status/2068255293482643481?s=20,-,-,ShiningStAr359,,Mawile-Mega,Incineroar,Basculegion-F,Pelipper,Sinistcha,Archaludon,,MB116
MB115,YesMess72837's Staraptor Glimmora Team,,YesMess72837,,,,Staraptite,,,Sitrus Berry,,,Focus Sash,,,Fairy Feather,,,Kasib Berry,,,Life Orb,,https://pokepast.es/6fd669b85d485182,Yes,Extracted,✔,3SYCJQX90F,20 Jun 2026,-,,https://x.com/YesMess72837/status/2068132699693285604?s=20,-,-,YesMess72837,,Staraptor-Mega,Incineroar,Glimmora,Whimsicott,Sinistcha,Garchomp,,MB115
MB114,argent__mj's Gengar Dragonite Team,,argent__mj,,,,Gengarite,,,Leftovers,,,Chople Berry,,,Never-Melt Ice,,,Dragon Fang,,,Sitrus Berry,,https://pokepast.es/85224fb4b4ad5412,Yes,Extracted,✔,H79JK2XXJQ,20 Jun 2026,-,,https://x.com/argent__mj/status/2068241321060712729?s=20,-,-,argent__mj,,Gengar-Mega,Incineroar,Kingambit,Ninetales-Alola,Dragonite,Garchomp,,MB114
MB113,sktypoke's Swampert Venusaur Team,,sktypoke,,,,Swampertite,,,Venusaurite,,,Choice Scarf,,,Sitrus Berry,,,Roseli Berry,,,Leftovers,,https://pokepast.es/70e91d0508ab7df0,Yes,Extracted,✔,B7S0MJJ8XT,20 Jun 2026,-,,https://x.com/sktypoke/status/2068212176381464924?s=20,-,-,sktypoke,,Swampert-Mega,Venusaur-Mega,Basculegion,Pelipper,Sableye,Archaludon,,MB113
MB112,Sarapoke0914's Pyroar Vileplume Team,,Sarapoke0914,,,,Pyroarite,,,Charcoal,,,Focus Sash,,,Iron Ball,,,Silk Scarf,,,Sitrus Berry,,https://pokepast.es/c9eb31413e55910b,Yes,Extracted,✔,F97H1C82K0,20 Jun 2026,-,,https://x.com/Sarapoke0914/status/2068263311972639098?s=20,-,-,Sarapoke0914,,Pyroar-Mega,Torkoal,Vileplume,Sneasler,Kangaskhan,Farigiraf,,MB112
MB111,Sarapoke0914's Blastoise Whimsicott HTR Team,,Sarapoke0914,,,,Blastoisinite,,,Mystic Water,,,Iron Ball,,,Choice Scarf,,,Focus Sash,,,Life Orb,,https://pokepast.es/d0f7a91d5b4e6fb1,Yes,Extracted,✔,UREJ8TM9E7,20 Jun 2026,-,,https://x.com/Sarapoke0914/status/2068263311972639098?s=20,-,-,Sarapoke0914,,Blastoise-Mega,Basculegion,Pelipper,Staraptor,Whimsicott,Kingambit,,MB111
MB110,BTrickroomZ's Swampert Glimmora Team,,Yuta Ishigaki,,,,Glimmoranite,,,Swampertite,,,Life Orb,,,Roseli Berry,,,Sitrus Berry,,,Leftovers,,https://pokepast.es/6613ff141ce6fe6d,Yes,Extracted,✔,5BQPQF3190,20 Jun 2026,Video,,https://x.com/BTrickroomZ/status/2068254893073465383?s=20,https://www.youtube.com/live/kgZS0eKU1Wg,-,BTrickroomZ,,Glimmora-Mega,Swampert-Mega,Pelipper,Sableye,Sinistcha,Archaludon,,MB110
MB109,Nash's Swampert Basculegion Team,,Sanghyeon Na,,,,Swampertite,,,Mystic Water,,,Choice Scarf,,,Kasib Berry,,,Light Clay,,,Leftovers,,https://pokepast.es/5cce0dd546eebdc4,Yes,Owner's,✔,UAHF50H9Y4,20 Jun 2026,Video,,https://x.com/nashvgc/status/2068217770832199783?s=46,https://www.youtube.com/watch?v=QtPQVHNAQC8,-,nashvgc,,Swampert-Mega,Basculegion,Pelipper,Sinistcha-Masterpiece,Grimmsnarl,Archaludon,,MB109
MB108,alcana's Raichu-Y Sylveon Team,,Kiwamu Endo,,,,Shuca Berry,,,Raichunite Y,,,Focus Sash,,,Occa Berry,,,Fairy Feather,,,Life Orb,,https://pokepast.es/023d908d621f742e,Yes,Extracted,✔,GDKRNFEAV2,20 Jun 2026,-,,https://x.com/alcana_10906/status/2068227413675544850?s=46,-,-,alcana_10906,,Incineroar,Raichu-Mega-Y,Whimsicott,Kingambit,Sylveon,Garchomp,,MB108
MB107,JoeUX9's Swampert Sableye Team,,Joseph Ugarte,,,,Swampertite,,,Focus Sash,,,Light Clay,,,Kasib Berry,,,Chople Berry,,,Leftovers,,https://pokepast.es/dfcc0549f978f1e7,Yes,Extracted,X,None,20 Jun 2026,Video,,https://youtu.be/cvVzNtC4uMA?si=gBDj-uu7GjdEKvPp,-,-,JoeUX9,,Swampert-Mega,Pelipper,Sableye,Sinistcha,Kingambit,Archaludon,,MB107
MB106,SaturnZelda's Staraptor Dragalge Team,,SaturnZelda,,,,Dragalgite,,,Staraptite,,,Sitrus Berry,,,Occa Berry,,,Chople Berry,,,Light Clay,,https://pokepast.es/ab3ddb99ccdd02e1,Yes,Extracted,✔,9Q7MBH2EFJ,20 Jun 2026,-,,https://x.com/SaturnZelda/status/2068102110798123023?s=20,-,-,SaturnZelda,,Dragalge-Mega,Staraptor-Mega,Incineroar,Sinistcha,Kingambit,Grimmsnarl,,MB106
MB105,mikevgc's Eelektross Charizard-Y Team,,mikevgc,,,,Eelektrossite,,,Charizardite Y,,,Mystic Water,,,Focus Sash,,,Light Clay,,,Life Orb,,https://pokepast.es/901188044e2dad19,Yes,Extracted,✔,1A167303WM,19 Jun 2026,-,,https://x.com/mikevgc/status/2067921516537208895?s=46,-,-,mikevgc,,Eelektross-Mega,Charizard,Basculegion,Whimsicott,Grimmsnarl,Garchomp,,MB105
MB104,ntsu__'s Metagross Eelektross Team,,ntsu__,,,,Eelektrossite,,,Metagrossite,,,Mystic Water,,,Focus Sash,,,Black Glasses,,,Sitrus Berry,,https://pokepast.es/b10af3f64aab0d61,Yes,Extracted,X,None,20 Jun 2026,-,,https://x.com/ntsu__/status/2068002598259437852?s=46,-,-,ntsu__,,Eelektross-Mega,Metagross-Mega,Basculegion,Whimsicott,Kingambit,Garchomp,,MB104
MB103,lj_darkrai's Raichu-Y Froslass Team,,lj_darkrai,,,,Froslassite,,,Life Orb,,,Choice Scarf,,,Raichunite Y,,,Sitrus Berry,,,Leftovers,,https://pokepast.es/6729423e9e1f10a1,Yes,Extracted,✔,QSTCTM0CEC,20 Jun 2026,-,,https://x.com/lj_darkrai/status/2068080489387159993?s=46,-,-,lj_darkrai,,Froslass-Mega,Basculegion,Pelipper,Raichu-Mega-Y,Sinistcha,Archaludon,,MB103
MB102,Twilite's Staraptor Delphox Team,,Kshaunish Shaik,,,,Delphoxite,,,Staraptite,,,Focus Sash,,,Kasib Berry,,,Light Clay,,,Life Orb,,https://pokepast.es/cf389e48bd9554b8,Yes,Extracted,✔,D5CV62X9YA,20 Jun 2026,-,,https://x.com/twilite0/status/2068113482835259660?s=46,-,-,twilite0,,Delphox-Mega,Staraptor-Mega,Basculegion,Sinistcha,Grimmsnarl,Garchomp,,MB102
MB101,valivgc's Staraptor Milotic Team,,valivgc,,,,Staraptite,,,Sitrus Berry,,,Leftovers,,,Kasib Berry,,,Life Orb,,,Choice Scarf,,https://pokepast.es/95e4b7874f34c5ca,Yes,Extracted,✔,3G9V721VC9,20 Jun 2026,-,,https://x.com/valivgc/status/2068002819001511967?s=46,-,-,valivgc,,Staraptor-Mega,Incineroar,Milotic,Sinistcha,Sylveon,Garchomp,,MB101
MB100,dollarmonke13's Raichu-Y Mawile Team,,dollarmonke13,,,,Mawilite,,,Sitrus Berry,,,Focus Sash,,,Raichunite Y,,,Kasib Berry,,,Life Orb,,https://pokepast.es/0676ff96a9e2a83a,Yes,Extracted,✔,LN7QF06DPF,19 Jun 2026,-,,https://x.com/dollarmonke13/status/2067842141410189668?s=46,-,-,dollarmonke13,,Mawile-Mega,Incineroar,Pelipper,Raichu-Mega-Y,Sinistcha,Garchomp,,MB100
MB99,KantoClark's Sceptile Tyranitar Team,,Nicholas Clark,,,,Sceptilite,,,Tyranitarite,,,Choice Scarf,,,White Herb,,,Sitrus Berry,,,Life Orb,,https://pokepast.es/195df8f08deadd5a,Yes,Extracted,✔,U9KYXVSGTC,19 Jun 2026,-,,https://x.com/kantoclark/status/2067853693899210893?s=46,-,-,kantoclark,,Sceptile-Mega,Tyranitar-Mega,Rotom-Heat,Sneasler,Corviknight,Garchomp,,MB99
MB98,BravadoVGC's Mawile Scrafty HTR Team,,Konnar Betts,,,,Mawilite,,,Scraftinite,,,Life Orb,,,Charcoal,,,Wide Lens,,,Colbur Berry,,https://pokepast.es/b85aa9357fb1bff2,Yes,Extracted,✔,6KDYJ5GVXK,20 Jun 2026,-,,https://x.com/that_bravado/status/2068151605921530034?s=46,-,-,that_bravado,,Mawile-Mega,Scrafty-Mega,Armarouge,Torkoal,Maushold-Four,Farigiraf,,MB98
MB97,Brian's Swampert Metagross Team,,Brian Youm,,,,Metagrossite,,,Swampertite,,,Sitrus Berry,,,Coba Berry,,,Light Clay,,,Leftovers,,https://pokepast.es/16c8dda0ec18f0dc,Yes,Extracted,✔,W5X0TK3N38,20 Jun 2026,-,,https://x.com/playmakeryoum/status/2068071807094063319?s=46,-,-,playmakeryoum,,Metagross-Mega,Swampert-Mega,Pelipper,Sinistcha,Grimmsnarl,Archaludon,,MB97
MB96,syntexcustoms' Floette Annihilape Team,,syntexcustoms,,,,Floettite,,,Sharp Beak,,,Roseli Berry,,,Focus Sash,,,Spell Tag,,,Life Orb,,https://pokepast.es/c0cd7f06607fc861,Yes,Owner's,✔,4N3MELX31W,20 Jun 2026,-,,https://x.com/syntexcustoms/status/2068047423402889355?s=46,-,-,syntexcustoms,,Floette-Eternal-Mega,Talonflame,Annihilape,Vivillon,Gholdengo,Garchomp,,MB96
MB95,Goto's Crown Fight #73 Champion Team,,Tomoki Goto,,,,Floettite,,,Metagrossite,,,Sitrus Berry,,,Sharp Beak,,,Never-Melt Ice,,,Life Orb,,https://pokepast.es/49d221a71ad77e0b,Yes,Extracted,✔,U26H4084R5,20 Jun 2026,Crown Fight #73,Champion,https://x.com/gototapufinivgc/status/2068118083118768213?s=46,-,-,gototapufinivgc,,Floette-Eternal-Mega,Metagross-Mega,Ceruledge,Talonflame,Ninetales-Alola,Garchomp,,MB95
MB94,bikovgc's Delphox Annihilape Team,,bikovgc,,,,Delphoxite,,,Passho Berry,,,Leftovers,,,Wide Lens,,,Focus Sash,,,Sitrus Berry,,https://pokepast.es/9a01a8efa48ef2e2,Yes,Extracted,✔,LPUTRGJQWE,20 Jun 2026,-,,https://x.com/bikovgc/status/2068059411780608150?s=46,-,-,bikovgc,,Delphox-Mega,Incineroar,Annihilape,Maushold-Four,Whimsicott,Farigiraf,,MB94
MB93,0101fe_'s Charizard-Y Floette Team,,0101fe_,,,,Floettite,,,Charizardite Y,,,Life Orb,,,Focus Sash,,,Chople Berry,,,Roseli Berry,,https://pokepast.es/660c94038fbbebc6,Yes,Extracted,✔,R6EFJYW89C,20 Jun 2026,-,,https://x.com/0101fe_/status/2068093302428357044?s=46,-,-,0101fe_,,Floette-Eternal-Mega,Charizard,Basculegion,Whimsicott,Kingambit,Garchomp,,MB93
MB92,Saibon_'s Swampert Mawile Team,,Saibon_,,,,Mawilite,,,Swampertite,,,Life Orb,,,Sitrus Berry,,,Kasib Berry,,,Leftovers,,https://pokepast.es/ab6f014525d8bfd3,Yes,Extracted,✔,BWVQT3408L,20 Jun 2026,-,,https://x.com/Saibon_/status/2068033770192576642?s=20,-,-,Saibon_,,Mawile-Mega,Swampert-Mega,Pelipper,Farigiraf,Sinistcha,Archaludon,,MB92
MB91,YT's Floette Grimmsnarl Team,,Yuya Tada,,,,Floettite,,,Choice Scarf,,,Focus Sash,,,Sitrus Berry,,,Light Clay,,,Leftovers,,https://pokepast.es/aeb488d282f9d8b2,Yes,Extracted,✔,BMYR5TU6TP,19 Jun 2026,-,,https://x.com/YTpublic/status/2067973511143137573?s=20,-,-,YTpublic,,Floette-Eternal-Mega,Basculegion,Pelipper,Sinistcha,Grimmsnarl,Archaludon,,MB91
MB90,0101fe_'s Floette Annihilape Team,,0101fe_,,,,Floettite,,,Sitrus Berry,,,Bright Powder,,,Leftovers,,,Choice Scarf,,,Light Clay,,https://pokepast.es/93d157085867fcd8,Yes,Extracted,✔,5SU3ECU37G,19 Jun 2026,-,,https://x.com/0101fe_/status/2067908031351034064?s=20,-,-,0101fe_,,Floette-Eternal-Mega,Incineroar,Milotic,Annihilape,Gholdengo,Grimmsnarl,,MB90
MB89,hammockpokemon's Sceptile Rotom-Heat Team,,hammockpokemon,,,,Sceptilite,,,Choice Scarf,,,Sitrus Berry,,,Focus Sash,,,Bright Powder,,,Life Orb,,https://pokepast.es/6d1d80031b2e5e20,Yes,Extracted,✔,2KTKJADG9X,19 Jun 2026,-,,https://x.com/hammockpokemon/status/2067940233891770560?s=20,-,-,hammockpokemon,,Sceptile-Mega,Rotom-Heat,Basculegion,Aerodactyl,Clefable,Garchomp,,MB89
MB88,tomachikonoyubi's Blaziken Venusaur Team,,tomachikonoyubi,,,,Blazikenite,,,Venusaurite,,,Focus Sash,,,Choice Scarf,,,Chople Berry,,,Fairy Feather,,https://pokepast.es/b2d81ee06b7d663e,Yes,Extracted,✔,9FRL4FR6Q6,19 Jun 2026,-,,https://x.com/tomachikonoyubi/status/2067951645594636530?s=20,-,-,tomachikonoyubi,,Blaziken-Mega,Venusaur-Mega,Aerodactyl,Gholdengo,Kingambit,Sylveon,,MB88
MB87,Riopaser's Blaziken Metagross Team,,Eric Ríos,,,,Blazikenite,,,Metagrossite,,,Life Orb,,,Focus Sash,,,Sitrus Berry,,,Choice Scarf,,https://pokepast.es/fbcda25f4bcd3e3d,Yes,Extracted,✔,LHTGEUP049,20 Jun 2026,-,,https://x.com/riopaser/status/2068029876259451118?s=20,-,-,riopaser,,Blaziken-Mega,Metagross-Mega,Basculegion,Whimsicott,Farigiraf,Hydreigon,,MB87
MB86,1803gi's Staraptor Vileplume Team,,Tatsuya Watanuki,,,,Staraptite,,,Focus Sash,,,Life Orb,,,Big Root,,,Sitrus Berry,,,Choice Scarf,,https://pokepast.es/1926605176ed5d46,Yes,Extracted,✔,CQ5EJT6DX7,19 Jun 2026,-,,https://x.com/1803gi/status/2067999071961563627?s=20,-,-,1803gi,,Staraptor-Mega,Houndoom,Feraligatr,Vileplume,Gholdengo,Florges,,MB86
MB85,kashiwagineru's Swampert Venusaur Team,,kashiwagineru,,,,Swampertite,,,Venusaurite,,,Choice Scarf,,,Focus Sash,,,Roseli Berry,,,Leftovers,,https://pokepast.es/a70a3bcd94e45efa,Yes,Extracted,✔,CE5AM8VUQ5,18 Jun 2026,-,,https://x.com/kashiwagineru/status/2067509236385579392?s=20,-,-,kashiwagineru,,Swampert-Mega,Venusaur-Mega,Basculegion,Pelipper,Sableye,Archaludon,,MB85
MB84,FedeCampoVGC's Pyroar Aerodactyl Team,,Federico Camporesi,,,,Aerodactylite,,,Pyroarite,,,Heat Rock,,,Muscle Band,,,Focus Sash,,,Life Orb,,https://pokepast.es/0e4f41f8810c9125,Yes,Extracted,✔,JT0U8TR1H0,18 Jun 2026,-,,https://x.com/FedeCampoVGC/status/2067595667640303722?s=20,-,-,FedeCampoVGC,,Aerodactyl-Mega,Pyroar-Mega,Torkoal,Basculegion,Venusaur,Garchomp,,MB84
MB83,cona's Raichu-Y Vanilluxe Team,,Hiroshi Onishi,,,,Charcoal,,,Sitrus Berry,,,Raichunite Y,,,Focus Sash,,,Choice Scarf,,,Dragon Fang,,https://pokepast.es/2b0be9aafd256287,Yes,Extracted,✔,PS5CRKVPSK,18 Jun 2026,-,,https://x.com/cona_5757/status/2067606397010034750?s=20,-,-,cona_5757,,Incineroar,Basculegion,Raichu-Mega-Y,Sneasler,Vanilluxe,Dragonite,,MB83
MB82,HiramLodgeLFC's Staraptor Glimmora Team,,HiramLodgeLFC,,,,Glimmoranite,,,Staraptite,,,Chople Berry,,,Choice Scarf,,,Shuca Berry,,,Focus Sash,,https://pokepast.es/e0c7fb8a357edaa9,Yes,Owner's,✔,CF89F875GS,19 Jun 2026,-,,Discord Submission,-,-,Manual Entry,,Glimmora-Mega,Staraptor-Mega,Incineroar,Basculegion,Raichu,Whimsicott,,MB82
MB81,skylon01's Staraptor Delphox Team,,skylon01,,,,Delphoxite,,,Staraptite,,,Sitrus Berry,,,Chople Berry,,,Kasib Berry,,,Light Clay,,https://pokepast.es/b9a3b3607ffc4a3b,Yes,Extracted,✔,5NBYJMJG89,19 Jun 2026,-,,https://x.com/skylon01/status/2067776460132155902?s=46,-,-,skylon01,,Delphox-Mega,Staraptor-Mega,Incineroar,Maushold-Four,Sinistcha,Grimmsnarl,,MB81
MB80,PokeReplaysVGC's Charizard-Y Floette Team,,Adam Wright,,,,Floettite,,,Charizardite Y,,,Mystic Water,,,Focus Sash,,,Black Glasses,,,Life Orb,,https://pokepast.es/771158ae8eb2881a,Yes,Owner's,✔,6U1T0KGHR9,19 Jun 2026,-,,https://x.com/pokereplaysvgc/status/2067950581855965343?s=46,-,-,pokereplaysvgc,,Floette-Eternal-Mega,Charizard,Basculegion,Whimsicott,Kingambit,Garchomp,,MB80
MB79,barudoru's Staraptor Delphox Team,,Ryota Otsubo,,,,Delphoxite,,,Staraptite,,,Focus Sash,,,Choice Scarf,,,Chople Berry,,,Kasib Berry,,https://pokepast.es/c46aee8693ec0279,Yes,Extracted,✔,82QFF350SR,19 Jun 2026,-,,https://x.com/barudoru/status/2067981167945830519?s=46,-,-,barudoru,,Delphox-Mega,Staraptor-Mega,Excadrill,Tyranitar,Maushold-Four,Sinistcha,,MB79
MB78,zeen's Charizard-Y Floette Team,,Shohei Kimura,,,,Floettite,,,Charizardite Y,,,Life Orb,,,Focus Sash,,,Chople Berry,,,Roseli Berry,,https://pokepast.es/8a704c564baf9ef0,Yes,Extracted,✔,ADBFKT26MA,19 Jun 2026,-,,https://x.com/zeen172m/status/2067981604023378065?s=46,-,-,zeen172m,,Floette-Eternal-Mega,Charizard,Basculegion,Whimsicott,Kingambit,Garchomp,,MB78
MB77,Magnetman's Metagross Floette Team,,Adryan Sutantoso,,,,Floettite,,,Metagrossite,,I,,,,Sitrus Berry,,,Focus Sash,,,Life Orb,,https://pokepast.es/3db90a016d44edf6,Yes,Extracted,✔,TR71M12XH3,19 Jun 2026,Video,,https://x.com/MagnetmanVGC/status/2067993401996542285,https://www.youtube.com/watch?v=bDegnz_xFXk,-,MagnetmanVGC,,Floette-Eternal-Mega,Metagross-Mega,Talonflame,Rotom-Wash,Sneasler,Garchomp,,MB77
MB76,NikyuAlex's Blaziken Aerodactyl Team,,Alessio Fuscà,,,,Aerodactylite,,,Blazikenite,,,Leftovers,,,Focus Sash,,,Life Orb,,,Fairy Feather,,https://pokepast.es/5fa79154c6fb5677,Yes,Owner's,✔,E4BCWXGFA8,19 Jun 2026,Team Report,,https://x.com/nikyualex/status/2067704320074907938?s=46,https://metafy.gg/guides/view/better-than-ever-a-blaziken-mega-team-repo-aphkSW6dcMj,-,nikyualex,,Aerodactyl-Mega,Blaziken-Mega,Torkoal,Basculegion,Kingambit,Sylveon,,MB76
MB75,Misaka's Staraptor Floette Team,,Misaka,,,,Floettite,,,Staraptite,,,Sitrus Berry,,,White Herb,,,Kasib Berry,,,Light Clay,,https://pokepast.es/f0805d4554d95ba6,Yes,Extracted,✔,C4CBSFUKXS,19 Jun 2026,-,,https://x.com/agmewtwo/status/2067830911090221078?s=46,-,-,agmewtwo,,Floette-Eternal-Mega,Staraptor-Mega,Incineroar,Sneasler,Sinistcha,Grimmsnarl,,MB75
MB74,anrivgc's Staraptor Delphox Team,,anrivgc,,,,Delphoxite,,,Staraptite,,,Focus Sash,,,Occa Berry,,,Sitrus Berry,,,Life Orb,,https://pokepast.es/f5f4fa4765ea3c1e,Yes,Extracted,✔,1ABUUWCP01,19 Jun 2026,-,,https://x.com/anrivgc/status/2067675388151554322?s=46,-,-,anrivgc,,Delphox-Mega,Staraptor-Mega,Basculegion,Whimsicott,Sinistcha,Garchomp,,MB74
MB73,rirunnpapa's Swampert Sylveon Team,,Shintaro Amemiya,,,,Swampertite,,,Choice Scarf,,,Sitrus Berry,,,Coba Berry,,,Fairy Feather,,,Leftovers,,https://pokepast.es/132829d028243617,Yes,Extracted,✔,MDWB7R8X6Y,19 Jun 2026,-,,https://x.com/rirunnpapa/status/2067649431193976918?s=46,-,-,rirunnpapa,,Swampert-Mega,Basculegion,Pelipper,Sinistcha,Sylveon,Archaludon,,MB73
MB72,roasis2802's Scrafty Gholdengo Team,,roasis2802,,,,Scraftinite,,,Focus Sash,,,Choice Scarf,,,Light Clay,,,Life Orb,,,Roseli Berry,,https://pokepast.es/e804d37b8490aae7,Yes,Extracted,✔,386F6KPJYL,19 Jun 2026,-,,https://x.com/roasis2802/status/2067616953980846277?s=46,-,-,roasis2802,,Scrafty-Mega,Aerodactyl,Gholdengo,Ninetales-Alola,Sylveon,Garchomp,,MB72
MB71,koma's Staraptor Delphox Team,,koma,,,,Delphoxite,,,Staraptite,,,Life Orb,,,Focus Sash,,,Occa Berry,,,Roseli Berry,,https://pokepast.es/6cbc4096622d64a2,Yes,Extracted,✔,C9VF2QNHNR,19 Jun 2026,-,,https://x.com/komatta_man/status/2067593622544138624?s=46,-,-,komatta_man,,Delphox-Mega,Staraptor-Mega,Basculegion,Maushold,Sinistcha,Grimmsnarl,,MB71
MB70,NatusPKMN's Metagross Annihilape Team,,Nate Innocenti,,,,Metagrossite,,,Spell Tag,,,Focus Sash,,,Wide Lens,,,Sitrus Berry,,,Light Clay,,https://pokepast.es/67095d619277f7ae,Yes,Extracted,X,None,19 Jun 2026,-,,https://x.com/natuspkmn/status/2067855790786953719?s=46,-,-,natuspkmn,,Metagross-Mega,Annihilape,Zoroark-Hisui,Maushold-Four,Farigiraf,Grimmsnarl,,MB70
MB69,rejovgc's Barbaracle Froslass Team,,rejovgc,,,,Barbaracite,,,Froslassite,,,Mystic Water,,,Focus Sash,,,Chople Berry,,,Life Orb,,https://pokepast.es/2c45ecd45b32362c,Yes,Owner's,✔,8NC4A2HX10,19 Jun 2026,-,,https://x.com/rejovgc/status/2067656241170497864?s=46,-,-,rejovgc,,Barbaracle-Mega,Froslass-Mega,Basculegion,Whimsicott,Kingambit,Garchomp,,MB69
MB68,yunirando_vgc's Swampert Glimmora Team,,yunirando_vgc,,,,Glimmoranite,,,Swampertite,,,Focus Sash,,,Choice Scarf,,,Life Orb,,,Leftovers,,https://pokepast.es/7badf974df8b5e3a,Yes,Extracted,✔,D7T1UFCULQ,19 Jun 2026,-,,https://x.com/yunirando_vgc/status/2067810755794424007?s=46,-,-,yunirando_vgc,,Glimmora-Mega,Swampert-Mega,Basculegion,Pelipper,Overqwil,Archaludon,,MB68
MB67,LawrenceVGC's Grimmsnarl Annihilape Team,,LawrenceVGC,,,,Gardevoirite,,,Chople Berry,,,Focus Sash,,,Leftovers,,,Kasib Berry,,,Light Clay,,https://pokepast.es/3de0e5581c82d214,Yes,Extracted,✔,HHNL2ST7UC,19 Jun 2026,-,,https://x.com/LawrenceVGC/status/2067880485955490237,-,-,LawrenceVGC,,Gardevoir-Mega,Incineroar,Pelipper,Annihilape,Sinistcha,Grimmsnarl,,MB67
MB66,alcana's Sceptile Rotom-Wash Team,,Kiwamu Endo,,,,Sceptilite,,,Life Orb,,,Choice Scarf,,,White Herb,,,Focus Sash,,,Soft Sand,,https://pokepast.es/f9ed4fd2eafd0dca,Yes,Extracted,✔,X4EKY3AE00,19 Jun 2026,-,,https://x.com/alcana_10906/status/2067808851647500499,-,-,alcana_10906,,Sceptile-Mega,Talonflame,Rotom-Wash,Sneasler,Gholdengo,Garchomp,,MB66
MB65,Osirus' Staraptor Grimmsnarl Team,,Lee Provost,,,,Staraptite,,,Sitrus Berry,,,Kasib Berry,,,Leftovers,,,Light Clay,,,Life Orb,,https://pokepast.es/79effda80d55d3f4,Yes,Extracted,✔,D45J6QAUQY,19 Jun 2026,Video,,https://x.com/osirusvgc/status/2067772177600876576?s=46&t=WmXEnVa3rTSw0P9A0n6S3Q,https://www.youtube.com/watch?v=xRHI5JTG_us,-,osirusvgc,,Staraptor-Mega,Incineroar,Sinistcha,Gholdengo,Grimmsnarl,Garchomp,,MB65
MB64,regibang's Pyroar Zoroark-Hisui Team,,regibang,,,,Pyroarite,,,White Herb,,,Life Orb,,,Focus Sash,,,Sitrus Berry,,,Lum Berry,,https://pokepast.es/9af67b91723b116d,Yes,Extracted,✔,6B4KT2BCNS,19 Jun 2026,-,,https://x.com/regibang/status/2067697290094022731?s=46&t=WmXEnVa3rTSw0P9A0n6S3Q,-,-,regibang,,Pyroar-Mega,Sneasler,Zoroark-Hisui,Whimsicott,Sinistcha,Dragonite,,MB64
MB63,Cybertron's Staraptor Whimsicott Team,,Aaron Zheng,,,,Staraptite,,,Choice Scarf,,,Mystic Water,,,Focus Sash,,,Life Orb,,,Roseli Berry,,https://pokepast.es/0e2147e72cacc417,Yes,Owner's,✔,XEX629QEEY,18 Jun 2026,Video,,https://x.com/cybertronvgc/status/2067697848376762481?s=46&t=WmXEnVa3rTSw0P9A0n6S3Q,https://www.youtube.com/watch?v=ES4APGm7KPw,-,cybertronvgc,,Staraptor-Mega,Typhlosion-Hisui,Basculegion,Whimsicott,Gholdengo,Garchomp,,MB63
MB62,TalonMasterJ's Dragalge Froslass Team,,Joe Carlino,,,,Dragalgite,,,Froslassite,,,Sitrus Berry,,,White Herb,,,Black Glasses,,,Roseli Berry,,https://pokepast.es/5555d351eb6f4216,Yes,Extracted,✔,DAGBY643A0,19 Jun 2026,-,,https://x.com/joecarlino14/status/2067695652264395074?s=46&t=WmXEnVa3rTSw0P9A0n6S3Q,-,-,joecarlino14,,Dragalge-Mega,Froslass-Mega,Basculegion,Sneasler,Kingambit,Garchomp,,MB62
MB61,pablitonya's Staraptor Eelektross Team,,pablitonya,,,,Eelektrossite,,,Staraptite,,,Choice Scarf,,,Focus Sash,,,Black Glasses,,,Life Orb,,https://pokepast.es/e7031fc9ee125bb0,Yes,Extracted,✔,3SJRR8JLJV,18 Jun 2026,-,,https://x.com/pablitonya/status/2067633767045292334?s=46&t=WmXEnVa3rTSw0P9A0n6S3Q,-,-,pablitonya,,Eelektross-Mega,Staraptor-Mega,Basculegion,Whimsicott,Kingambit,Garchomp,,MB61
MB60,soungrull's Charizard-Y Sylveon Team,,soungrull,,,,Charizardite Y,,,Focus Sash,,,Sitrus Berry,,,Life Orb,,,Fairy Feather,,,Choice Scarf,,https://pokepast.es/5ff9a2b097e13aac,Yes,Extracted,✔,TH6GVKEYBR,18 Jun 2026,-,,https://x.com/soungrull/status/2067616664204742755?s=46,-,-,soungrull,,Charizard,Aerodactyl,Farigiraf,Kingambit,Sylveon,Garchomp,,MB60
MB59,toshiniki's Charizard-Y Floette Team,,toshiniki,,,,Floettite,,,Charizardite Y,,,Life Orb,,,Focus Sash,,,Occa Berry,,,Roseli Berry,,https://pokepast.es/809d18abcc0a41ef,Yes,Extracted,✔,KGQX4915U1,18 Jun 2026,-,,https://x.com/toshi_kyogre/status/2067382205429764170?s=46,-,-,toshi_kyogre,,Floette-Eternal-Mega,Charizard,Basculegion,Whimsicott,Kingambit,Garchomp,,MB59
MB58,146_poke's Malamar Gholdengo Team,,146_poke,,,,Malamarite,,,Sitrus Berry,,,Focus Sash,,,Kasib Berry,,,Colbur Berry,,,Light Clay,,https://pokepast.es/5f26a57051bcb1f0,Yes,Extracted,✔,JQK7JQNFPK,18 Jun 2026,-,,https://x.com/146_poke/status/2067324589412348003?s=46,-,-,146_poke,,Malamar-Mega,Incineroar,Sneasler,Sinistcha,Gholdengo,Grimmsnarl,,MB58
MB57,kashiwagineru's Metagross Aerodactyl Team,,kashiwagineru,,,,Aerodactylite,,,Metagrossite,,,Life Orb,,,Focus Sash,,,Chople Berry,,,Fairy Feather,,https://pokepast.es/53118576ed92f284,Yes,Extracted,✔,7TKB7U5DKA,18 Jun 2026,-,,https://x.com/kashiwagineru/status/2067511103236833647?s=46,-,-,kashiwagineru,,Aerodactyl-Mega,Metagross-Mega,Basculegion,Meowscarada,Kingambit,Sylveon,,MB57
MB56,c_bass365's Metagross Eelektross Team,,c_bass365,,,,Eelektrossite,,,Metagrossite,,,Focus Sash,,,White Herb,,,Light Clay,,,Life Orb,,https://pokepast.es/f6a56a68c07948f9,Yes,Extracted,✔,70X59SUBJ0,18 Jun 2026,-,,https://x.com/c_bass365/status/2067526676314210795?s=46,-,-,c_bass365,,Eelektross-Mega,Metagross-Mega,Basculegion,Sneasler,Grimmsnarl,Garchomp,,MB56
MB55,Sh4dowzon's Staraptor Charizard-Y Team,,Nicolás del Campo,,,,Staraptite,,,Charizardite Y,,,White Herb,,,Focus Sash,,,Life Orb,,,Sitrus Berry,,https://pokepast.es/a8283ae7c2e72695,Yes,Extracted,✔,YPYGJQBBEJ,18 Jun 2026,-,,https://x.com/sh4dowzon_vgc/status/2067448035190218906?s=46,-,-,sh4dowzon_vgc,,Staraptor-Mega,Charizard,Sneasler,Whimsicott,Gholdengo,Garchomp,,MB55
MB54,misono's Raichu-Y Charizard-Y Team,,misono,,,,Charizardite Y,,,Life Orb,,,Raichunite Y,,,Focus Sash,,,Chople Berry,,,Choice Scarf,,https://pokepast.es/387f6072da7d4c79,Yes,Extracted,✔,LJ60S3SGG0,18 Jun 2026,-,,https://x.com/misonopoke/status/2067389580635218113?s=46,-,-,misonopoke,,Charizard,Basculegion,Raichu-Mega-Y,Whimsicott,Kingambit,Ninetales-Alola,,MB54
MB53,toru's Mawile Swampert Team,,toru,,,,Mawilite,,,Swampertite,,,Choice Scarf,,,Mystic Water,,,Sitrus Berry,,,Leftovers,,https://pokepast.es/5dd5a0b10ba9f20a,Yes,Extracted,✔,1VFA9QB9W5,18 Jun 2026,-,,https://x.com/toru_poke/status/2067283035293376857?s=46,-,-,toru_poke,,Mawile-Mega,Swampert-Mega,Pelipper,Politoed,Farigiraf,Archaludon,,MB53
MB52,Yoko's Triple Mega Snow Rain Team,,Yoko Taguma,,,,Metagrossite,,,Swampertite,,,Damp Rock,,,Raichunite Y,,,Focus Sash,,,Sitrus Berry,,https://pokepast.es/4c0ff57247351451,Yes,Extracted,✔,1QDFD63GAT,18 Jun 2026,-,,https://x.com/yoko_clover/status/2067452865724231684?s=46,-,-,yoko_clover,,Metagross-Mega,Swampert-Mega,Pelipper,Raichu-Mega-Y,Vanilluxe,Farigiraf,,MB52
MB51,krlos_cb's Metagross Aerodactyl Team,,krlos_cb,,,,Aerodactylite,,,Metagrossite,,,Focus Sash,,,Leftovers,,,Sitrus Berry,,,Life Orb,,https://pokepast.es/adcab0702c03e988,Yes,Extracted,✔,QFRFE50XY6,18 Jun 2026,-,,https://x.com/krlos_cb/status/2067551270802481234?s=46,-,-,krlos_cb,,Aerodactyl-Mega,Metagross-Mega,Blaziken,Rotom-Wash,Sinistcha,Garchomp,,MB51
MB50,sleepysilvervgc's Sitrus Series #63 Top 4 Team,,sleepysilvervgc,,,,Delphoxite,,,Staraptite,,,Choice Scarf,,,Focus Sash,,,Black Glasses,,,Never-Melt Ice,,https://pokepast.es/8bc09492246db226,Yes,Extracted,✔,YRYU1TUSLG,18 Jun 2026,Sitrus Series #63,4th,https://x.com/sleepysilvervgc/status/2067463559307550806?s=46,-,-,sleepysilvervgc,,Delphox-Mega,Staraptor-Mega,Basculegion,Maushold-Four,Kingambit,Ninetales-Alola,,MB50
MB49,thenamesabe's Staraptor Malamar Team,,thenamesabe,,,,Malamarite,,,Staraptite,,,Focus Sash,,,Leftovers,,,Wise Glasses,,,Life Orb,,https://pokepast.es/5955add9b6744232,Yes,Extracted,✔,CL0BTPMAWC,18 Jun 2026,-,,https://x.com/TheNamesAbe/status/2067464082714771806,-,-,TheNamesAbe,,Malamar-Mega,Staraptor-Mega,Whimsicott,Sinistcha,Gholdengo,Garchomp,,MB49
MB48,DDee's Charizard-Y Gholdengo Team,,Michael Uko,,,,Charizardite Y,,,Sitrus Berry,,,Mystic Water,,,Focus Sash,,,Metal Coat,,,Life Orb,,https://pokepast.es/ed3fe39de27c125d,Yes,Extracted,✔,YAHK9LUP6U,18 Jun 2026,-,,https://x.com/ddee_ssbu/status/2067633625600790548?s=46,-,-,ddee_ssbu,,Charizard,Incineroar,Basculegion,Whimsicott,Gholdengo,Garchomp,,MB48
MB47,Tsubaki's Swampert Metagross Team,,Eisuke Nakayama,,,,Metagrossite,,,Swampertite,,,Focus Sash,,,Sitrus Berry,,,Light Clay,,,Leftovers,,https://pokepast.es/3566564355a9c340,Yes,Extracted,✔,8HYGG4ES8X,18 Jun 2026,-,,https://x.com/tsubakiandmeu02/status/2067569830916702561?s=46,-,-,tsubakiandmeu02,,Metagross-Mega,Swampert-Mega,Pelipper,Sinistcha,Grimmsnarl,Archaludon,,MB47
MB46,Gardevoir_3710's Eelektross Floette Team,,Gardevoir_3710,,,,Eelektrossite,,,Floettite,,,Sharp Beak,,,Focus Sash,,,Sitrus Berry,,,Life Orb,,https://pokepast.es/b43fcdd616938859,Yes,Extracted,✔,54CGV4LTJV,18 Jun 2026,-,,https://x.com/gardevoir_3710/status/2067602139384631480?s=46,-,-,gardevoir_3710,,Eelektross-Mega,Floette-Eternal-Mega,Talonflame,Basculegion,Farigiraf,Garchomp,,MB46
MB45,soramitu's Swampert Venusaur Team,,Yasuharu Shimizu,,,,Swampertite,,,Venusaurite,,,Mystic Water,,,Focus Sash,,,Light Clay,,,Leftovers,,https://pokepast.es/55202d22066302b9,Yes,Extracted,✔,FP5XGYJC2M,18 Jun 2026,-,,https://x.com/soramitu0322/status/2067577500818125200?s=46,-,-,soramitu0322,,Swampert-Mega,Venusaur-Mega,Basculegion-F,Pelipper,Sableye,Archaludon,,MB45
MB44,bomuburi's Staraptor Hawlucha Team,,bomuburi,,,,Hawluchanite,,,Staraptite,,,Chople Berry,,,Leftovers,,,Focus Sash,,,Light Clay,,https://pokepast.es/db633ee8920b42ac,Yes,Extracted,✔,RA0R52SJ2H,18 Jun 2026,-,,https://x.com/bomuburi/status/2067514055611601218?s=46,-,-,bomuburi,,Hawlucha-Mega,Staraptor-Mega,Incineroar,Snorlax,Sinistcha,Grimmsnarl,,MB44
MB43,grr301's Raichu-Y Staraptor Team,,grr301,,,,Staraptite,,,Raichunite Y,,,Sitrus Berry,,,Focus Sash,,,Light Clay,,,Life Orb,,https://pokepast.es/03e45771001c99e0,Yes,Extracted,✔,H06D8230TW,18 Jun 2026,-,,https://x.com/grr301/status/2067548565296079032?s=46,-,-,grr301,,Staraptor-Mega,Raichu-Mega-Y,Sinistcha,Aegislash,Grimmsnarl,Garchomp,,MB43
MB42,KitWiller's Staraptor Metagross Team,,Daniel Pioppi,,,,Metagrossite,,,Staraptite,,,Focus Sash,,,Choice Scarf,,,Fairy Feather,,,Sitrus Berry,,https://pokepast.es/5541ab5c62dfcffe,Yes,Extracted,✔,M11Q00D55V,18 Jun 2026,-,,https://x.com/kitwillervgc/status/2067561722844422417?s=46,-,-,kitwillervgc,,Metagross-Mega,Staraptor-Mega,Blaziken,Basculegion,Whimsicott,Garchomp,,MB42
MB41,starfish0206's Swampert Floette Team,,starfish0206,,,,Floettite,,,Swampertite,,,Sitrus Berry,,,Colbur Berry,,,Light Clay,,,Leftovers,,https://pokepast.es/07bc6c66206f7c06,Yes,Extracted,✔,RCB7CYCV02,18 Jun 2026,-,,https://x.com/starfish0206/status/2067563233486197096?s=46,-,-,starfish0206,,Floette-Eternal-Mega,Swampert-Mega,Pelipper,Sinistcha,Grimmsnarl,Archaludon,,MB41
MB40,Ruuto's Raichu-Y Gholdengo Team,,Ruuto,,,,Leftovers,,,Raichunite Y,,,Focus Sash,,,Sitrus Berry,,,Fairy Feather,,,Life Orb,,https://pokepast.es/acefffba8754e31b,Yes,Extracted,✔,G3H4LXEBAF,18 Jun 2026,-,,https://x.com/tbhla7130/status/2067593996009078853?s=46,-,-,tbhla7130,,Gyarados,Raichu-Mega-Y,Whimsicott,Gholdengo,Sylveon,Garchomp,,MB40
MB39,Q's Raichu-Y Staraptor Team,,Q,,,,Staraptite,,,Focus Sash,,,Raichunite Y,,,Kasib Berry,,,Leftovers,,,Light Clay,,https://pokepast.es/d1c83ee442a67e8c,Yes,Extracted,✔,RQ0P9631T4,18 Jun 2026,-,,https://x.com/q_vgc_poke0306/status/2067605092149371101?s=46,-,-,q_vgc_poke0306,,Staraptor-Mega,Pelipper,Raichu-Mega-Y,Sinistcha,Gholdengo,Grimmsnarl,,MB39
MB38,homura_kurenai_'s Swampert Venusaur Team,,homura_kurenai_,,,,Swampertite,,,Venusaurite,,,Sitrus Berry,,,Roseli Berry,,,Kasib Berry,,,Leftovers,,https://pokepast.es/6566afa4788066ab,Yes,Extracted,✔,XM2Q479C79,18 Jun 2026,-,,https://x.com/homura_kurenai_/status/2067602693447922042?s=46,-,-,homura_kurenai_,,Swampert-Mega,Venusaur-Mega,Pelipper,Sableye,Sinistcha,Archaludon,,MB38
MB37,mumemo's Malamar Grimmsnarl Team,,mumemo,,,,Malamarite,,,Focus Sash,,,White Herb,,,Sitrus Berry,,,Roseli Berry,,,Fairy Feather,,https://pokepast.es/31a1ce0b62719b67,Yes,Extracted,✔,W83BDNRED4,18 Jun 2026,-,,https://x.com/mumemo168/status/2067634748395311412?s=46,-,-,mumemo168,,Malamar-Mega,Basculegion,Sneasler,Sinistcha,Grimmsnarl,Sylveon,,MB37
MB36,Viera's Dragalge Eelektross Team,,Shoma Honami,,,,Dragalgite,,,Eelektrossite,,,Sitrus Berry,,,Coba Berry,,,Light Clay,,,Focus Sash,,https://pokepast.es/8972018ae6e0964d,Yes,Extracted,✔,1UH6QYA226,18 Jun 2026,-,,https://x.com/SHADEviera/status/2067587361912009029,-,-,SHADEviera,,Dragalge-Mega,Eelektross-Mega,Incineroar,Sinistcha,Grimmsnarl,Hydreigon,,MB36
MB35,zeen's Staraptor Grimmsnarl Team,,Shohei Kimura,,,,Staraptite,,,Choice Scarf,,,Sitrus Berry,,,Light Clay,,,Fairy Feather,,,Life Orb,,https://pokepast.es/9895f3ee4eb4a6ad,Yes,Extracted,✔,LYHCP78X4L,18 Jun 2026,-,,https://x.com/zeen172m/status/2067610388066402354?s=46,-,-,zeen172m,,Staraptor-Mega,Basculegion,Sinistcha,Grimmsnarl,Sylveon,Garchomp,,MB35
MB34,zeropoke_'s Raichu-Y Basculegion Team,,zeropoke_,,,,Life Orb,,,Raichunite Y,,,Black Glasses,,,Focus Sash,,,Fairy Feather,,,Choice Scarf,,https://pokepast.es/4018d6baeffb61a5,Yes,Extracted,✔,R8JBDA0SHQ,18 Jun 2026,-,,https://x.com/zeropoke_/status/2067483021515870314?s=46&t=WmXEnVa3rTSw0P9A0n6S3Q,-,-,zeropoke_,,Basculegion,Raichu-Mega-Y,Kingambit,Ninetales-Alola,Sylveon,Garchomp,,MB34
MB33,mikevgc's Metagross Eelektross Team,,mikevgc,,,,Eelektrossite,,,Metagrossite,,,Mystic Water,,,Focus Sash,,,Black Glasses,,,Sitrus Berry,,https://pokepast.es/612b99bb8f039b79,Yes,Extracted,✔,N69JY1VBTX,18 Jun 2026,-,,https://x.com/mikevgc/status/2067482644464484732?s=46&t=WmXEnVa3rTSw0P9A0n6S3Q,-,-,mikevgc,,Eelektross-Mega,Metagross-Mega,Basculegion,Whimsicott,Kingambit,Garchomp,,MB33
MB32,juniorcosas' Blaziken Metagross Team,,juniorcosas,,,,Blazikenite,,,Metagrossite,,,Sitrus Berry,,,Leftovers,,,Wide Lens,,,Life Orb,,https://pokepast.es/3acca0e632461b06,Yes,Extracted,✔,GG0FD1W5UX,18 Jun 2026,-,,https://x.com/juniorcosas/status/2067363436749586874?s=46&t=WmXEnVa3rTSw0P9A0n6S3Q,-,-,juniorcosas,,Blaziken-Mega,Metagross-Mega,Rotom-Heat,Milotic,Tsareena,Kingambit,,MB32
MB31,rennyvgc's Mawile Rain Team,,rennyvgc,,,,Mawilite,,,Focus Sash,,,Life Orb,,,Lum Berry,,,Kasib Berry,,,Leftovers,,https://pokepast.es/094699b7bea2a995,Yes,Extracted,✔,RV6V177D3H,18 Jun 2026,-,,https://x.com/rennyvgc/status/2067181646747758927?s=46&t=WmXEnVa3rTSw0P9A0n6S3Q,-,-,rennyvgc,,Mawile-Mega,Pelipper,Annihilape,Scrafty,Sinistcha,Archaludon,,MB31
MB30,spits25's Eelektross Ninetales-Alola Team,,spits25,,,,Eelektrossite,,,Sitrus Berry,,,Sharp Beak,,,Focus Sash,,,Choice Scarf,,,Life Orb,,https://pokepast.es/489f86fbe5ddd046,Yes,Extracted,✔,3YRU950MRY,18 Jun 2026,-,,https://x.com/spits25/status/2067444882273435828?s=46&t=WmXEnVa3rTSw0P9A0n6S3Q,-,-,spits25,,Eelektross-Mega,Incineroar,Talonflame,Kingambit,Ninetales-Alola,Garchomp,,MB30
MB29,all_riel's Milotic Gyarados Team,,all_riel,,,,Sitrus Berry,,,Focus Sash,,,Leftovers,,,Damp Rock,,,White Herb,,,Scope Lens,,https://pokepast.es/b5f440daee2fa103,Yes,Extracted,✔,XSNX818MAQ,18 Jun 2026,-,,https://x.com/all_riel/status/2067343557149524323?s=46&t=WmXEnVa3rTSw0P9A0n6S3Q,-,-,all_riel,,Azumarill,Gyarados,Milotic,Politoed,Dragonite,Garchomp,,MB29
MB28,danyul_yt's Swampert Venusaur Team,,danyul_yt,,,,Swampertite,,,Venusaurite,,,Sitrus Berry,,,Light Clay,,,Fairy Feather,,,Leftovers,,https://pokepast.es/edf426dd7b9685ce,Yes,Extracted,✔,7J6XYD9JYY,18 Jun 2026,-,,https://x.com/danyul_yt/status/2067394034184634440?s=46&t=WmXEnVa3rTSw0P9A0n6S3Q,-,-,danyul_yt,,Swampert-Mega,Venusaur-Mega,Pelipper,Sableye,Sylveon,Archaludon,,MB28
MB27,_miahlim_'s Swampert Floette Team,,_miahlim_,,,,Floettite,,,Swampertite,,,Choice Scarf,,,Sitrus Berry,,,Kasib Berry,,,Leftovers,,https://pokepast.es/2978fd0cf19ad035,Yes,Extracted,✔,HPKL0P8AEY,18 Jun 2026,-,,https://x.com/_miahlim_/status/2067427744858976579?s=12,-,-,_miahlim_,,Floette-Eternal-Mega,Swampert-Mega,Basculegion,Pelipper,Sinistcha,Archaludon,,MB27
MB26,DjSanders' Mawile Eelektross Team,,DjSanders,,,,Eelektrossite,,,Mawilite,,,Focus Sash,,,Sitrus Berry,,,Light Clay,,,Leftovers,,https://pokepast.es/f3098350696cf67a,Yes,Extracted,✔,467X3MXUXL,18 Jun 2026,-,,Discord Submission,-,-,DjSanders,,Eelektross-Mega,Mawile-Mega,Pelipper,Sinistcha,Grimmsnarl,Archaludon,,MB26
MB25,DjSanders' Mawile Swampert Team,,DjSanders,,,,Mawilite,,,Swampertite,,,Focus Sash,,,Poison Barb,,,Sitrus Berry,,,Leftovers,,https://pokepast.es/afe1c8adf111cb00,Yes,Extracted,✔,ABN0GDQ0DD,18 Jun 2026,-,,Discord Submission,-,-,DjSanders,,Mawile-Mega,Swampert-Mega,Pelipper,Overqwil,Sinistcha,Archaludon,,MB25
MB24,DjSanders' Pyroar Blastoise Team,,DjSanders,,,,Blastoisinite,,,Pyroarite,,,Charcoal,,,Choice Scarf,,,Focus Sash,,,Sitrus Berry,,https://pokepast.es/06fc71b671e3749b,Yes,Extracted,✔,1Q23EYBNN3,18 Jun 2026,-,,Discord Submission,-,-,DjSanders,,Blastoise-Mega,Pyroar-Mega,Torkoal,Annihilape,Whimsicott,Farigiraf,,MB24
MB23,DjSanders' Metagross Floette Team,,DjSanders,,,,Floettite,,,Metagrossite,,,Focus Sash,,,Leftovers,,,Kasib Berry,,,Sitrus Berry,,https://pokepast.es/6f623a3ed4a96420,Yes,Extracted,✔,C17T8575UU,18 Jun 2026,-,,Discord Submission,-,-,DjSanders,,Floette-Eternal-Mega,Metagross-Mega,Blaziken,Incineroar,Sinistcha,Orthworm,,MB23
MB22,DjSanders' Swampert Dragonite Team,,DjSanders,,,,Dragoninite,,,Swampertite,,,Focus Sash,,,Life Orb,,,Light Clay,,,Leftovers,,https://pokepast.es/9e5918deb7c840e2,Yes,Extracted,✔,50QAWKBVRX,18 Jun 2026,-,,Discord Submission,-,-,DjSanders,,Dragonite-Mega,Swampert-Mega,Pelipper,Overqwil,Grimmsnarl,Archaludon,,MB22
MB21,avalos_vgc's Staraptor Charizard-X Team,,avalos_vgc,,,,Staraptite,,,Charizardite X,,,Charcoal,,,Kasib Berry,,,Focus Sash,,,Iron Ball,,https://pokepast.es/9a74299ea2d0fd17,Yes,Extracted,✔,81S3QP20N4,18 Jun 2026,-,,https://x.com/avalos_vgc/status/2067397862284026109?s=46,-,-,avalos_vgc,,Staraptor-Mega,Charizard,Incineroar,Sinistcha,Kingambit,Grimmsnarl,,MB21
MB20,Riopaser's Staraptor Charizard-Y Team,,Eric Ríos,,,,Staraptite,,,Charizardite Y,,,Focus Sash,,,Choice Scarf,,,Fairy Feather,,,Life Orb,,https://pokepast.es/8d0847564965e84b,Yes,Extracted,✔,JRDLKRSFLV,18 Jun 2026,-,,https://x.com/riopaser/status/2067364647049539632?s=46&t=WmXEnVa3rTSw0P9A0n6S3Q,-,-,riopaser,,Staraptor-Mega,Charizard,Raichu,Gholdengo,Sylveon,Garchomp,,MB20
MB19,dyeittight's Eelektross Grimmsnarl Team,,dyeittight,,,,Eelektrossite,,,Focus Sash,,,White Herb,,,Life Orb,,,Black Glasses,,,Light Clay,,https://pokepast.es/aa88e00c2145ca46,Yes,Extracted,✔,CNL0TGDGT1,18 Jun 2026,-,,https://x.com/dyeittight/status/2067347863747625470?s=46&t=WmXEnVa3rTSw0P9A0n6S3Q,-,-,dyeittight,,Eelektross-Mega,Aerodactyl,Sneasler,Gholdengo,Kingambit,Grimmsnarl,,MB19
MB18,Emir's Sceptile Floette Team,,Emir Abdulovski,,,,Floettite,,,Sceptilite,,,Choice Scarf,,,Sitrus Berry,,,Focus Sash,,,Life Orb,,https://pokepast.es/c5d0fbf21d41ef07,Yes,Extracted,✔,FNKRKBMP98,18 Jun 2026,-,,https://x.com/emirnent/status/2067310728315343275?s=46&t=WmXEnVa3rTSw0P9A0n6S3Q,-,-,emirnent,,Floette-Eternal-Mega,Sceptile-Mega,Rotom-Heat,Basculegion,Aerodactyl,Garchomp,,MB18
MB17,jortchamp's Pyroar Mimikyu Team,,jortchamp,,,,Dragoninite,,,Pyroarite,,,Charcoal,,,Focus Sash,,,Black Glasses,,,Life Orb,,https://pokepast.es/f1febbff465b893b,Yes,Extracted,✔,QC5A0L6VC1,18 Jun 2026,-,,https://x.com/jortchamp/status/2067351983170691181?s=46&t=WmXEnVa3rTSw0P9A0n6S3Q,-,-,jortchamp,,Dragonite-Mega,Pyroar-Mega,Torkoal,Sneasler,Kingambit,Mimikyu,,MB17
MB16,Yunittoyuni's Scrafty Kangaskhan Team,,Yuma Suzuki,,,,Kangaskhanite,,,Scraftinite,,,Life Orb,,,Focus Sash,,,Sitrus Berry,,,Fairy Feather,,https://pokepast.es/2e90fb22f88aa3a1,Yes,Extracted,✔,2SFRD36A9U,18 Jun 2026,-,,https://x.com/yunittoyuni/status/2067247435777540333?s=46&t=WmXEnVa3rTSw0P9A0n6S3Q,-,-,yunittoyuni,,Kangaskhan-Mega,Scrafty-Mega,Torkoal,Basculegion,Farigiraf,Sylveon,,MB16
MB15,Sole Survivor's Raichu-X Metagross Team,,Sole Survivor,,,,Metagrossite,,,Passho Berry,,,Choice Scarf,,,Focus Sash,,,Light Clay,,,Leftovers,,https://pokepast.es/38f1bb02244ae086,Yes,Extracted,✔,WL4L7QDKNU,18 Jun 2026,-,,https://x.com/solesurvivorvgc/status/2067250632847729130?s=46&t=WmXEnVa3rTSw0P9A0n6S3Q,-,-,solesurvivorvgc,,Metagross-Mega,Incineroar,Basculegion,Pelipper,Klefki,Archaludon,,MB15
MB14,homura_kurenai_'s Staraptor Floette Team,,homura_kurenai_,,,,Floettite,,,Staraptite,,,Passho Berry,,,Focus Sash,,,Choice Scarf,,,Sitrus Berry,,https://pokepast.es/2cad2186a0a4f76a,Yes,Extracted,✔,V0ER6HM3TT,18 Jun 2026,-,,https://x.com/homura_kurenai_/status/2067238732932288641?s=46&t=WmXEnVa3rTSw0P9A0n6S3Q,-,-,homura_kurenai_,,Floette-Eternal-Mega,Staraptor-Mega,Incineroar,Excadrill,Tyranitar,Sinistcha,,MB14
MB13,Kaguya's Mawile Swampert Team,,Blake Falls,,,,Mawilite,,,Swampertite,,,Passho Berry,,,White Herb,,,Roseli Berry,,,Colbur Berry,,https://pokepast.es/cf711e052f60289c,Yes,Extracted,✔,9EAKRL4S31,18 Jun 2026,-,,https://x.com/kaguyafalls/status/2067305246620082224?s=46&t=WmXEnVa3rTSw0P9A0n6S3Q,-,-,kaguyafalls,,Mawile-Mega,Swampert-Mega,Incineroar,Sneasler,Sableye,Farigiraf,,MB13
MB12,cona's Swampert Sinistcha Team,,Hiroshi Onishi,,,,Floettite,,,Swampertite,,,Sitrus Berry,,,Coba Berry,,,Roseli Berry,,,Leftovers,,https://pokepast.es/ba026f920b82ccdc,Yes,Extracted,✔,QHD5G96SVD,18 Jun 2026,-,,https://x.com/cona_5757/status/2067280087603630532,-,-,cona_5757,,Floette-Eternal-Mega,Swampert-Mega,Pelipper,Sinistcha,Grimmsnarl,Archaludon,,MB12
MB11,Sarapoke0914's Swampert Metagross Team,,Sarapoke0914,,,,Metagrossite,,,Swampertite,,,Sitrus Berry,,,Coba Berry,,,Leftovers,,,Choice Scarf,,https://pokepast.es/3bcfb05f098f56a3,Yes,Extracted,✔,0MVVS1S4HQ,18 Jun 2026,-,,https://x.com/sarapoke0914/status/2067283207998046548?s=46&t=WmXEnVa3rTSw0P9A0n6S3Q,-,-,sarapoke0914,,Metagross-Mega,Swampert-Mega,Pelipper,Sinistcha,Archaludon,Hydreigon,,MB11
MB10,ChyrWill's Metagross Rotom-Wash Team,,Chyr Wei,,,,Floettite,,,Metagrossite,,,Sitrus Berry,,,Choice Scarf,,,Focus Sash,,,Occa Berry,,https://pokepast.es/f1d48d777a0bb3e9,Yes,Extracted,✔,8JAYA3J7QC,18 Jun 2026,-,,https://x.com/chyrwill/status/2067294975046606943?s=46&t=WmXEnVa3rTSw0P9A0n6S3Q,-,-,chyrwill,,Floette-Eternal-Mega,Metagross-Mega,Incineroar,Rotom-Wash,Sneasler,Sinistcha,,MB10
MB9,LenVGC's Swampert Archaludon Team,,Alex Soto,,,,Swampertite,,,Sitrus Berry,,,Focus Sash,,,Light Clay,,,Kasib Berry,,,Leftovers,,https://pokepast.es/51792004a16a02ce,Yes,Extracted,✔,W8N4QMGSRJ,18 Jun 2026,-,,https://x.com/lenvgc/status/2067292895946637691?s=46&t=WmXEnVa3rTSw0P9A0n6S3Q,-,-,lenvgc,,Swampert-Mega,Pelipper,Sneasler,Sableye,Sinistcha,Archaludon,,MB9
MB8,MemeGuy924's Metagross Floette Team,,MemeGuy924,,,,Floettite,,,Metagrossite,,,Sitrus Berry,,,Focus Sash,,,Kasib Berry,,,Choice Scarf,,https://pokepast.es/5b203a397256d099,Yes,Owner's,X,None,18 Jun 2026,-,,https://x.com/MemeGuy924/status/2067299379216539835,-,-,MemeGuy924,,Floette-Mega,Metagross-Mega,Incineroar,Aerodactyl,Sinistcha,Garchomp,,MB8
MB7,Maxime Solemn's Raichu-Y Staraptor Team,,Maxime Solemn,,,,Staraptite,,,Sitrus Berry,,,Choice Scarf,,,Raichunite Y,,,Colbur Berry,,,Life Orb,,https://pokepast.es/f872755d92ef085d,Yes,Extracted,✔,KUTGLYPD6F,17 Jun 2026,-,,https://x.com/maximesolemn/status/2067267502984380588?s=46&t=WmXEnVa3rTSw0P9A0n6S3Q,-,-,maximesolemn,,Staraptor-Mega,Incineroar,Basculegion,Raichu-Mega-Y,Sinistcha,Garchomp,,MB7
MB6,luixens' Staraptor Delphox Team,,luixens,,,,Delphoxite,,,Staraptite,,,Sitrus Berry,,,Kasib Berry,,,Chople Berry,,,Light Clay,,https://pokepast.es/1fbaa3ff350d6db8,Yes,Extracted,✔,UQLVFYJMQA,17 Jun 2026,-,,https://x.com/luixens/status/2067263568333176864?s=46&t=WmXEnVa3rTSw0P9A0n6S3Q,-,-,luixens,,Delphox-Mega,Staraptor-Mega,Incineroar,Sinistcha,Kingambit,Grimmsnarl,,MB6
MB5,tyo's Raichu-Y Ditto Team,,Nikhil Reddy,,,,Staraptite,,,Mystic Water,,,Raichunite Y,,,Quick Claw,,,Focus Sash,,,Choice Scarf,,https://pokepast.es/855f0c1126bf690a,Yes,Extracted,✔,0D7P2BD48C,17 Jun 2026,-,,https://x.com/raisedintyo/status/2067237887251546579?s=46&t=WmXEnVa3rTSw0P9A0n6S3Q,-,-,raisedintyo,,Staraptor-Mega,Basculegion,Raichu-Mega-Y,Ditto,Whimsicott,Gholdengo,,MB5
MB4,Xeno's Staraptor Whimsicott Team,,Eden Batchelor,,,,Staraptite,,,Life Orb,,,Focus Sash,,,Fairy Feather,,,Chople Berry,,,Sitrus Berry,,https://pokepast.es/4b6ce41a1fbe4df0,Yes,Extracted,✔,N4ETMM4WWH,17 Jun 2026,-,,https://x.com/xenovgc/status/2067258428955689248?s=46&t=WmXEnVa3rTSw0P9A0n6S3Q,-,-,xenovgc,,Staraptor-Mega,Basculegion,Glimmora,Whimsicott,Kingambit,Garchomp,,MB4
MB3,rizckyryu's Swampert Gardevoir Team,,rizckyryu,,,,Gardevoirite,,,Swampertite,,,Sitrus Berry,,,Focus Sash,,,Kasib Berry,,,Chople Berry,,https://pokepast.es/cc6423186361eb28,Yes,Extracted,✔,RSJUVMNR3D,17 Jun 2026,-,,https://x.com/rizckyryu/status/2067186870736601573?s=46&t=WmXEnVa3rTSw0P9A0n6S3Q,-,-,rizckyryu,,Gardevoir-Mega,Swampert-Mega,Incineroar,Pelipper,Sinistcha,Kingambit,,MB3
MB2,yuki_pkmon's Swampert Grimmsnarl Team,,yuki_pkmon,,,,Dragoninite,,,Swampertite,,,Life Orb,,,Sitrus Berry,,,Leftovers,,,Light Clay,,https://pokepast.es/285c108182d37a57,Yes,Extracted,✔,YXDG3R6HKF,17 Jun 2026,-,,https://x.com/yuki_pkmon/status/2067215157529641289,-,-,yuki_pkmon,,Dragonite-Mega,Swampert-Mega,Basculegion,Pelipper,Corviknight,Grimmsnarl,,MB2
MB1,DragonairJordan's Staraptor Tyranitar Team,,Elijah Gardner,,,,Staraptite,,,Tyranitarite,,,Choice Scarf,,,Shuca Berry,,,Focus Sash,,,Sitrus Berry,,https://pokepast.es/597cbdbdcd0338da,Yes,Extracted,✔,3GETRUT1DE,17 Jun 2026,Video,,https://x.com/DragonairJ/status/2067137735127642330?s=20,https://youtu.be/FHBT3kZwXdk?si=-2VNkIS0Zu3XCJbu,-,DragonairJ,,Staraptor-Mega,Tyranitar-Mega,Basculegion,Raichu,Excadrill,Sinistcha,,MB1
